19:19:09 INFO arm eps=0.0                    rep  1/100 det=False t=180
19:19:09 INFO arm eps=0.0                    rep  2/100 det=True t=105
19:19:10 INFO arm eps=0.0                    rep  3/100 det=False t=180
19:19:11 INFO arm eps=0.0                    rep  4/100 det=False t=180
19:19:11 INFO arm eps=0.0                    rep  5/100 det=False t=180
19:19:12 INFO arm eps=0.0                    rep  6/100 det=False t=180
19:19:13 INFO arm eps=0.0                    rep  7/100 det=False t=180
19:19:14 INFO arm eps=0.0                    rep  8/100 det=False t=180
19:19:14 INFO arm eps=0.0                    rep  9/100 det=False t=180
19:19:15 INFO arm eps=0.0                    rep 10/100 det=False t=180
19:19:16 INFO arm eps=0.0                    rep 11/100 det=False t=180
19:19:17 INFO arm eps=0.0                    rep 12/100 det=False t=180
19:19:17 INFO arm eps=0.0                    rep 13/100 det=False t=180
19:19:18 INFO arm eps=0.0                    rep 14/100 det=False t=180
19:19:19 INFO arm eps=0.0                    rep 15/100 det=False t=180
19:19:20 INFO arm eps=0.0                    rep 16/100 det=False t=180
19:19:20 INFO arm eps=0.0                    rep 17/100 det=False t=180
19:19:21 INFO arm eps=0.0                    rep 18/100 det=False t=180
19:19:22 INFO arm eps=0.0                    rep 19/100 det=True t=107
19:19:23 INFO arm eps=0.0                    rep 20/100 det=False t=180
19:19:23 INFO arm eps=0.0                    rep 21/100 det=False t=180
19:19:24 INFO arm eps=0.0                    rep 22/100 det=True t=149
19:19:25 INFO arm eps=0.0                    rep 23/100 det=False t=180
19:19:26 INFO arm eps=0.0                    rep 24/100 det=False t=180
19:19:26 INFO arm eps=0.0                    rep 25/100 det=True t=69
19:19:27 INFO arm eps=0.0                    rep 26/100 det=False t=180
19:19:28 INFO arm eps=0.0                    rep 27/100 det=False t=180
19:19:28 INFO arm eps=0.0                    rep 28/100 det=False t=180
19:19:29 INFO arm eps=0.0                    rep 29/100 det=False t=180
19:19:29 INFO arm eps=0.0                    rep 30/100 det=False t=180
19:19:30 INFO arm eps=0.0                    rep 31/100 det=False t=180
19:19:31 INFO arm eps=0.0                    rep 32/100 det=False t=180
19:19:31 INFO arm eps=0.0                    rep 33/100 det=True t=28
19:19:32 INFO arm eps=0.0                    rep 34/100 det=False t=180
19:19:32 INFO arm eps=0.0                    rep 35/100 det=False t=180
19:19:33 INFO arm eps=0.0                    rep 36/100 det=False t=180
19:19:34 INFO arm eps=0.0                    rep 37/100 det=False t=180
19:19:35 INFO arm eps=0.0                    rep 38/100 det=False t=180
19:19:35 INFO arm eps=0.0                    rep 39/100 det=False t=180
19:19:36 INFO arm eps=0.0                    rep 40/100 det=False t=180
19:19:37 INFO arm eps=0.0                    rep 41/100 det=False t=180
19:19:38 INFO arm eps=0.0                    rep 42/100 det=False t=180
19:19:38 INFO arm eps=0.0                    rep 43/100 det=False t=180
19:19:39 INFO arm eps=0.0                    rep 44/100 det=False t=180
19:19:40 INFO arm eps=0.0                    rep 45/100 det=False t=180
19:19:41 INFO arm eps=0.0                    rep 46/100 det=False t=180
19:19:41 INFO arm eps=0.0                    rep 47/100 det=False t=180
19:19:42 INFO arm eps=0.0                    rep 48/100 det=False t=180
19:19:43 INFO arm eps=0.0                    rep 49/100 det=False t=180
19:19:44 INFO arm eps=0.0                    rep 50/100 det=False t=180
19:19:44 INFO arm eps=0.0                    rep 51/100 det=False t=180
19:19:45 INFO arm eps=0.0                    rep 52/100 det=False t=180
19:19:46 INFO arm eps=0.0                    rep 53/100 det=False t=180
19:19:46 INFO arm eps=0.0                    rep 54/100 det=False t=180
19:19:47 INFO arm eps=0.0                    rep 55/100 det=False t=180
19:19:48 INFO arm eps=0.0                    rep 56/100 det=False t=180
19:19:49 INFO arm eps=0.0                    rep 57/100 det=False t=180
19:19:49 INFO arm eps=0.0                    rep 58/100 det=False t=180
19:19:50 INFO arm eps=0.0                    rep 59/100 det=False t=180
19:19:50 INFO arm eps=0.0                    rep 60/100 det=True t=136
19:19:51 INFO arm eps=0.0                    rep 61/100 det=False t=180
19:19:52 INFO arm eps=0.0                    rep 62/100 det=False t=180
19:19:52 INFO arm eps=0.0                    rep 63/100 det=True t=4
19:19:52 INFO arm eps=0.0                    rep 64/100 det=False t=180
19:19:53 INFO arm eps=0.0                    rep 65/100 det=False t=180
19:19:54 INFO arm eps=0.0                    rep 66/100 det=False t=180
19:19:54 INFO arm eps=0.0                    rep 67/100 det=False t=180
19:19:55 INFO arm eps=0.0                    rep 68/100 det=False t=180
19:19:56 INFO arm eps=0.0                    rep 69/100 det=True t=106
19:19:56 INFO arm eps=0.0                    rep 70/100 det=False t=180
19:19:57 INFO arm eps=0.0                    rep 71/100 det=False t=180
19:19:58 INFO arm eps=0.0                    rep 72/100 det=False t=180
19:19:59 INFO arm eps=0.0                    rep 73/100 det=False t=180
19:19:59 INFO arm eps=0.0                    rep 74/100 det=False t=180
19:20:00 INFO arm eps=0.0                    rep 75/100 det=False t=180
19:20:00 INFO arm eps=0.0                    rep 76/100 det=False t=180
19:20:01 INFO arm eps=0.0                    rep 77/100 det=False t=180
19:20:02 INFO arm eps=0.0                    rep 78/100 det=False t=180
19:20:02 INFO arm eps=0.0                    rep 79/100 det=False t=180
19:20:03 INFO arm eps=0.0                    rep 80/100 det=False t=180
19:20:03 INFO arm eps=0.0                    rep 81/100 det=False t=180
19:20:04 INFO arm eps=0.0                    rep 82/100 det=True t=130
19:20:05 INFO arm eps=0.0                    rep 83/100 det=False t=180
19:20:06 INFO arm eps=0.0                    rep 84/100 det=False t=180
19:20:06 INFO arm eps=0.0                    rep 85/100 det=True t=167
19:20:07 INFO arm eps=0.0                    rep 86/100 det=False t=180
19:20:08 INFO arm eps=0.0                    rep 87/100 det=False t=180
19:20:08 INFO arm eps=0.0                    rep 88/100 det=False t=180
19:20:09 INFO arm eps=0.0                    rep 89/100 det=True t=40
19:20:10 INFO arm eps=0.0                    rep 90/100 det=False t=180
19:20:10 INFO arm eps=0.0                    rep 91/100 det=False t=180
19:20:11 INFO arm eps=0.0                    rep 92/100 det=False t=180
19:20:12 INFO arm eps=0.0                    rep 93/100 det=False t=180
19:20:13 INFO arm eps=0.0                    rep 94/100 det=False t=180
19:20:13 INFO arm eps=0.0                    rep 95/100 det=False t=180
19:20:14 INFO arm eps=0.0                    rep 96/100 det=False t=180
19:20:14 INFO arm eps=0.0                    rep 97/100 det=True t=13
19:20:15 INFO arm eps=0.0                    rep 98/100 det=False t=180
19:20:16 INFO arm eps=0.0                    rep 99/100 det=False t=180
19:20:16 INFO arm eps=0.0                    rep 100/100 det=False t=180
19:20:17 INFO arm eps=0.1                    rep  1/100 det=False t=180
19:20:18 INFO arm eps=0.1                    rep  2/100 det=False t=180
19:20:19 INFO arm eps=0.1                    rep  3/100 det=False t=180
19:20:19 INFO arm eps=0.1                    rep  4/100 det=False t=180
19:20:20 INFO arm eps=0.1                    rep  5/100 det=False t=180
19:20:21 INFO arm eps=0.1                    rep  6/100 det=False t=180
19:20:21 INFO arm eps=0.1                    rep  7/100 det=False t=180
19:20:21 INFO arm eps=0.1                    rep  8/100 det=True t=50
19:20:22 INFO arm eps=0.1                    rep  9/100 det=False t=180
19:20:23 INFO arm eps=0.1                    rep 10/100 det=False t=180
19:20:24 INFO arm eps=0.1                    rep 11/100 det=False t=180
19:20:24 INFO arm eps=0.1                    rep 12/100 det=False t=180
19:20:25 INFO arm eps=0.1                    rep 13/100 det=False t=180
19:20:25 INFO arm eps=0.1                    rep 14/100 det=True t=110
19:20:26 INFO arm eps=0.1                    rep 15/100 det=False t=180
19:20:27 INFO arm eps=0.1                    rep 16/100 det=False t=180
19:20:27 INFO arm eps=0.1                    rep 17/100 det=False t=180
19:20:28 INFO arm eps=0.1                    rep 18/100 det=False t=180
19:20:29 INFO arm eps=0.1                    rep 19/100 det=True t=105
19:20:29 INFO arm eps=0.1                    rep 20/100 det=False t=180
19:20:30 INFO arm eps=0.1                    rep 21/100 det=False t=180
19:20:31 INFO arm eps=0.1                    rep 22/100 det=False t=180
19:20:31 INFO arm eps=0.1                    rep 23/100 det=False t=180
19:20:32 INFO arm eps=0.1                    rep 24/100 det=False t=180
19:20:33 INFO arm eps=0.1                    rep 25/100 det=True t=66
19:20:33 INFO arm eps=0.1                    rep 26/100 det=True t=96
19:20:34 INFO arm eps=0.1                    rep 27/100 det=False t=180
19:20:35 INFO arm eps=0.1                    rep 28/100 det=False t=180
19:20:35 INFO arm eps=0.1                    rep 29/100 det=False t=180
19:20:36 INFO arm eps=0.1                    rep 30/100 det=False t=180
19:20:37 INFO arm eps=0.1                    rep 31/100 det=False t=180
19:20:38 INFO arm eps=0.1                    rep 32/100 det=False t=180
19:20:38 INFO arm eps=0.1                    rep 33/100 det=False t=180
19:20:39 INFO arm eps=0.1                    rep 34/100 det=False t=180
19:20:39 INFO arm eps=0.1                    rep 35/100 det=False t=180
19:20:40 INFO arm eps=0.1                    rep 36/100 det=False t=180
19:20:41 INFO arm eps=0.1                    rep 37/100 det=False t=180
19:20:42 INFO arm eps=0.1                    rep 38/100 det=False t=180
19:20:42 INFO arm eps=0.1                    rep 39/100 det=False t=180
19:20:43 INFO arm eps=0.1                    rep 40/100 det=False t=180
19:20:44 INFO arm eps=0.1                    rep 41/100 det=False t=180
19:20:45 INFO arm eps=0.1                    rep 42/100 det=False t=180
19:20:45 INFO arm eps=0.1                    rep 43/100 det=False t=180
19:20:46 INFO arm eps=0.1                    rep 44/100 det=False t=180
19:20:47 INFO arm eps=0.1                    rep 45/100 det=False t=180
19:20:48 INFO arm eps=0.1                    rep 46/100 det=False t=180
19:20:48 INFO arm eps=0.1                    rep 47/100 det=False t=180
19:20:49 INFO arm eps=0.1                    rep 48/100 det=False t=180
19:20:50 INFO arm eps=0.1                    rep 49/100 det=False t=180
19:20:50 INFO arm eps=0.1                    rep 50/100 det=True t=96
19:20:51 INFO arm eps=0.1                    rep 51/100 det=False t=180
19:20:51 INFO arm eps=0.1                    rep 52/100 det=False t=180
19:20:52 INFO arm eps=0.1                    rep 53/100 det=True t=170
19:20:53 INFO arm eps=0.1                    rep 54/100 det=False t=180
19:20:54 INFO arm eps=0.1                    rep 55/100 det=False t=180
19:20:54 INFO arm eps=0.1                    rep 56/100 det=False t=180
19:20:55 INFO arm eps=0.1                    rep 57/100 det=False t=180
19:20:56 INFO arm eps=0.1                    rep 58/100 det=False t=180
19:20:56 INFO arm eps=0.1                    rep 59/100 det=False t=180
19:20:57 INFO arm eps=0.1                    rep 60/100 det=False t=180
19:20:57 INFO arm eps=0.1                    rep 61/100 det=False t=180
19:20:58 INFO arm eps=0.1                    rep 62/100 det=False t=180
19:20:58 INFO arm eps=0.1                    rep 63/100 det=True t=11
19:20:59 INFO arm eps=0.1                    rep 64/100 det=False t=180
19:20:59 INFO arm eps=0.1                    rep 65/100 det=False t=180
19:21:00 INFO arm eps=0.1                    rep 66/100 det=False t=180
19:21:00 INFO arm eps=0.1                    rep 67/100 det=False t=180
19:21:01 INFO arm eps=0.1                    rep 68/100 det=False t=180
19:21:02 INFO arm eps=0.1                    rep 69/100 det=True t=80
19:21:02 INFO arm eps=0.1                    rep 70/100 det=False t=180
19:21:03 INFO arm eps=0.1                    rep 71/100 det=False t=180
19:21:04 INFO arm eps=0.1                    rep 72/100 det=False t=180
19:21:04 INFO arm eps=0.1                    rep 73/100 det=False t=180
19:21:05 INFO arm eps=0.1                    rep 74/100 det=False t=180
19:21:05 INFO arm eps=0.1                    rep 75/100 det=False t=180
19:21:06 INFO arm eps=0.1                    rep 76/100 det=False t=180
19:21:07 INFO arm eps=0.1                    rep 77/100 det=True t=166
19:21:07 INFO arm eps=0.1                    rep 78/100 det=False t=180
19:21:08 INFO arm eps=0.1                    rep 79/100 det=False t=180
19:21:08 INFO arm eps=0.1                    rep 80/100 det=False t=180
19:21:09 INFO arm eps=0.1                    rep 81/100 det=False t=180
19:21:10 INFO arm eps=0.1                    rep 82/100 det=True t=136
19:21:11 INFO arm eps=0.1                    rep 83/100 det=True t=102
19:21:12 INFO arm eps=0.1                    rep 84/100 det=False t=180
19:21:12 INFO arm eps=0.1                    rep 85/100 det=True t=94
19:21:13 INFO arm eps=0.1                    rep 86/100 det=False t=180
19:21:14 INFO arm eps=0.1                    rep 87/100 det=False t=180
19:21:15 INFO arm eps=0.1                    rep 88/100 det=False t=180
19:21:16 INFO arm eps=0.1                    rep 89/100 det=False t=180
19:21:17 INFO arm eps=0.1                    rep 90/100 det=False t=180
19:21:17 INFO arm eps=0.1                    rep 91/100 det=False t=180
19:21:18 INFO arm eps=0.1                    rep 92/100 det=False t=180
19:21:19 INFO arm eps=0.1                    rep 93/100 det=False t=180
19:21:20 INFO arm eps=0.1                    rep 94/100 det=False t=180
19:21:21 INFO arm eps=0.1                    rep 95/100 det=False t=180
19:21:21 INFO arm eps=0.1                    rep 96/100 det=False t=180
19:21:22 INFO arm eps=0.1                    rep 97/100 det=True t=11
19:21:22 INFO arm eps=0.1                    rep 98/100 det=False t=180
19:21:23 INFO arm eps=0.1                    rep 99/100 det=False t=180
19:21:23 INFO arm eps=0.1                    rep 100/100 det=False t=180
19:21:24 INFO arm eps=0.2                    rep  1/100 det=False t=180
19:21:25 INFO arm eps=0.2                    rep  2/100 det=False t=180
19:21:25 INFO arm eps=0.2                    rep  3/100 det=False t=180
19:21:26 INFO arm eps=0.2                    rep  4/100 det=False t=180
19:21:27 INFO arm eps=0.2                    rep  5/100 det=False t=180
19:21:28 INFO arm eps=0.2                    rep  6/100 det=False t=180
19:21:28 INFO arm eps=0.2                    rep  7/100 det=False t=180
19:21:29 INFO arm eps=0.2                    rep  8/100 det=True t=50
19:21:29 INFO arm eps=0.2                    rep  9/100 det=False t=180
19:21:30 INFO arm eps=0.2                    rep 10/100 det=True t=88
19:21:31 INFO arm eps=0.2                    rep 11/100 det=False t=180
19:21:31 INFO arm eps=0.2                    rep 12/100 det=False t=180
19:21:32 INFO arm eps=0.2                    rep 13/100 det=False t=180
19:21:32 INFO arm eps=0.2                    rep 14/100 det=True t=81
19:21:33 INFO arm eps=0.2                    rep 15/100 det=False t=180
19:21:33 INFO arm eps=0.2                    rep 16/100 det=False t=180
19:21:34 INFO arm eps=0.2                    rep 17/100 det=False t=180
19:21:35 INFO arm eps=0.2                    rep 18/100 det=False t=180
19:21:36 INFO arm eps=0.2                    rep 19/100 det=False t=180
19:21:36 INFO arm eps=0.2                    rep 20/100 det=False t=180
19:21:37 INFO arm eps=0.2                    rep 21/100 det=False t=180
19:21:38 INFO arm eps=0.2                    rep 22/100 det=False t=180
19:21:38 INFO arm eps=0.2                    rep 23/100 det=False t=180
19:21:39 INFO arm eps=0.2                    rep 24/100 det=False t=180
19:21:40 INFO arm eps=0.2                    rep 25/100 det=True t=92
19:21:40 INFO arm eps=0.2                    rep 26/100 det=False t=180
19:21:41 INFO arm eps=0.2                    rep 27/100 det=False t=180
19:21:42 INFO arm eps=0.2                    rep 28/100 det=False t=180
19:21:43 INFO arm eps=0.2                    rep 29/100 det=False t=180
19:21:43 INFO arm eps=0.2                    rep 30/100 det=False t=180
19:21:44 INFO arm eps=0.2                    rep 31/100 det=False t=180
19:21:45 INFO arm eps=0.2                    rep 32/100 det=False t=180
19:21:45 INFO arm eps=0.2                    rep 33/100 det=False t=180
19:21:46 INFO arm eps=0.2                    rep 34/100 det=False t=180
19:21:46 INFO arm eps=0.2                    rep 35/100 det=False t=180
19:21:47 INFO arm eps=0.2                    rep 36/100 det=False t=180
19:21:48 INFO arm eps=0.2                    rep 37/100 det=True t=82
19:21:49 INFO arm eps=0.2                    rep 38/100 det=False t=180
19:21:49 INFO arm eps=0.2                    rep 39/100 det=False t=180
19:21:50 INFO arm eps=0.2                    rep 40/100 det=False t=180
19:21:51 INFO arm eps=0.2                    rep 41/100 det=False t=180
19:21:52 INFO arm eps=0.2                    rep 42/100 det=False t=180
19:21:52 INFO arm eps=0.2                    rep 43/100 det=True t=137
19:21:53 INFO arm eps=0.2                    rep 44/100 det=True t=115
19:21:54 INFO arm eps=0.2                    rep 45/100 det=False t=180
19:21:55 INFO arm eps=0.2                    rep 46/100 det=False t=180
19:21:55 INFO arm eps=0.2                    rep 47/100 det=False t=180
19:21:56 INFO arm eps=0.2                    rep 48/100 det=False t=180
19:21:57 INFO arm eps=0.2                    rep 49/100 det=False t=180
19:21:58 INFO arm eps=0.2                    rep 50/100 det=False t=180
19:21:58 INFO arm eps=0.2                    rep 51/100 det=False t=180
19:21:59 INFO arm eps=0.2                    rep 52/100 det=False t=180
19:21:59 INFO arm eps=0.2                    rep 53/100 det=False t=180
19:22:00 INFO arm eps=0.2                    rep 54/100 det=False t=180
19:22:01 INFO arm eps=0.2                    rep 55/100 det=False t=180
19:22:01 INFO arm eps=0.2                    rep 56/100 det=False t=180
19:22:02 INFO arm eps=0.2                    rep 57/100 det=False t=180
19:22:03 INFO arm eps=0.2                    rep 58/100 det=True t=102
19:22:03 INFO arm eps=0.2                    rep 59/100 det=False t=180
19:22:04 INFO arm eps=0.2                    rep 60/100 det=False t=180
19:22:04 INFO arm eps=0.2                    rep 61/100 det=False t=180
19:22:05 INFO arm eps=0.2                    rep 62/100 det=False t=180
19:22:05 INFO arm eps=0.2                    rep 63/100 det=True t=8
19:22:06 INFO arm eps=0.2                    rep 64/100 det=False t=180
19:22:06 INFO arm eps=0.2                    rep 65/100 det=False t=180
19:22:07 INFO arm eps=0.2                    rep 66/100 det=False t=180
19:22:08 INFO arm eps=0.2                    rep 67/100 det=False t=180
19:22:08 INFO arm eps=0.2                    rep 68/100 det=False t=180
19:22:09 INFO arm eps=0.2                    rep 69/100 det=True t=76
19:22:09 INFO arm eps=0.2                    rep 70/100 det=False t=180
19:22:10 INFO arm eps=0.2                    rep 71/100 det=False t=180
19:22:11 INFO arm eps=0.2                    rep 72/100 det=False t=180
19:22:11 INFO arm eps=0.2                    rep 73/100 det=False t=180
19:22:12 INFO arm eps=0.2                    rep 74/100 det=False t=180
19:22:13 INFO arm eps=0.2                    rep 75/100 det=False t=180
19:22:13 INFO arm eps=0.2                    rep 76/100 det=False t=180
19:22:14 INFO arm eps=0.2                    rep 77/100 det=True t=135
19:22:15 INFO arm eps=0.2                    rep 78/100 det=False t=180
19:22:15 INFO arm eps=0.2                    rep 79/100 det=False t=180
19:22:16 INFO arm eps=0.2                    rep 80/100 det=False t=180
19:22:17 INFO arm eps=0.2                    rep 81/100 det=False t=180
19:22:17 INFO arm eps=0.2                    rep 82/100 det=False t=180
19:22:18 INFO arm eps=0.2                    rep 83/100 det=True t=66
19:22:19 INFO arm eps=0.2                    rep 84/100 det=False t=180
19:22:20 INFO arm eps=0.2                    rep 85/100 det=False t=180
19:22:20 INFO arm eps=0.2                    rep 86/100 det=False t=180
19:22:21 INFO arm eps=0.2                    rep 87/100 det=False t=180
19:22:22 INFO arm eps=0.2                    rep 88/100 det=False t=180
19:22:22 INFO arm eps=0.2                    rep 89/100 det=True t=8
19:22:23 INFO arm eps=0.2                    rep 90/100 det=False t=180
19:22:23 INFO arm eps=0.2                    rep 91/100 det=False t=180
19:22:24 INFO arm eps=0.2                    rep 92/100 det=False t=180
19:22:25 INFO arm eps=0.2                    rep 93/100 det=True t=105
19:22:26 INFO arm eps=0.2                    rep 94/100 det=False t=180
19:22:26 INFO arm eps=0.2                    rep 95/100 det=False t=180
19:22:27 INFO arm eps=0.2                    rep 96/100 det=False t=180
19:22:28 INFO arm eps=0.2                    rep 97/100 det=False t=180
19:22:28 INFO arm eps=0.2                    rep 98/100 det=False t=180
19:22:29 INFO arm eps=0.2                    rep 99/100 det=False t=180
19:22:30 INFO arm eps=0.2                    rep 100/100 det=False t=180
19:22:30 INFO arm eps=0.4                    rep  1/100 det=False t=180
19:22:31 INFO arm eps=0.4                    rep  2/100 det=False t=180
19:22:32 INFO arm eps=0.4                    rep  3/100 det=False t=180
19:22:33 INFO arm eps=0.4                    rep  4/100 det=False t=180
19:22:33 INFO arm eps=0.4                    rep  5/100 det=False t=180
19:22:34 INFO arm eps=0.4                    rep  6/100 det=False t=180
19:22:35 INFO arm eps=0.4                    rep  7/100 det=False t=180
19:22:36 INFO arm eps=0.4                    rep  8/100 det=False t=180
19:22:36 INFO arm eps=0.4                    rep  9/100 det=False t=180
19:22:37 INFO arm eps=0.4                    rep 10/100 det=False t=180
19:22:38 INFO arm eps=0.4                    rep 11/100 det=False t=180
19:22:39 INFO arm eps=0.4                    rep 12/100 det=False t=180
19:22:39 INFO arm eps=0.4                    rep 13/100 det=False t=180
19:22:40 INFO arm eps=0.4                    rep 14/100 det=True t=129
19:22:41 INFO arm eps=0.4                    rep 15/100 det=False t=180
19:22:41 INFO arm eps=0.4                    rep 16/100 det=False t=180
19:22:41 INFO arm eps=0.4                    rep 17/100 det=False t=180
19:22:42 INFO arm eps=0.4                    rep 18/100 det=False t=180
19:22:43 INFO arm eps=0.4                    rep 19/100 det=False t=180
19:22:44 INFO arm eps=0.4                    rep 20/100 det=False t=180
19:22:45 INFO arm eps=0.4                    rep 21/100 det=False t=180
19:22:45 INFO arm eps=0.4                    rep 22/100 det=False t=180
19:22:46 INFO arm eps=0.4                    rep 23/100 det=False t=180
19:22:47 INFO arm eps=0.4                    rep 24/100 det=False t=180
19:22:47 INFO arm eps=0.4                    rep 25/100 det=True t=99
19:22:48 INFO arm eps=0.4                    rep 26/100 det=False t=180
19:22:49 INFO arm eps=0.4                    rep 27/100 det=False t=180
19:22:49 INFO arm eps=0.4                    rep 28/100 det=False t=180
19:22:50 INFO arm eps=0.4                    rep 29/100 det=False t=180
19:22:51 INFO arm eps=0.4                    rep 30/100 det=False t=180
19:22:52 INFO arm eps=0.4                    rep 31/100 det=False t=180
19:22:52 INFO arm eps=0.4                    rep 32/100 det=False t=180
19:22:53 INFO arm eps=0.4                    rep 33/100 det=True t=121
19:22:53 INFO arm eps=0.4                    rep 34/100 det=False t=180
19:22:54 INFO arm eps=0.4                    rep 35/100 det=False t=180
19:22:55 INFO arm eps=0.4                    rep 36/100 det=False t=180
19:22:55 INFO arm eps=0.4                    rep 37/100 det=False t=180
19:22:56 INFO arm eps=0.4                    rep 38/100 det=False t=180
19:22:57 INFO arm eps=0.4                    rep 39/100 det=False t=180
19:22:57 INFO arm eps=0.4                    rep 40/100 det=False t=180
19:22:58 INFO arm eps=0.4                    rep 41/100 det=False t=180
19:22:59 INFO arm eps=0.4                    rep 42/100 det=False t=180
19:23:00 INFO arm eps=0.4                    rep 43/100 det=False t=180
19:23:00 INFO arm eps=0.4                    rep 44/100 det=False t=180
19:23:01 INFO arm eps=0.4                    rep 45/100 det=False t=180
19:23:02 INFO arm eps=0.4                    rep 46/100 det=False t=180
19:23:02 INFO arm eps=0.4                    rep 47/100 det=False t=180
19:23:03 INFO arm eps=0.4                    rep 48/100 det=False t=180
19:23:04 INFO arm eps=0.4                    rep 49/100 det=False t=180
19:23:05 INFO arm eps=0.4                    rep 50/100 det=False t=180
19:23:05 INFO arm eps=0.4                    rep 51/100 det=False t=180
19:23:06 INFO arm eps=0.4                    rep 52/100 det=False t=180
19:23:06 INFO arm eps=0.4                    rep 53/100 det=True t=169
19:23:07 INFO arm eps=0.4                    rep 54/100 det=False t=180
19:23:08 INFO arm eps=0.4                    rep 55/100 det=False t=180
19:23:09 INFO arm eps=0.4                    rep 56/100 det=False t=180
19:23:09 INFO arm eps=0.4                    rep 57/100 det=False t=180
19:23:10 INFO arm eps=0.4                    rep 58/100 det=False t=180
19:23:11 INFO arm eps=0.4                    rep 59/100 det=False t=180
19:23:11 INFO arm eps=0.4                    rep 60/100 det=False t=180
19:23:12 INFO arm eps=0.4                    rep 61/100 det=False t=180
19:23:13 INFO arm eps=0.4                    rep 62/100 det=False t=180
19:23:13 INFO arm eps=0.4                    rep 63/100 det=True t=5
19:23:14 INFO arm eps=0.4                    rep 64/100 det=False t=180
19:23:14 INFO arm eps=0.4                    rep 65/100 det=False t=180
19:23:15 INFO arm eps=0.4                    rep 66/100 det=False t=180
19:23:16 INFO arm eps=0.4                    rep 67/100 det=False t=180
19:23:16 INFO arm eps=0.4                    rep 68/100 det=False t=180
19:23:17 INFO arm eps=0.4                    rep 69/100 det=True t=116
19:23:18 INFO arm eps=0.4                    rep 70/100 det=False t=180
19:23:18 INFO arm eps=0.4                    rep 71/100 det=False t=180
19:23:19 INFO arm eps=0.4                    rep 72/100 det=False t=180
19:23:20 INFO arm eps=0.4                    rep 73/100 det=False t=180
19:23:20 INFO arm eps=0.4                    rep 74/100 det=False t=180
19:23:21 INFO arm eps=0.4                    rep 75/100 det=True t=117
19:23:21 INFO arm eps=0.4                    rep 76/100 det=False t=180
19:23:22 INFO arm eps=0.4                    rep 77/100 det=False t=180
19:23:23 INFO arm eps=0.4                    rep 78/100 det=False t=180
19:23:23 INFO arm eps=0.4                    rep 79/100 det=False t=180
19:23:24 INFO arm eps=0.4                    rep 80/100 det=False t=180
19:23:25 INFO arm eps=0.4                    rep 81/100 det=False t=180
19:23:25 INFO arm eps=0.4                    rep 82/100 det=True t=106
19:23:26 INFO arm eps=0.4                    rep 83/100 det=False t=180
19:23:27 INFO arm eps=0.4                    rep 84/100 det=True t=97
19:23:27 INFO arm eps=0.4                    rep 85/100 det=False t=180
19:23:28 INFO arm eps=0.4                    rep 86/100 det=False t=180
19:23:29 INFO arm eps=0.4                    rep 87/100 det=False t=180
19:23:29 INFO arm eps=0.4                    rep 88/100 det=False t=180
19:23:30 INFO arm eps=0.4                    rep 89/100 det=True t=7
19:23:30 INFO arm eps=0.4                    rep 90/100 det=False t=180
19:23:31 INFO arm eps=0.4                    rep 91/100 det=False t=180
19:23:32 INFO arm eps=0.4                    rep 92/100 det=False t=180
19:23:32 INFO arm eps=0.4                    rep 93/100 det=True t=112
19:23:33 INFO arm eps=0.4                    rep 94/100 det=False t=180
19:23:34 INFO arm eps=0.4                    rep 95/100 det=True t=40
19:23:34 INFO arm eps=0.4                    rep 96/100 det=False t=180
19:23:34 INFO arm eps=0.4                    rep 97/100 det=True t=13
19:23:35 INFO arm eps=0.4                    rep 98/100 det=False t=180
19:23:35 INFO arm eps=0.4                    rep 99/100 det=False t=180
19:23:36 INFO arm eps=0.4                    rep 100/100 det=False t=180
19:23:37 INFO arm eps=0.6                    rep  1/100 det=False t=180
19:23:38 INFO arm eps=0.6                    rep  2/100 det=False t=180
19:23:38 INFO arm eps=0.6                    rep  3/100 det=False t=180
19:23:39 INFO arm eps=0.6                    rep  4/100 det=False t=180
19:23:40 INFO arm eps=0.6                    rep  5/100 det=False t=180
19:23:40 INFO arm eps=0.6                    rep  6/100 det=False t=180
19:23:41 INFO arm eps=0.6                    rep  7/100 det=False t=180
19:23:42 INFO arm eps=0.6                    rep  8/100 det=False t=180
19:23:43 INFO arm eps=0.6                    rep  9/100 det=False t=180
19:23:43 INFO arm eps=0.6                    rep 10/100 det=True t=136
19:23:44 INFO arm eps=0.6                    rep 11/100 det=False t=180
19:23:45 INFO arm eps=0.6                    rep 12/100 det=False t=180
19:23:46 INFO arm eps=0.6                    rep 13/100 det=False t=180
19:23:46 INFO arm eps=0.6                    rep 14/100 det=True t=103
19:23:47 INFO arm eps=0.6                    rep 15/100 det=False t=180
19:23:47 INFO arm eps=0.6                    rep 16/100 det=False t=180
19:23:48 INFO arm eps=0.6                    rep 17/100 det=False t=180
19:23:49 INFO arm eps=0.6                    rep 18/100 det=False t=180
19:23:50 INFO arm eps=0.6                    rep 19/100 det=False t=180
19:23:50 INFO arm eps=0.6                    rep 20/100 det=False t=180
19:23:51 INFO arm eps=0.6                    rep 21/100 det=False t=180
19:23:52 INFO arm eps=0.6                    rep 22/100 det=False t=180
19:23:53 INFO arm eps=0.6                    rep 23/100 det=False t=180
19:23:53 INFO arm eps=0.6                    rep 24/100 det=False t=180
19:23:54 INFO arm eps=0.6                    rep 25/100 det=True t=68
19:23:54 INFO arm eps=0.6                    rep 26/100 det=True t=141
19:23:55 INFO arm eps=0.6                    rep 27/100 det=False t=180
19:23:56 INFO arm eps=0.6                    rep 28/100 det=False t=180
19:23:57 INFO arm eps=0.6                    rep 29/100 det=False t=180
19:23:57 INFO arm eps=0.6                    rep 30/100 det=False t=180
19:23:58 INFO arm eps=0.6                    rep 31/100 det=False t=180
19:23:58 INFO arm eps=0.6                    rep 32/100 det=False t=180
19:23:59 INFO arm eps=0.6                    rep 33/100 det=True t=68
19:23:59 INFO arm eps=0.6                    rep 34/100 det=False t=180
19:24:00 INFO arm eps=0.6                    rep 35/100 det=False t=180
19:24:00 INFO arm eps=0.6                    rep 36/100 det=False t=180
19:24:01 INFO arm eps=0.6                    rep 37/100 det=False t=180
19:24:02 INFO arm eps=0.6                    rep 38/100 det=False t=180
19:24:02 INFO arm eps=0.6                    rep 39/100 det=False t=180
19:24:03 INFO arm eps=0.6                    rep 40/100 det=False t=180
19:24:04 INFO arm eps=0.6                    rep 41/100 det=False t=180
19:24:05 INFO arm eps=0.6                    rep 42/100 det=False t=180
19:24:05 INFO arm eps=0.6                    rep 43/100 det=False t=180
19:24:06 INFO arm eps=0.6                    rep 44/100 det=False t=180
19:24:07 INFO arm eps=0.6                    rep 45/100 det=False t=180
19:24:07 INFO arm eps=0.6                    rep 46/100 det=False t=180
19:24:08 INFO arm eps=0.6                    rep 47/100 det=False t=180
19:24:09 INFO arm eps=0.6                    rep 48/100 det=False t=180
19:24:09 INFO arm eps=0.6                    rep 49/100 det=False t=180
19:24:10 INFO arm eps=0.6                    rep 50/100 det=False t=180
19:24:11 INFO arm eps=0.6                    rep 51/100 det=False t=180
19:24:11 INFO arm eps=0.6                    rep 52/100 det=False t=180
19:24:12 INFO arm eps=0.6                    rep 53/100 det=True t=107
19:24:13 INFO arm eps=0.6                    rep 54/100 det=False t=180
19:24:13 INFO arm eps=0.6                    rep 55/100 det=False t=180
19:24:14 INFO arm eps=0.6                    rep 56/100 det=False t=180
19:24:15 INFO arm eps=0.6                    rep 57/100 det=False t=180
19:24:15 INFO arm eps=0.6                    rep 58/100 det=False t=180
19:24:16 INFO arm eps=0.6                    rep 59/100 det=False t=180
19:24:17 INFO arm eps=0.6                    rep 60/100 det=False t=180
19:24:17 INFO arm eps=0.6                    rep 61/100 det=True t=173
19:24:18 INFO arm eps=0.6                    rep 62/100 det=False t=180
19:24:19 INFO arm eps=0.6                    rep 63/100 det=False t=180
19:24:19 INFO arm eps=0.6                    rep 64/100 det=False t=180
19:24:20 INFO arm eps=0.6                    rep 65/100 det=False t=180
19:24:20 INFO arm eps=0.6                    rep 66/100 det=False t=180
19:24:21 INFO arm eps=0.6                    rep 67/100 det=False t=180
19:24:22 INFO arm eps=0.6                    rep 68/100 det=False t=180
19:24:22 INFO arm eps=0.6                    rep 69/100 det=True t=60
19:24:23 INFO arm eps=0.6                    rep 70/100 det=False t=180
19:24:24 INFO arm eps=0.6                    rep 71/100 det=False t=180
19:24:24 INFO arm eps=0.6                    rep 72/100 det=False t=180
19:24:25 INFO arm eps=0.6                    rep 73/100 det=False t=180
19:24:25 INFO arm eps=0.6                    rep 74/100 det=False t=180
19:24:26 INFO arm eps=0.6                    rep 75/100 det=False t=180
19:24:27 INFO arm eps=0.6                    rep 76/100 det=False t=180
19:24:27 INFO arm eps=0.6                    rep 77/100 det=True t=31
19:24:28 INFO arm eps=0.6                    rep 78/100 det=False t=180
19:24:28 INFO arm eps=0.6                    rep 79/100 det=False t=180
19:24:29 INFO arm eps=0.6                    rep 80/100 det=False t=180
19:24:30 INFO arm eps=0.6                    rep 81/100 det=False t=180
19:24:30 INFO arm eps=0.6                    rep 82/100 det=False t=180
19:24:31 INFO arm eps=0.6                    rep 83/100 det=True t=175
19:24:32 INFO arm eps=0.6                    rep 84/100 det=False t=180
19:24:33 INFO arm eps=0.6                    rep 85/100 det=True t=104
19:24:33 INFO arm eps=0.6                    rep 86/100 det=False t=180
19:24:34 INFO arm eps=0.6                    rep 87/100 det=False t=180
19:24:35 INFO arm eps=0.6                    rep 88/100 det=False t=180
19:24:35 INFO arm eps=0.6                    rep 89/100 det=False t=180
19:24:36 INFO arm eps=0.6                    rep 90/100 det=True t=53
19:24:36 INFO arm eps=0.6                    rep 91/100 det=False t=180
19:24:37 INFO arm eps=0.6                    rep 92/100 det=False t=180
19:24:38 INFO arm eps=0.6                    rep 93/100 det=True t=84
19:24:39 INFO arm eps=0.6                    rep 94/100 det=False t=180
19:24:39 INFO arm eps=0.6                    rep 95/100 det=False t=180
19:24:40 INFO arm eps=0.6                    rep 96/100 det=False t=180
19:24:41 INFO arm eps=0.6                    rep 97/100 det=False t=180
19:24:41 INFO arm eps=0.6                    rep 98/100 det=False t=180
19:24:42 INFO arm eps=0.6                    rep 99/100 det=False t=180
19:24:43 INFO arm eps=0.6                    rep 100/100 det=True t=175
19:24:43 INFO arm eps=0.8                    rep  1/100 det=False t=180
19:24:44 INFO arm eps=0.8                    rep  2/100 det=False t=180
19:24:45 INFO arm eps=0.8                    rep  3/100 det=False t=180
19:24:45 INFO arm eps=0.8                    rep  4/100 det=False t=180
19:24:46 INFO arm eps=0.8                    rep  5/100 det=False t=180
19:24:47 INFO arm eps=0.8                    rep  6/100 det=False t=180
19:24:48 INFO arm eps=0.8                    rep  7/100 det=False t=180
19:24:48 INFO arm eps=0.8                    rep  8/100 det=True t=84
19:24:49 INFO arm eps=0.8                    rep  9/100 det=False t=180
19:24:50 INFO arm eps=0.8                    rep 10/100 det=False t=180
19:24:50 INFO arm eps=0.8                    rep 11/100 det=False t=180
19:24:51 INFO arm eps=0.8                    rep 12/100 det=False t=180
19:24:52 INFO arm eps=0.8                    rep 13/100 det=False t=180
19:24:52 INFO arm eps=0.8                    rep 14/100 det=False t=180
19:24:53 INFO arm eps=0.8                    rep 15/100 det=False t=180
19:24:53 INFO arm eps=0.8                    rep 16/100 det=False t=180
19:24:54 INFO arm eps=0.8                    rep 17/100 det=False t=180
19:24:55 INFO arm eps=0.8                    rep 18/100 det=False t=180
19:24:55 INFO arm eps=0.8                    rep 19/100 det=False t=180
19:24:56 INFO arm eps=0.8                    rep 20/100 det=False t=180
19:24:57 INFO arm eps=0.8                    rep 21/100 det=False t=180
19:24:57 INFO arm eps=0.8                    rep 22/100 det=False t=180
19:24:58 INFO arm eps=0.8                    rep 23/100 det=False t=180
19:24:59 INFO arm eps=0.8                    rep 24/100 det=False t=180
19:24:59 INFO arm eps=0.8                    rep 25/100 det=True t=68
19:25:00 INFO arm eps=0.8                    rep 26/100 det=False t=180
19:25:01 INFO arm eps=0.8                    rep 27/100 det=False t=180
19:25:01 INFO arm eps=0.8                    rep 28/100 det=False t=180
19:25:02 INFO arm eps=0.8                    rep 29/100 det=False t=180
19:25:03 INFO arm eps=0.8                    rep 30/100 det=False t=180
19:25:03 INFO arm eps=0.8                    rep 31/100 det=False t=180
19:25:04 INFO arm eps=0.8                    rep 32/100 det=False t=180
19:25:05 INFO arm eps=0.8                    rep 33/100 det=False t=180
19:25:05 INFO arm eps=0.8                    rep 34/100 det=False t=180
19:25:06 INFO arm eps=0.8                    rep 35/100 det=False t=180
19:25:06 INFO arm eps=0.8                    rep 36/100 det=False t=180
19:25:07 INFO arm eps=0.8                    rep 37/100 det=False t=180
19:25:08 INFO arm eps=0.8                    rep 38/100 det=False t=180
19:25:08 INFO arm eps=0.8                    rep 39/100 det=False t=180
19:25:09 INFO arm eps=0.8                    rep 40/100 det=False t=180
19:25:10 INFO arm eps=0.8                    rep 41/100 det=False t=180
19:25:11 INFO arm eps=0.8                    rep 42/100 det=False t=180
19:25:12 INFO arm eps=0.8                    rep 43/100 det=False t=180
19:25:13 INFO arm eps=0.8                    rep 44/100 det=False t=180
19:25:13 INFO arm eps=0.8                    rep 45/100 det=False t=180
19:25:14 INFO arm eps=0.8                    rep 46/100 det=False t=180
19:25:15 INFO arm eps=0.8                    rep 47/100 det=False t=180
19:25:16 INFO arm eps=0.8                    rep 48/100 det=False t=180
19:25:17 INFO arm eps=0.8                    rep 49/100 det=False t=180
19:25:17 INFO arm eps=0.8                    rep 50/100 det=False t=180
19:25:18 INFO arm eps=0.8                    rep 51/100 det=False t=180
19:25:19 INFO arm eps=0.8                    rep 52/100 det=False t=180
19:25:19 INFO arm eps=0.8                    rep 53/100 det=True t=112
19:25:20 INFO arm eps=0.8                    rep 54/100 det=False t=180
19:25:20 INFO arm eps=0.8                    rep 55/100 det=False t=180
19:25:21 INFO arm eps=0.8                    rep 56/100 det=False t=180
19:25:22 INFO arm eps=0.8                    rep 57/100 det=False t=180
19:25:23 INFO arm eps=0.8                    rep 58/100 det=False t=180
19:25:23 INFO arm eps=0.8                    rep 59/100 det=False t=180
19:25:24 INFO arm eps=0.8                    rep 60/100 det=False t=180
19:25:24 INFO arm eps=0.8                    rep 61/100 det=False t=180
19:25:25 INFO arm eps=0.8                    rep 62/100 det=False t=180
19:25:25 INFO arm eps=0.8                    rep 63/100 det=True t=4
19:25:26 INFO arm eps=0.8                    rep 64/100 det=False t=180
19:25:26 INFO arm eps=0.8                    rep 65/100 det=False t=180
19:25:27 INFO arm eps=0.8                    rep 66/100 det=False t=180
19:25:28 INFO arm eps=0.8                    rep 67/100 det=False t=180
19:25:28 INFO arm eps=0.8                    rep 68/100 det=False t=180
19:25:29 INFO arm eps=0.8                    rep 69/100 det=True t=86
19:25:30 INFO arm eps=0.8                    rep 70/100 det=False t=180
19:25:30 INFO arm eps=0.8                    rep 71/100 det=False t=180
19:25:31 INFO arm eps=0.8                    rep 72/100 det=False t=180
19:25:31 INFO arm eps=0.8                    rep 73/100 det=False t=180
19:25:32 INFO arm eps=0.8                    rep 74/100 det=False t=180
19:25:32 INFO arm eps=0.8                    rep 75/100 det=False t=180
19:25:33 INFO arm eps=0.8                    rep 76/100 det=False t=180
19:25:34 INFO arm eps=0.8                    rep 77/100 det=False t=180
19:25:34 INFO arm eps=0.8                    rep 78/100 det=False t=180
19:25:35 INFO arm eps=0.8                    rep 79/100 det=False t=180
19:25:35 INFO arm eps=0.8                    rep 80/100 det=False t=180
19:25:36 INFO arm eps=0.8                    rep 81/100 det=False t=180
19:25:37 INFO arm eps=0.8                    rep 82/100 det=False t=180
19:25:38 INFO arm eps=0.8                    rep 83/100 det=False t=180
19:25:38 INFO arm eps=0.8                    rep 84/100 det=True t=146
19:25:39 INFO arm eps=0.8                    rep 85/100 det=True t=104
19:25:40 INFO arm eps=0.8                    rep 86/100 det=False t=180
19:25:40 INFO arm eps=0.8                    rep 87/100 det=False t=180
19:25:41 INFO arm eps=0.8                    rep 88/100 det=False t=180
19:25:42 INFO arm eps=0.8                    rep 89/100 det=False t=180
19:25:42 INFO arm eps=0.8                    rep 90/100 det=False t=180
19:25:43 INFO arm eps=0.8                    rep 91/100 det=False t=180
19:25:44 INFO arm eps=0.8                    rep 92/100 det=False t=180
19:25:45 INFO arm eps=0.8                    rep 93/100 det=False t=180
19:25:46 INFO arm eps=0.8                    rep 94/100 det=False t=180
19:25:46 INFO arm eps=0.8                    rep 95/100 det=False t=180
19:25:47 INFO arm eps=0.8                    rep 96/100 det=False t=180
19:25:48 INFO arm eps=0.8                    rep 97/100 det=False t=180
19:25:49 INFO arm eps=0.8                    rep 98/100 det=False t=180
19:25:49 INFO arm eps=0.8                    rep 99/100 det=False t=180
19:25:50 INFO arm eps=0.8                    rep 100/100 det=False t=180
19:25:51 INFO arm eps=1.0                    rep  1/100 det=False t=180
19:25:52 INFO arm eps=1.0                    rep  2/100 det=False t=180
19:25:52 INFO arm eps=1.0                    rep  3/100 det=False t=180
19:25:53 INFO arm eps=1.0                    rep  4/100 det=False t=180
19:25:54 INFO arm eps=1.0                    rep  5/100 det=False t=180
19:25:54 INFO arm eps=1.0                    rep  6/100 det=False t=180
19:25:55 INFO arm eps=1.0                    rep  7/100 det=False t=180
19:25:56 INFO arm eps=1.0                    rep  8/100 det=True t=89
19:25:56 INFO arm eps=1.0                    rep  9/100 det=False t=180
19:25:57 INFO arm eps=1.0                    rep 10/100 det=False t=180
19:25:58 INFO arm eps=1.0                    rep 11/100 det=False t=180
19:25:58 INFO arm eps=1.0                    rep 12/100 det=False t=180
19:25:59 INFO arm eps=1.0                    rep 13/100 det=False t=180
19:26:00 INFO arm eps=1.0                    rep 14/100 det=False t=180
19:26:01 INFO arm eps=1.0                    rep 15/100 det=False t=180
19:26:01 INFO arm eps=1.0                    rep 16/100 det=False t=180
19:26:01 INFO arm eps=1.0                    rep 17/100 det=False t=180
19:26:02 INFO arm eps=1.0                    rep 18/100 det=False t=180
19:26:03 INFO arm eps=1.0                    rep 19/100 det=False t=180
19:26:04 INFO arm eps=1.0                    rep 20/100 det=False t=180
19:26:04 INFO arm eps=1.0                    rep 21/100 det=False t=180
19:26:05 INFO arm eps=1.0                    rep 22/100 det=False t=180
19:26:06 INFO arm eps=1.0                    rep 23/100 det=False t=180
19:26:06 INFO arm eps=1.0                    rep 24/100 det=False t=180
19:26:07 INFO arm eps=1.0                    rep 25/100 det=True t=109
19:26:08 INFO arm eps=1.0                    rep 26/100 det=False t=180
19:26:08 INFO arm eps=1.0                    rep 27/100 det=False t=180
19:26:09 INFO arm eps=1.0                    rep 28/100 det=False t=180
19:26:10 INFO arm eps=1.0                    rep 29/100 det=True t=63
19:26:10 INFO arm eps=1.0                    rep 30/100 det=False t=180
19:26:11 INFO arm eps=1.0                    rep 31/100 det=False t=180
19:26:12 INFO arm eps=1.0                    rep 32/100 det=False t=180
19:26:12 INFO arm eps=1.0                    rep 33/100 det=False t=180
19:26:13 INFO arm eps=1.0                    rep 34/100 det=False t=180
19:26:13 INFO arm eps=1.0                    rep 35/100 det=False t=180
19:26:14 INFO arm eps=1.0                    rep 36/100 det=False t=180
19:26:15 INFO arm eps=1.0                    rep 37/100 det=False t=180
19:26:16 INFO arm eps=1.0                    rep 38/100 det=False t=180
19:26:16 INFO arm eps=1.0                    rep 39/100 det=False t=180
19:26:17 INFO arm eps=1.0                    rep 40/100 det=False t=180
19:26:18 INFO arm eps=1.0                    rep 41/100 det=False t=180
19:26:18 INFO arm eps=1.0                    rep 42/100 det=True t=24
19:26:19 INFO arm eps=1.0                    rep 43/100 det=False t=180
19:26:20 INFO arm eps=1.0                    rep 44/100 det=False t=180
19:26:21 INFO arm eps=1.0                    rep 45/100 det=False t=180
19:26:22 INFO arm eps=1.0                    rep 46/100 det=False t=180
19:26:22 INFO arm eps=1.0                    rep 47/100 det=False t=180
19:26:23 INFO arm eps=1.0                    rep 48/100 det=False t=180
19:26:24 INFO arm eps=1.0                    rep 49/100 det=False t=180
19:26:25 INFO arm eps=1.0                    rep 50/100 det=False t=180
19:26:26 INFO arm eps=1.0                    rep 51/100 det=False t=180
19:26:26 INFO arm eps=1.0                    rep 52/100 det=False t=180
19:26:27 INFO arm eps=1.0                    rep 53/100 det=False t=180
19:26:28 INFO arm eps=1.0                    rep 54/100 det=False t=180
19:26:29 INFO arm eps=1.0                    rep 55/100 det=False t=180
19:26:30 INFO arm eps=1.0                    rep 56/100 det=False t=180
19:26:31 INFO arm eps=1.0                    rep 57/100 det=False t=180
19:26:31 INFO arm eps=1.0                    rep 58/100 det=False t=180
19:26:32 INFO arm eps=1.0                    rep 59/100 det=False t=180
19:26:33 INFO arm eps=1.0                    rep 60/100 det=False t=180
19:26:33 INFO arm eps=1.0                    rep 61/100 det=False t=180
19:26:34 INFO arm eps=1.0                    rep 62/100 det=False t=180
19:26:34 INFO arm eps=1.0                    rep 63/100 det=True t=8
19:26:35 INFO arm eps=1.0                    rep 64/100 det=False t=180
19:26:35 INFO arm eps=1.0                    rep 65/100 det=False t=180
19:26:36 INFO arm eps=1.0                    rep 66/100 det=False t=180
19:26:36 INFO arm eps=1.0                    rep 67/100 det=False t=180
19:26:37 INFO arm eps=1.0                    rep 68/100 det=False t=180
19:26:37 INFO arm eps=1.0                    rep 69/100 det=True t=52
19:26:48 INFO arm eps=1.0                    rep 70/100 det=False t=180
19:26:49 INFO arm eps=1.0                    rep 71/100 det=False t=180
19:26:50 INFO arm eps=1.0                    rep 72/100 det=False t=180
19:26:50 INFO arm eps=1.0                    rep 73/100 det=False t=180
19:27:07 INFO arm eps=1.0                    rep 74/100 det=False t=180
19:27:09 INFO arm eps=1.0                    rep 75/100 det=False t=180
19:27:09 INFO arm eps=1.0                    rep 76/100 det=False t=180
19:27:10 INFO arm eps=1.0                    rep 77/100 det=True t=23
19:27:10 INFO arm eps=1.0                    rep 78/100 det=False t=180
19:27:11 INFO arm eps=1.0                    rep 79/100 det=False t=180
19:27:11 INFO arm eps=1.0                    rep 80/100 det=False t=180
19:27:12 INFO arm eps=1.0                    rep 81/100 det=False t=180
19:27:13 INFO arm eps=1.0                    rep 82/100 det=True t=164
19:27:14 INFO arm eps=1.0                    rep 83/100 det=True t=85
19:27:14 INFO arm eps=1.0                    rep 84/100 det=False t=180
19:27:15 INFO arm eps=1.0                    rep 85/100 det=False t=180
19:27:16 INFO arm eps=1.0                    rep 86/100 det=False t=180
19:27:17 INFO arm eps=1.0                    rep 87/100 det=False t=180
19:27:17 INFO arm eps=1.0                    rep 88/100 det=False t=180
19:27:18 INFO arm eps=1.0                    rep 89/100 det=True t=8
19:27:19 INFO arm eps=1.0                    rep 90/100 det=False t=180
19:27:19 INFO arm eps=1.0                    rep 91/100 det=False t=180
19:27:20 INFO arm eps=1.0                    rep 92/100 det=False t=180
19:27:21 INFO arm eps=1.0                    rep 93/100 det=False t=180
19:27:22 INFO arm eps=1.0                    rep 94/100 det=False t=180
19:27:23 INFO arm eps=1.0                    rep 95/100 det=False t=180
19:27:23 INFO arm eps=1.0                    rep 96/100 det=False t=180
19:27:24 INFO arm eps=1.0                    rep 97/100 det=False t=180
19:27:25 INFO arm eps=1.0                    rep 98/100 det=False t=180
19:27:25 INFO arm eps=1.0                    rep 99/100 det=False t=180
19:27:26 INFO arm eps=1.0                    rep 100/100 det=False t=180
19:27:27 INFO compared 6 arm pairs over 2 metrics
19:28:04 INFO arm A                          rep  1/100 det=False t=180
19:28:05 INFO arm A                          rep  2/100 det=False t=180
19:28:06 INFO arm A                          rep  3/100 det=True t=132
19:28:07 INFO arm A                          rep  4/100 det=False t=180
19:28:08 INFO arm A                          rep  5/100 det=False t=180
19:28:09 INFO arm A                          rep  6/100 det=False t=180
19:28:10 INFO arm A                          rep  7/100 det=False t=180
19:28:13 INFO arm A                          rep  8/100 det=False t=180
19:28:14 INFO arm A                          rep  9/100 det=False t=180
19:28:14 INFO arm A                          rep 10/100 det=False t=180
19:28:16 INFO arm A                          rep 11/100 det=False t=180
19:28:17 INFO arm A                          rep 12/100 det=True t=116
19:28:18 INFO arm A                          rep 13/100 det=False t=180
19:28:19 INFO arm A                          rep 14/100 det=False t=180
19:28:20 INFO arm A                          rep 15/100 det=False t=180
19:28:20 INFO arm A                          rep 16/100 det=False t=180
19:28:21 INFO arm A                          rep 17/100 det=False t=180
19:28:22 INFO arm A                          rep 18/100 det=False t=180
19:28:23 INFO arm A                          rep 19/100 det=False t=180
19:28:24 INFO arm A                          rep 20/100 det=True t=115
19:28:25 INFO arm A                          rep 21/100 det=False t=180
19:28:26 INFO arm A                          rep 22/100 det=False t=180
19:28:27 INFO arm A                          rep 23/100 det=True t=97
19:28:28 INFO arm A                          rep 24/100 det=False t=180
19:28:29 INFO arm A                          rep 25/100 det=False t=180
19:28:30 INFO arm A                          rep 26/100 det=False t=180
19:28:31 INFO arm A                          rep 27/100 det=False t=180
19:28:32 INFO arm A                          rep 28/100 det=False t=180
19:28:32 INFO arm A                          rep 29/100 det=False t=180
19:28:33 INFO arm A                          rep 30/100 det=False t=180
19:28:34 INFO arm A                          rep 31/100 det=True t=174
19:28:35 INFO arm A                          rep 32/100 det=False t=180
19:28:36 INFO arm A                          rep 33/100 det=False t=180
19:28:37 INFO arm A                          rep 34/100 det=False t=180
19:28:38 INFO arm A                          rep 35/100 det=True t=98
19:28:39 INFO arm A                          rep 36/100 det=False t=180
19:28:40 INFO arm A                          rep 37/100 det=False t=180
19:28:40 INFO arm A                          rep 38/100 det=True t=51
19:28:41 INFO arm A                          rep 39/100 det=False t=180
19:28:42 INFO arm A                          rep 40/100 det=True t=46
19:28:42 INFO arm A                          rep 41/100 det=False t=180
19:28:43 INFO arm A                          rep 42/100 det=False t=180
19:28:44 INFO arm A                          rep 43/100 det=False t=180
19:28:45 INFO arm A                          rep 44/100 det=False t=180
19:28:46 INFO arm A                          rep 45/100 det=False t=180
19:28:47 INFO arm A                          rep 46/100 det=False t=180
19:28:48 INFO arm A                          rep 47/100 det=False t=180
19:28:48 INFO arm A                          rep 48/100 det=True t=142
19:28:49 INFO arm A                          rep 49/100 det=True t=23
19:28:50 INFO arm A                          rep 50/100 det=False t=180
19:28:51 INFO arm A                          rep 51/100 det=False t=180
19:28:51 INFO arm A                          rep 52/100 det=True t=130
19:28:52 INFO arm A                          rep 53/100 det=False t=180
19:28:53 INFO arm A                          rep 54/100 det=False t=180
19:28:54 INFO arm A                          rep 55/100 det=False t=180
19:28:55 INFO arm A                          rep 56/100 det=False t=180
19:28:56 INFO arm A                          rep 57/100 det=False t=180
19:28:57 INFO arm A                          rep 58/100 det=False t=180
19:28:58 INFO arm A                          rep 59/100 det=False t=180
19:28:59 INFO arm A                          rep 60/100 det=False t=180
19:29:00 INFO arm A                          rep 61/100 det=False t=180
19:29:01 INFO arm A                          rep 62/100 det=False t=180
19:29:01 INFO arm A                          rep 63/100 det=True t=74
19:29:02 INFO arm A                          rep 64/100 det=False t=180
19:29:03 INFO arm A                          rep 65/100 det=False t=180
19:29:04 INFO arm A                          rep 66/100 det=False t=180
19:29:05 INFO arm A                          rep 67/100 det=True t=94
19:29:06 INFO arm A                          rep 68/100 det=True t=156
19:29:07 INFO arm A                          rep 69/100 det=False t=180
19:29:08 INFO arm A                          rep 70/100 det=False t=180
19:29:09 INFO arm A                          rep 71/100 det=False t=180
19:29:10 INFO arm A                          rep 72/100 det=False t=180
19:29:11 INFO arm A                          rep 73/100 det=False t=180
19:29:11 INFO arm A                          rep 74/100 det=False t=180
19:29:12 INFO arm A                          rep 75/100 det=True t=127
19:29:13 INFO arm A                          rep 76/100 det=False t=180
19:29:14 INFO arm A                          rep 77/100 det=True t=105
19:29:14 INFO arm A                          rep 78/100 det=True t=4
19:29:15 INFO arm A                          rep 79/100 det=False t=180
19:29:16 INFO arm A                          rep 80/100 det=False t=180
19:29:17 INFO arm A                          rep 81/100 det=False t=180
19:29:18 INFO arm A                          rep 82/100 det=False t=180
19:29:19 INFO arm A                          rep 83/100 det=True t=83
19:29:20 INFO arm A                          rep 84/100 det=False t=180
19:29:21 INFO arm A                          rep 85/100 det=False t=180
19:29:22 INFO arm A                          rep 86/100 det=False t=180
19:29:23 INFO arm A                          rep 87/100 det=False t=180
19:29:23 INFO arm A                          rep 88/100 det=True t=41
19:29:24 INFO arm A                          rep 89/100 det=False t=180
19:29:25 INFO arm A                          rep 90/100 det=False t=180
19:29:26 INFO arm A                          rep 91/100 det=False t=180
19:29:27 INFO arm A                          rep 92/100 det=False t=180
19:29:28 INFO arm A                          rep 93/100 det=False t=180
19:29:29 INFO arm A                          rep 94/100 det=True t=44
19:29:30 INFO arm A                          rep 95/100 det=False t=180
19:29:30 INFO arm A                          rep 96/100 det=False t=180
19:29:31 INFO arm A                          rep 97/100 det=False t=180
19:29:32 INFO arm A                          rep 98/100 det=False t=180
19:29:33 INFO arm A                          rep 99/100 det=False t=180
19:29:34 INFO arm A                          rep 100/100 det=False t=180
19:29:34 INFO arm B                          rep  1/100 det=True t=65
19:29:35 INFO arm B                          rep  2/100 det=False t=180
19:29:36 INFO arm B                          rep  3/100 det=False t=180
19:29:36 INFO arm B                          rep  4/100 det=True t=176
19:29:37 INFO arm B                          rep  5/100 det=False t=180
19:29:38 INFO arm B                          rep  6/100 det=False t=180
19:29:38 INFO arm B                          rep  7/100 det=False t=180
19:29:39 INFO arm B                          rep  8/100 det=True t=70
19:29:40 INFO arm B                          rep  9/100 det=False t=180
19:29:40 INFO arm B                          rep 10/100 det=False t=180
19:29:41 INFO arm B                          rep 11/100 det=False t=180
19:29:42 INFO arm B                          rep 12/100 det=True t=93
19:29:42 INFO arm B                          rep 13/100 det=False t=180
19:29:43 INFO arm B                          rep 14/100 det=False t=180
19:29:44 INFO arm B                          rep 15/100 det=False t=180
19:29:44 INFO arm B                          rep 16/100 det=False t=180
19:29:45 INFO arm B                          rep 17/100 det=False t=180
19:29:45 INFO arm B                          rep 18/100 det=True t=51
19:29:46 INFO arm B                          rep 19/100 det=False t=180
19:29:47 INFO arm B                          rep 20/100 det=False t=180
19:29:47 INFO arm B                          rep 21/100 det=False t=180
19:29:48 INFO arm B                          rep 22/100 det=False t=180
19:29:49 INFO arm B                          rep 23/100 det=False t=180
19:29:49 INFO arm B                          rep 24/100 det=True t=89
19:29:50 INFO arm B                          rep 25/100 det=False t=180
19:29:51 INFO arm B                          rep 26/100 det=False t=180
19:29:52 INFO arm B                          rep 27/100 det=False t=180
19:29:52 INFO arm B                          rep 28/100 det=False t=180
19:29:53 INFO arm B                          rep 29/100 det=False t=180
19:29:53 INFO arm B                          rep 30/100 det=True t=13
19:29:54 INFO arm B                          rep 31/100 det=False t=180
19:29:55 INFO arm B                          rep 32/100 det=False t=180
19:29:55 INFO arm B                          rep 33/100 det=False t=180
19:29:56 INFO arm B                          rep 34/100 det=False t=180
19:29:57 INFO arm B                          rep 35/100 det=False t=180
19:29:57 INFO arm B                          rep 36/100 det=False t=180
19:29:58 INFO arm B                          rep 37/100 det=False t=180
19:29:58 INFO arm B                          rep 38/100 det=True t=75
19:29:59 INFO arm B                          rep 39/100 det=True t=56
19:29:59 INFO arm B                          rep 40/100 det=True t=68
19:29:59 INFO arm B                          rep 41/100 det=True t=33
19:30:00 INFO arm B                          rep 42/100 det=True t=139
19:30:01 INFO arm B                          rep 43/100 det=False t=180
19:30:01 INFO arm B                          rep 44/100 det=True t=36
19:30:02 INFO arm B                          rep 45/100 det=False t=180
19:30:02 INFO arm B                          rep 46/100 det=False t=180
19:30:03 INFO arm B                          rep 47/100 det=False t=180
19:30:03 INFO arm B                          rep 48/100 det=False t=180
19:30:04 INFO arm B                          rep 49/100 det=False t=180
19:30:05 INFO arm B                          rep 50/100 det=False t=180
19:30:05 INFO arm B                          rep 51/100 det=False t=180
19:30:06 INFO arm B                          rep 52/100 det=False t=180
19:30:06 INFO arm B                          rep 53/100 det=True t=5
19:30:06 INFO arm B                          rep 54/100 det=True t=10
19:30:07 INFO arm B                          rep 55/100 det=False t=180
19:30:08 INFO arm B                          rep 56/100 det=False t=180
19:30:08 INFO arm B                          rep 57/100 det=False t=180
19:30:09 INFO arm B                          rep 58/100 det=False t=180
19:30:10 INFO arm B                          rep 59/100 det=False t=180
19:30:10 INFO arm B                          rep 60/100 det=False t=180
19:30:11 INFO arm B                          rep 61/100 det=False t=180
19:30:12 INFO arm B                          rep 62/100 det=False t=180
19:30:13 INFO arm B                          rep 63/100 det=False t=180
19:30:13 INFO arm B                          rep 64/100 det=False t=180
19:30:14 INFO arm B                          rep 65/100 det=False t=180
19:30:15 INFO arm B                          rep 66/100 det=False t=180
19:30:15 INFO arm B                          rep 67/100 det=False t=180
19:30:16 INFO arm B                          rep 68/100 det=False t=180
19:30:17 INFO arm B                          rep 69/100 det=False t=180
19:30:17 INFO arm B                          rep 70/100 det=False t=180
19:30:18 INFO arm B                          rep 71/100 det=False t=180
19:30:19 INFO arm B                          rep 72/100 det=False t=180
19:30:20 INFO arm B                          rep 73/100 det=False t=180
19:30:20 INFO arm B                          rep 74/100 det=False t=180
19:30:21 INFO arm B                          rep 75/100 det=False t=180
19:30:21 INFO arm B                          rep 76/100 det=False t=180
19:30:22 INFO arm B                          rep 77/100 det=False t=180
19:30:23 INFO arm B                          rep 78/100 det=False t=180
19:30:24 INFO arm B                          rep 79/100 det=False t=180
19:30:24 INFO arm B                          rep 80/100 det=False t=180
19:30:25 INFO arm B                          rep 81/100 det=False t=180
19:30:26 INFO arm B                          rep 82/100 det=False t=180
19:30:26 INFO arm B                          rep 83/100 det=True t=79
19:30:27 INFO arm B                          rep 84/100 det=False t=180
19:30:28 INFO arm B                          rep 85/100 det=False t=180
19:30:28 INFO arm B                          rep 86/100 det=False t=180
19:30:29 INFO arm B                          rep 87/100 det=False t=180
19:30:30 INFO arm B                          rep 88/100 det=False t=180
19:30:31 INFO arm B                          rep 89/100 det=False t=180
19:30:31 INFO arm B                          rep 90/100 det=True t=34
19:30:32 INFO arm B                          rep 91/100 det=False t=180
19:30:32 INFO arm B                          rep 92/100 det=False t=180
19:30:33 INFO arm B                          rep 93/100 det=False t=180
19:30:34 INFO arm B                          rep 94/100 det=False t=180
19:30:35 INFO arm B                          rep 95/100 det=False t=180
19:30:35 INFO arm B                          rep 96/100 det=False t=180
19:30:36 INFO arm B                          rep 97/100 det=False t=180
19:30:36 INFO arm B                          rep 98/100 det=False t=180
19:30:37 INFO arm B                          rep 99/100 det=True t=31
19:30:37 INFO arm B                          rep 100/100 det=False t=180
19:30:38 INFO arm C                          rep  1/100 det=True t=8
19:30:39 INFO arm C                          rep  2/100 det=True t=4
19:30:40 INFO arm C                          rep  3/100 det=False t=180
19:30:40 INFO arm C                          rep  4/100 det=True t=94
19:30:41 INFO arm C                          rep  5/100 det=False t=180
19:30:42 INFO arm C                          rep  6/100 det=False t=180
19:30:43 INFO arm C                          rep  7/100 det=False t=180
19:30:44 INFO arm C                          rep  8/100 det=False t=180
19:30:45 INFO arm C                          rep  9/100 det=False t=180
19:30:46 INFO arm C                          rep 10/100 det=False t=180
19:30:47 INFO arm C                          rep 11/100 det=False t=180
19:30:48 INFO arm C                          rep 12/100 det=False t=180
19:30:48 INFO arm C                          rep 13/100 det=False t=180
19:30:49 INFO arm C                          rep 14/100 det=False t=180
19:30:50 INFO arm C                          rep 15/100 det=False t=180
19:30:51 INFO arm C                          rep 16/100 det=True t=27
19:30:51 INFO arm C                          rep 17/100 det=False t=180
19:30:52 INFO arm C                          rep 18/100 det=False t=180
19:30:53 INFO arm C                          rep 19/100 det=False t=180
19:30:54 INFO arm C                          rep 20/100 det=True t=96
19:30:55 INFO arm C                          rep 21/100 det=False t=180
19:30:56 INFO arm C                          rep 22/100 det=False t=180
19:30:57 INFO arm C                          rep 23/100 det=False t=180
19:30:58 INFO arm C                          rep 24/100 det=False t=180
19:30:59 INFO arm C                          rep 25/100 det=False t=180
19:31:00 INFO arm C                          rep 26/100 det=False t=180
19:31:01 INFO arm C                          rep 27/100 det=False t=180
19:31:02 INFO arm C                          rep 28/100 det=False t=180
19:31:03 INFO arm C                          rep 29/100 det=False t=180
19:31:03 INFO arm C                          rep 30/100 det=True t=37
19:31:04 INFO arm C                          rep 31/100 det=False t=180
19:31:05 INFO arm C                          rep 32/100 det=False t=180
19:31:06 INFO arm C                          rep 33/100 det=False t=180
19:31:07 INFO arm C                          rep 34/100 det=True t=134
19:31:08 INFO arm C                          rep 35/100 det=False t=180
19:31:09 INFO arm C                          rep 36/100 det=False t=180
19:31:10 INFO arm C                          rep 37/100 det=False t=180
19:31:11 INFO arm C                          rep 38/100 det=False t=180
19:31:11 INFO arm C                          rep 39/100 det=False t=180
19:31:12 INFO arm C                          rep 40/100 det=False t=180
19:31:13 INFO arm C                          rep 41/100 det=True t=15
19:31:14 INFO arm C                          rep 42/100 det=False t=180
19:31:15 INFO arm C                          rep 43/100 det=False t=180
19:31:15 INFO arm C                          rep 44/100 det=True t=47
19:31:16 INFO arm C                          rep 45/100 det=False t=180
19:31:17 INFO arm C                          rep 46/100 det=False t=180
19:31:18 INFO arm C                          rep 47/100 det=False t=180
19:31:19 INFO arm C                          rep 48/100 det=False t=180
19:31:19 INFO arm C                          rep 49/100 det=True t=34
19:31:20 INFO arm C                          rep 50/100 det=True t=44
19:31:21 INFO arm C                          rep 51/100 det=False t=180
19:31:22 INFO arm C                          rep 52/100 det=False t=180
19:31:23 INFO arm C                          rep 53/100 det=False t=180
19:31:24 INFO arm C                          rep 54/100 det=True t=131
19:31:25 INFO arm C                          rep 55/100 det=False t=180
19:31:25 INFO arm C                          rep 56/100 det=False t=180
19:31:26 INFO arm C                          rep 57/100 det=False t=180
19:31:27 INFO arm C                          rep 58/100 det=False t=180
19:31:28 INFO arm C                          rep 59/100 det=False t=180
19:31:29 INFO arm C                          rep 60/100 det=False t=180
19:31:30 INFO arm C                          rep 61/100 det=False t=180
19:31:31 INFO arm C                          rep 62/100 det=False t=180
19:31:32 INFO arm C                          rep 63/100 det=True t=99
19:31:33 INFO arm C                          rep 64/100 det=False t=180
19:31:34 INFO arm C                          rep 65/100 det=False t=180
19:31:35 INFO arm C                          rep 66/100 det=False t=180
19:31:35 INFO arm C                          rep 67/100 det=True t=37
19:31:36 INFO arm C                          rep 68/100 det=False t=180
19:31:37 INFO arm C                          rep 69/100 det=False t=180
19:31:38 INFO arm C                          rep 70/100 det=False t=180
19:31:39 INFO arm C                          rep 71/100 det=True t=137
19:31:40 INFO arm C                          rep 72/100 det=False t=180
19:31:41 INFO arm C                          rep 73/100 det=False t=180
19:31:42 INFO arm C                          rep 74/100 det=False t=180
19:31:43 INFO arm C                          rep 75/100 det=False t=180
19:31:44 INFO arm C                          rep 76/100 det=False t=180
19:31:45 INFO arm C                          rep 77/100 det=False t=180
19:31:45 INFO arm C                          rep 78/100 det=False t=180
19:31:46 INFO arm C                          rep 79/100 det=True t=173
19:31:47 INFO arm C                          rep 80/100 det=False t=180
19:31:48 INFO arm C                          rep 81/100 det=False t=180
19:31:49 INFO arm C                          rep 82/100 det=False t=180
19:31:50 INFO arm C                          rep 83/100 det=False t=180
19:31:51 INFO arm C                          rep 84/100 det=False t=180
19:31:52 INFO arm C                          rep 85/100 det=False t=180
19:31:53 INFO arm C                          rep 86/100 det=False t=180
19:31:54 INFO arm C                          rep 87/100 det=False t=180
19:31:55 INFO arm C                          rep 88/100 det=False t=180
19:31:55 INFO arm C                          rep 89/100 det=False t=180
19:31:56 INFO arm C                          rep 90/100 det=False t=180
19:31:57 INFO arm C                          rep 91/100 det=False t=180
19:31:58 INFO arm C                          rep 92/100 det=False t=180
19:31:59 INFO arm C                          rep 93/100 det=False t=180
19:32:00 INFO arm C                          rep 94/100 det=False t=180
19:32:01 INFO arm C                          rep 95/100 det=False t=180
19:32:02 INFO arm C                          rep 96/100 det=False t=180
19:32:03 INFO arm C                          rep 97/100 det=False t=180
19:32:03 INFO arm C                          rep 98/100 det=False t=180
19:32:04 INFO arm C                          rep 99/100 det=False t=180
19:32:05 INFO arm C                          rep 100/100 det=False t=180
19:32:05 INFO arm D                          rep  1/100 det=True t=7
19:32:05 INFO arm D                          rep  2/100 det=True t=11
19:32:06 INFO arm D                          rep  3/100 det=True t=40
19:32:07 INFO arm D                          rep  4/100 det=False t=180
19:32:07 INFO arm D                          rep  5/100 det=True t=162
19:32:08 INFO arm D                          rep  6/100 det=False t=180
19:32:09 INFO arm D                          rep  7/100 det=False t=180
19:32:09 INFO arm D                          rep  8/100 det=False t=180
19:32:10 INFO arm D                          rep  9/100 det=False t=180
19:32:11 INFO arm D                          rep 10/100 det=False t=180
19:32:12 INFO arm D                          rep 11/100 det=False t=180
19:32:12 INFO arm D                          rep 12/100 det=False t=180
19:32:13 INFO arm D                          rep 13/100 det=False t=180
19:32:14 INFO arm D                          rep 14/100 det=False t=180
19:32:14 INFO arm D                          rep 15/100 det=False t=180
19:32:14 INFO arm D                          rep 16/100 det=True t=27
19:32:15 INFO arm D                          rep 17/100 det=False t=180
19:32:15 INFO arm D                          rep 18/100 det=True t=116
19:32:16 INFO arm D                          rep 19/100 det=False t=180
19:32:17 INFO arm D                          rep 20/100 det=False t=180
19:32:18 INFO arm D                          rep 21/100 det=False t=180
19:32:19 INFO arm D                          rep 22/100 det=False t=180
19:32:19 INFO arm D                          rep 23/100 det=False t=180
19:32:20 INFO arm D                          rep 24/100 det=True t=66
19:32:20 INFO arm D                          rep 25/100 det=True t=100
19:32:20 INFO arm D                          rep 26/100 det=True t=7
19:32:21 INFO arm D                          rep 27/100 det=False t=180
19:32:22 INFO arm D                          rep 28/100 det=False t=180
19:32:23 INFO arm D                          rep 29/100 det=False t=180
19:32:23 INFO arm D                          rep 30/100 det=False t=180
19:32:24 INFO arm D                          rep 31/100 det=False t=180
19:32:25 INFO arm D                          rep 32/100 det=False t=180
19:32:26 INFO arm D                          rep 33/100 det=False t=180
19:32:26 INFO arm D                          rep 34/100 det=False t=180
19:32:27 INFO arm D                          rep 35/100 det=False t=180
19:32:28 INFO arm D                          rep 36/100 det=False t=180
19:32:28 INFO arm D                          rep 37/100 det=False t=180
19:32:29 INFO arm D                          rep 38/100 det=False t=180
19:32:29 INFO arm D                          rep 39/100 det=False t=180
19:32:30 INFO arm D                          rep 40/100 det=False t=180
19:32:30 INFO arm D                          rep 41/100 det=True t=15
19:32:31 INFO arm D                          rep 42/100 det=False t=180
19:32:31 INFO arm D                          rep 43/100 det=False t=180
19:32:32 INFO arm D                          rep 44/100 det=True t=30
19:32:32 INFO arm D                          rep 45/100 det=False t=180
19:32:33 INFO arm D                          rep 46/100 det=False t=180
19:32:34 INFO arm D                          rep 47/100 det=False t=180
19:32:34 INFO arm D                          rep 48/100 det=False t=180
19:32:35 INFO arm D                          rep 49/100 det=True t=56
19:32:35 INFO arm D                          rep 50/100 det=True t=32
19:32:35 INFO arm D                          rep 51/100 det=False t=180
19:32:36 INFO arm D                          rep 52/100 det=False t=180
19:32:37 INFO arm D                          rep 53/100 det=False t=180
19:32:37 INFO arm D                          rep 54/100 det=True t=66
19:32:38 INFO arm D                          rep 55/100 det=True t=35
19:32:38 INFO arm D                          rep 56/100 det=False t=180
19:32:39 INFO arm D                          rep 57/100 det=False t=180
19:32:40 INFO arm D                          rep 58/100 det=False t=180
19:32:40 INFO arm D                          rep 59/100 det=False t=180
19:32:41 INFO arm D                          rep 60/100 det=False t=180
19:32:42 INFO arm D                          rep 61/100 det=False t=180
19:32:42 INFO arm D                          rep 62/100 det=False t=180
19:32:43 INFO arm D                          rep 63/100 det=False t=180
19:32:44 INFO arm D                          rep 64/100 det=False t=180
19:32:45 INFO arm D                          rep 65/100 det=False t=180
19:32:45 INFO arm D                          rep 66/100 det=True t=78
19:32:46 INFO arm D                          rep 67/100 det=True t=169
19:32:46 INFO arm D                          rep 68/100 det=False t=180
19:32:47 INFO arm D                          rep 69/100 det=False t=180
19:32:48 INFO arm D                          rep 70/100 det=False t=180
19:32:48 INFO arm D                          rep 71/100 det=False t=180
19:32:49 INFO arm D                          rep 72/100 det=True t=173
19:32:50 INFO arm D                          rep 73/100 det=True t=159
19:32:51 INFO arm D                          rep 74/100 det=False t=180
19:32:51 INFO arm D                          rep 75/100 det=False t=180
19:32:52 INFO arm D                          rep 76/100 det=False t=180
19:32:53 INFO arm D                          rep 77/100 det=False t=180
19:32:53 INFO arm D                          rep 78/100 det=True t=66
19:32:54 INFO arm D                          rep 79/100 det=False t=180
19:32:54 INFO arm D                          rep 80/100 det=False t=180
19:32:55 INFO arm D                          rep 81/100 det=False t=180
19:32:56 INFO arm D                          rep 82/100 det=False t=180
19:32:56 INFO arm D                          rep 83/100 det=True t=27
19:32:57 INFO arm D                          rep 84/100 det=False t=180
19:32:58 INFO arm D                          rep 85/100 det=False t=180
19:32:58 INFO arm D                          rep 86/100 det=True t=165
19:32:59 INFO arm D                          rep 87/100 det=False t=180
19:32:59 INFO arm D                          rep 88/100 det=True t=38
19:33:00 INFO arm D                          rep 89/100 det=False t=180
19:33:01 INFO arm D                          rep 90/100 det=False t=180
19:33:02 INFO arm D                          rep 91/100 det=False t=180
19:33:02 INFO arm D                          rep 92/100 det=False t=180
19:33:03 INFO arm D                          rep 93/100 det=False t=180
19:33:04 INFO arm D                          rep 94/100 det=False t=180
19:33:04 INFO arm D                          rep 95/100 det=False t=180
19:33:05 INFO arm D                          rep 96/100 det=False t=180
19:33:05 INFO arm D                          rep 97/100 det=False t=180
19:33:06 INFO arm D                          rep 98/100 det=False t=180
19:33:07 INFO arm D                          rep 99/100 det=False t=180
19:33:07 INFO arm D                          rep 100/100 det=False t=180
19:33:08 INFO arm E_static_target            rep  1/100 det=False t=180
19:33:09 INFO arm E_static_target            rep  2/100 det=False t=180
19:33:09 INFO arm E_static_target            rep  3/100 det=True t=153
19:33:10 INFO arm E_static_target            rep  4/100 det=False t=180
19:33:10 INFO arm E_static_target            rep  5/100 det=False t=180
19:33:11 INFO arm E_static_target            rep  6/100 det=False t=180
19:33:11 INFO arm E_static_target            rep  7/100 det=False t=180
19:33:12 INFO arm E_static_target            rep  8/100 det=True t=70
19:33:12 INFO arm E_static_target            rep  9/100 det=False t=180
19:33:13 INFO arm E_static_target            rep 10/100 det=False t=180
19:33:13 INFO arm E_static_target            rep 11/100 det=True t=65
19:33:13 INFO arm E_static_target            rep 12/100 det=False t=180
19:33:14 INFO arm E_static_target            rep 13/100 det=False t=180
19:33:14 INFO arm E_static_target            rep 14/100 det=False t=180
19:33:15 INFO arm E_static_target            rep 15/100 det=False t=180
19:33:15 INFO arm E_static_target            rep 16/100 det=False t=180
19:33:15 INFO arm E_static_target            rep 17/100 det=False t=180
19:33:16 INFO arm E_static_target            rep 18/100 det=False t=180
19:33:16 INFO arm E_static_target            rep 19/100 det=False t=180
19:33:17 INFO arm E_static_target            rep 20/100 det=False t=180
19:33:18 INFO arm E_static_target            rep 21/100 det=False t=180
19:33:18 INFO arm E_static_target            rep 22/100 det=False t=180
19:33:19 INFO arm E_static_target            rep 23/100 det=False t=180
19:33:19 INFO arm E_static_target            rep 24/100 det=False t=180
19:33:20 INFO arm E_static_target            rep 25/100 det=False t=180
19:33:20 INFO arm E_static_target            rep 26/100 det=False t=180
19:33:21 INFO arm E_static_target            rep 27/100 det=False t=180
19:33:21 INFO arm E_static_target            rep 28/100 det=False t=180
19:33:22 INFO arm E_static_target            rep 29/100 det=False t=180
19:33:23 INFO arm E_static_target            rep 30/100 det=False t=180
19:33:23 INFO arm E_static_target            rep 31/100 det=True t=124
19:33:24 INFO arm E_static_target            rep 32/100 det=False t=180
19:33:24 INFO arm E_static_target            rep 33/100 det=False t=180
19:33:25 INFO arm E_static_target            rep 34/100 det=False t=180
19:33:25 INFO arm E_static_target            rep 35/100 det=False t=180
19:33:26 INFO arm E_static_target            rep 36/100 det=False t=180
19:33:26 INFO arm E_static_target            rep 37/100 det=True t=73
19:33:27 INFO arm E_static_target            rep 38/100 det=False t=180
19:33:27 INFO arm E_static_target            rep 39/100 det=False t=180
19:33:28 INFO arm E_static_target            rep 40/100 det=False t=180
19:33:28 INFO arm E_static_target            rep 41/100 det=False t=180
19:33:28 INFO arm E_static_target            rep 42/100 det=False t=180
19:33:29 INFO arm E_static_target            rep 43/100 det=False t=180
19:33:29 INFO arm E_static_target            rep 44/100 det=False t=180
19:33:30 INFO arm E_static_target            rep 45/100 det=False t=180
19:33:30 INFO arm E_static_target            rep 46/100 det=False t=180
19:33:31 INFO arm E_static_target            rep 47/100 det=False t=180
19:33:31 INFO arm E_static_target            rep 48/100 det=False t=180
19:33:32 INFO arm E_static_target            rep 49/100 det=False t=180
19:33:32 INFO arm E_static_target            rep 50/100 det=False t=180
19:33:33 INFO arm E_static_target            rep 51/100 det=False t=180
19:33:33 INFO arm E_static_target            rep 52/100 det=False t=180
19:33:34 INFO arm E_static_target            rep 53/100 det=False t=180
19:33:34 INFO arm E_static_target            rep 54/100 det=True t=24
19:33:35 INFO arm E_static_target            rep 55/100 det=False t=180
19:33:35 INFO arm E_static_target            rep 56/100 det=True t=137
19:33:36 INFO arm E_static_target            rep 57/100 det=False t=180
19:33:36 INFO arm E_static_target            rep 58/100 det=False t=180
19:33:37 INFO arm E_static_target            rep 59/100 det=False t=180
19:33:37 INFO arm E_static_target            rep 60/100 det=False t=180
19:33:38 INFO arm E_static_target            rep 61/100 det=False t=180
19:33:38 INFO arm E_static_target            rep 62/100 det=False t=180
19:33:39 INFO arm E_static_target            rep 63/100 det=True t=174
19:33:39 INFO arm E_static_target            rep 64/100 det=False t=180
19:33:40 INFO arm E_static_target            rep 65/100 det=False t=180
19:33:40 INFO arm E_static_target            rep 66/100 det=False t=180
19:33:41 INFO arm E_static_target            rep 67/100 det=True t=45
19:33:41 INFO arm E_static_target            rep 68/100 det=False t=180
19:33:42 INFO arm E_static_target            rep 69/100 det=False t=180
19:33:42 INFO arm E_static_target            rep 70/100 det=False t=180
19:33:43 INFO arm E_static_target            rep 71/100 det=False t=180
19:33:43 INFO arm E_static_target            rep 72/100 det=False t=180
19:33:44 INFO arm E_static_target            rep 73/100 det=False t=180
19:33:44 INFO arm E_static_target            rep 74/100 det=False t=180
19:33:45 INFO arm E_static_target            rep 75/100 det=False t=180
19:33:45 INFO arm E_static_target            rep 76/100 det=False t=180
19:33:46 INFO arm E_static_target            rep 77/100 det=False t=180
19:33:46 INFO arm E_static_target            rep 78/100 det=False t=180
19:33:46 INFO arm E_static_target            rep 79/100 det=False t=180
19:33:47 INFO arm E_static_target            rep 80/100 det=False t=180
19:33:47 INFO arm E_static_target            rep 81/100 det=False t=180
19:33:48 INFO arm E_static_target            rep 82/100 det=False t=180
19:33:48 INFO arm E_static_target            rep 83/100 det=True t=80
19:33:49 INFO arm E_static_target            rep 84/100 det=False t=180
19:33:49 INFO arm E_static_target            rep 85/100 det=False t=180
19:33:50 INFO arm E_static_target            rep 86/100 det=False t=180
19:33:50 INFO arm E_static_target            rep 87/100 det=False t=180
19:33:51 INFO arm E_static_target            rep 88/100 det=False t=180
19:33:52 INFO arm E_static_target            rep 89/100 det=False t=180
19:33:52 INFO arm E_static_target            rep 90/100 det=False t=180
19:33:53 INFO arm E_static_target            rep 91/100 det=False t=180
19:33:53 INFO arm E_static_target            rep 92/100 det=True t=134
19:33:54 INFO arm E_static_target            rep 93/100 det=False t=180
19:33:54 INFO arm E_static_target            rep 94/100 det=False t=180
19:33:55 INFO arm E_static_target            rep 95/100 det=False t=180
19:33:55 INFO arm E_static_target            rep 96/100 det=False t=180
19:33:56 INFO arm E_static_target            rep 97/100 det=False t=180
19:33:56 INFO arm E_static_target            rep 98/100 det=False t=180
19:33:57 INFO arm E_static_target            rep 99/100 det=False t=180
19:33:57 INFO arm E_static_target            rep 100/100 det=False t=180
19:33:57 INFO compared 4 arm pairs over 2 metrics
19:34:05 INFO arm map_eps=0.0                rep  1/100 det=False t=180
19:34:06 INFO arm map_eps=0.0                rep  2/100 det=False t=180
19:34:07 INFO arm map_eps=0.0                rep  3/100 det=False t=180
19:34:08 INFO arm map_eps=0.0                rep  4/100 det=False t=180
19:34:08 INFO arm map_eps=0.0                rep  5/100 det=True t=149
19:34:09 INFO arm map_eps=0.0                rep  6/100 det=False t=180
19:34:10 INFO arm map_eps=0.0                rep  7/100 det=False t=180
19:34:10 INFO arm map_eps=0.0                rep  8/100 det=True t=38
19:34:11 INFO arm map_eps=0.0                rep  9/100 det=False t=180
19:34:12 INFO arm map_eps=0.0                rep 10/100 det=False t=180
19:34:13 INFO arm map_eps=0.0                rep 11/100 det=False t=180
19:34:13 INFO arm map_eps=0.0                rep 12/100 det=False t=180
19:34:14 INFO arm map_eps=0.0                rep 13/100 det=False t=180
19:34:15 INFO arm map_eps=0.0                rep 14/100 det=False t=180
19:34:16 INFO arm map_eps=0.0                rep 15/100 det=False t=180
19:34:16 INFO arm map_eps=0.0                rep 16/100 det=False t=180
19:34:17 INFO arm map_eps=0.0                rep 17/100 det=False t=180
19:34:18 INFO arm map_eps=0.0                rep 18/100 det=False t=180
19:34:18 INFO arm map_eps=0.0                rep 19/100 det=True t=151
19:34:19 INFO arm map_eps=0.0                rep 20/100 det=False t=180
19:34:19 INFO arm map_eps=0.0                rep 21/100 det=True t=12
19:34:20 INFO arm map_eps=0.0                rep 22/100 det=False t=180
19:34:20 INFO arm map_eps=0.0                rep 23/100 det=False t=180
19:34:21 INFO arm map_eps=0.0                rep 24/100 det=False t=180
19:34:21 INFO arm map_eps=0.0                rep 25/100 det=False t=180
19:34:22 INFO arm map_eps=0.0                rep 26/100 det=False t=180
19:34:23 INFO arm map_eps=0.0                rep 27/100 det=False t=180
19:34:23 INFO arm map_eps=0.0                rep 28/100 det=False t=180
19:34:24 INFO arm map_eps=0.0                rep 29/100 det=False t=180
19:34:25 INFO arm map_eps=0.0                rep 30/100 det=False t=180
19:34:25 INFO arm map_eps=0.0                rep 31/100 det=False t=180
19:34:26 INFO arm map_eps=0.0                rep 32/100 det=False t=180
19:34:27 INFO arm map_eps=0.0                rep 33/100 det=False t=180
19:34:27 INFO arm map_eps=0.0                rep 34/100 det=False t=180
19:34:28 INFO arm map_eps=0.0                rep 35/100 det=False t=180
19:34:29 INFO arm map_eps=0.0                rep 36/100 det=False t=180
19:34:29 INFO arm map_eps=0.0                rep 37/100 det=False t=180
19:34:30 INFO arm map_eps=0.0                rep 38/100 det=False t=180
19:34:31 INFO arm map_eps=0.0                rep 39/100 det=True t=45
19:34:31 INFO arm map_eps=0.0                rep 40/100 det=False t=180
19:34:32 INFO arm map_eps=0.0                rep 41/100 det=False t=180
19:34:33 INFO arm map_eps=0.0                rep 42/100 det=False t=180
19:34:33 INFO arm map_eps=0.0                rep 43/100 det=False t=180
19:34:34 INFO arm map_eps=0.0                rep 44/100 det=False t=180
19:34:35 INFO arm map_eps=0.0                rep 45/100 det=False t=180
19:34:35 INFO arm map_eps=0.0                rep 46/100 det=False t=180
19:34:36 INFO arm map_eps=0.0                rep 47/100 det=False t=180
19:34:37 INFO arm map_eps=0.0                rep 48/100 det=False t=180
19:34:37 INFO arm map_eps=0.0                rep 49/100 det=False t=180
19:34:38 INFO arm map_eps=0.0                rep 50/100 det=False t=180
19:34:38 INFO arm map_eps=0.0                rep 51/100 det=False t=180
19:34:39 INFO arm map_eps=0.0                rep 52/100 det=False t=180
19:34:39 INFO arm map_eps=0.0                rep 53/100 det=False t=180
19:34:40 INFO arm map_eps=0.0                rep 54/100 det=False t=180
19:34:41 INFO arm map_eps=0.0                rep 55/100 det=False t=180
19:34:41 INFO arm map_eps=0.0                rep 56/100 det=False t=180
19:34:42 INFO arm map_eps=0.0                rep 57/100 det=False t=180
19:34:43 INFO arm map_eps=0.0                rep 58/100 det=True t=171
19:34:43 INFO arm map_eps=0.0                rep 59/100 det=True t=83
19:34:44 INFO arm map_eps=0.0                rep 60/100 det=False t=180
19:34:45 INFO arm map_eps=0.0                rep 61/100 det=False t=180
19:34:45 INFO arm map_eps=0.0                rep 62/100 det=False t=180
19:34:46 INFO arm map_eps=0.0                rep 63/100 det=False t=180
19:34:47 INFO arm map_eps=0.0                rep 64/100 det=False t=180
19:34:47 INFO arm map_eps=0.0                rep 65/100 det=True t=25
19:34:48 INFO arm map_eps=0.0                rep 66/100 det=False t=180
19:34:49 INFO arm map_eps=0.0                rep 67/100 det=False t=180
19:34:49 INFO arm map_eps=0.0                rep 68/100 det=False t=180
19:34:50 INFO arm map_eps=0.0                rep 69/100 det=True t=8
19:34:50 INFO arm map_eps=0.0                rep 70/100 det=True t=12
19:34:51 INFO arm map_eps=0.0                rep 71/100 det=False t=180
19:34:51 INFO arm map_eps=0.0                rep 72/100 det=False t=180
19:34:52 INFO arm map_eps=0.0                rep 73/100 det=False t=180
19:34:52 INFO arm map_eps=0.0                rep 74/100 det=True t=93
19:34:53 INFO arm map_eps=0.0                rep 75/100 det=True t=142
19:34:54 INFO arm map_eps=0.0                rep 76/100 det=False t=180
19:34:55 INFO arm map_eps=0.0                rep 77/100 det=False t=180
19:34:55 INFO arm map_eps=0.0                rep 78/100 det=False t=180
19:34:56 INFO arm map_eps=0.0                rep 79/100 det=False t=180
19:34:57 INFO arm map_eps=0.0                rep 80/100 det=True t=87
19:34:57 INFO arm map_eps=0.0                rep 81/100 det=False t=180
19:34:58 INFO arm map_eps=0.0                rep 82/100 det=False t=180
19:34:59 INFO arm map_eps=0.0                rep 83/100 det=True t=83
19:34:59 INFO arm map_eps=0.0                rep 84/100 det=False t=180
19:35:00 INFO arm map_eps=0.0                rep 85/100 det=False t=180
19:35:01 INFO arm map_eps=0.0                rep 86/100 det=True t=75
19:35:01 INFO arm map_eps=0.0                rep 87/100 det=True t=39
19:35:02 INFO arm map_eps=0.0                rep 88/100 det=False t=180
19:35:03 INFO arm map_eps=0.0                rep 89/100 det=True t=51
19:35:03 INFO arm map_eps=0.0                rep 90/100 det=False t=180
19:35:04 INFO arm map_eps=0.0                rep 91/100 det=False t=180
19:35:05 INFO arm map_eps=0.0                rep 92/100 det=False t=180
19:35:05 INFO arm map_eps=0.0                rep 93/100 det=False t=180
19:35:06 INFO arm map_eps=0.0                rep 94/100 det=False t=180
19:35:07 INFO arm map_eps=0.0                rep 95/100 det=False t=180
19:35:07 INFO arm map_eps=0.0                rep 96/100 det=False t=180
19:35:08 INFO arm map_eps=0.0                rep 97/100 det=False t=180
19:35:08 INFO arm map_eps=0.0                rep 98/100 det=True t=50
19:35:09 INFO arm map_eps=0.0                rep 99/100 det=False t=180
19:35:10 INFO arm map_eps=0.0                rep 100/100 det=False t=180
19:35:10 INFO arm map_eps=0.2                rep  1/100 det=True t=3
19:35:11 INFO arm map_eps=0.2                rep  2/100 det=False t=180
19:35:11 INFO arm map_eps=0.2                rep  3/100 det=True t=44
19:35:12 INFO arm map_eps=0.2                rep  4/100 det=False t=180
19:35:13 INFO arm map_eps=0.2                rep  5/100 det=False t=180
19:35:13 INFO arm map_eps=0.2                rep  6/100 det=False t=180
19:35:14 INFO arm map_eps=0.2                rep  7/100 det=False t=180
19:35:15 INFO arm map_eps=0.2                rep  8/100 det=False t=180
19:35:16 INFO arm map_eps=0.2                rep  9/100 det=False t=180
19:35:16 INFO arm map_eps=0.2                rep 10/100 det=False t=180
19:35:17 INFO arm map_eps=0.2                rep 11/100 det=False t=180
19:35:18 INFO arm map_eps=0.2                rep 12/100 det=False t=180
19:35:19 INFO arm map_eps=0.2                rep 13/100 det=False t=180
19:35:19 INFO arm map_eps=0.2                rep 14/100 det=False t=180
19:35:20 INFO arm map_eps=0.2                rep 15/100 det=False t=180
19:35:21 INFO arm map_eps=0.2                rep 16/100 det=False t=180
19:35:22 INFO arm map_eps=0.2                rep 17/100 det=False t=180
19:35:22 INFO arm map_eps=0.2                rep 18/100 det=False t=180
19:35:23 INFO arm map_eps=0.2                rep 19/100 det=True t=47
19:35:24 INFO arm map_eps=0.2                rep 20/100 det=False t=180
19:35:24 INFO arm map_eps=0.2                rep 21/100 det=False t=180
19:35:25 INFO arm map_eps=0.2                rep 22/100 det=False t=180
19:35:26 INFO arm map_eps=0.2                rep 23/100 det=False t=180
19:35:26 INFO arm map_eps=0.2                rep 24/100 det=False t=180
19:35:27 INFO arm map_eps=0.2                rep 25/100 det=False t=180
19:35:27 INFO arm map_eps=0.2                rep 26/100 det=False t=180
19:35:28 INFO arm map_eps=0.2                rep 27/100 det=False t=180
19:35:29 INFO arm map_eps=0.2                rep 28/100 det=True t=141
19:35:29 INFO arm map_eps=0.2                rep 29/100 det=True t=14
19:35:30 INFO arm map_eps=0.2                rep 30/100 det=False t=180
19:35:30 INFO arm map_eps=0.2                rep 31/100 det=False t=180
19:35:31 INFO arm map_eps=0.2                rep 32/100 det=False t=180
19:35:32 INFO arm map_eps=0.2                rep 33/100 det=False t=180
19:35:32 INFO arm map_eps=0.2                rep 34/100 det=False t=180
19:35:33 INFO arm map_eps=0.2                rep 35/100 det=False t=180
19:35:34 INFO arm map_eps=0.2                rep 36/100 det=False t=180
19:35:35 INFO arm map_eps=0.2                rep 37/100 det=False t=180
19:35:35 INFO arm map_eps=0.2                rep 38/100 det=False t=180
19:35:36 INFO arm map_eps=0.2                rep 39/100 det=False t=180
19:35:37 INFO arm map_eps=0.2                rep 40/100 det=False t=180
19:35:37 INFO arm map_eps=0.2                rep 41/100 det=False t=180
19:35:38 INFO arm map_eps=0.2                rep 42/100 det=False t=180
19:35:39 INFO arm map_eps=0.2                rep 43/100 det=False t=180
19:35:39 INFO arm map_eps=0.2                rep 44/100 det=False t=180
19:35:40 INFO arm map_eps=0.2                rep 45/100 det=False t=180
19:35:40 INFO arm map_eps=0.2                rep 46/100 det=True t=47
19:35:41 INFO arm map_eps=0.2                rep 47/100 det=False t=180
19:35:42 INFO arm map_eps=0.2                rep 48/100 det=False t=180
19:35:42 INFO arm map_eps=0.2                rep 49/100 det=False t=180
19:35:43 INFO arm map_eps=0.2                rep 50/100 det=False t=180
19:35:43 INFO arm map_eps=0.2                rep 51/100 det=False t=180
19:35:44 INFO arm map_eps=0.2                rep 52/100 det=False t=180
19:35:45 INFO arm map_eps=0.2                rep 53/100 det=False t=180
19:35:45 INFO arm map_eps=0.2                rep 54/100 det=True t=144
19:35:46 INFO arm map_eps=0.2                rep 55/100 det=False t=180
19:35:47 INFO arm map_eps=0.2                rep 56/100 det=False t=180
19:35:47 INFO arm map_eps=0.2                rep 57/100 det=False t=180
19:35:48 INFO arm map_eps=0.2                rep 58/100 det=True t=172
19:35:48 INFO arm map_eps=0.2                rep 59/100 det=True t=35
19:35:49 INFO arm map_eps=0.2                rep 60/100 det=False t=180
19:35:50 INFO arm map_eps=0.2                rep 61/100 det=False t=180
19:35:50 INFO arm map_eps=0.2                rep 62/100 det=False t=180
19:35:51 INFO arm map_eps=0.2                rep 63/100 det=True t=134
19:35:52 INFO arm map_eps=0.2                rep 64/100 det=False t=180
19:35:52 INFO arm map_eps=0.2                rep 65/100 det=True t=27
19:35:53 INFO arm map_eps=0.2                rep 66/100 det=False t=180
19:35:53 INFO arm map_eps=0.2                rep 67/100 det=False t=180
19:35:54 INFO arm map_eps=0.2                rep 68/100 det=False t=180
19:35:55 INFO arm map_eps=0.2                rep 69/100 det=False t=180
19:35:56 INFO arm map_eps=0.2                rep 70/100 det=False t=180
19:35:56 INFO arm map_eps=0.2                rep 71/100 det=False t=180
19:35:57 INFO arm map_eps=0.2                rep 72/100 det=False t=180
19:35:57 INFO arm map_eps=0.2                rep 73/100 det=True t=79
19:35:58 INFO arm map_eps=0.2                rep 74/100 det=False t=180
19:35:59 INFO arm map_eps=0.2                rep 75/100 det=True t=150
19:36:00 INFO arm map_eps=0.2                rep 76/100 det=False t=180
19:36:01 INFO arm map_eps=0.2                rep 77/100 det=False t=180
19:36:01 INFO arm map_eps=0.2                rep 78/100 det=False t=180
19:36:02 INFO arm map_eps=0.2                rep 79/100 det=False t=180
19:36:03 INFO arm map_eps=0.2                rep 80/100 det=False t=180
19:36:04 INFO arm map_eps=0.2                rep 81/100 det=False t=180
19:36:05 INFO arm map_eps=0.2                rep 82/100 det=False t=180
19:36:05 INFO arm map_eps=0.2                rep 83/100 det=False t=180
19:36:06 INFO arm map_eps=0.2                rep 84/100 det=False t=180
19:36:07 INFO arm map_eps=0.2                rep 85/100 det=False t=180
19:36:08 INFO arm map_eps=0.2                rep 86/100 det=False t=180
19:36:08 INFO arm map_eps=0.2                rep 87/100 det=False t=180
19:36:09 INFO arm map_eps=0.2                rep 88/100 det=True t=64
19:36:10 INFO arm map_eps=0.2                rep 89/100 det=True t=53
19:36:10 INFO arm map_eps=0.2                rep 90/100 det=False t=180
19:36:11 INFO arm map_eps=0.2                rep 91/100 det=False t=180
19:36:12 INFO arm map_eps=0.2                rep 92/100 det=False t=180
19:36:12 INFO arm map_eps=0.2                rep 93/100 det=False t=180
19:36:13 INFO arm map_eps=0.2                rep 94/100 det=False t=180
19:36:14 INFO arm map_eps=0.2                rep 95/100 det=False t=180
19:36:14 INFO arm map_eps=0.2                rep 96/100 det=True t=94
19:36:15 INFO arm map_eps=0.2                rep 97/100 det=False t=180
19:36:15 INFO arm map_eps=0.2                rep 98/100 det=False t=180
19:36:16 INFO arm map_eps=0.2                rep 99/100 det=False t=180
19:36:17 INFO arm map_eps=0.2                rep 100/100 det=False t=180
19:36:17 INFO arm map_eps=0.4                rep  1/100 det=False t=180
19:36:18 INFO arm map_eps=0.4                rep  2/100 det=False t=180
19:36:19 INFO arm map_eps=0.4                rep  3/100 det=False t=180
19:36:20 INFO arm map_eps=0.4                rep  4/100 det=False t=180
19:36:20 INFO arm map_eps=0.4                rep  5/100 det=False t=180
19:36:21 INFO arm map_eps=0.4                rep  6/100 det=False t=180
19:36:22 INFO arm map_eps=0.4                rep  7/100 det=False t=180
19:36:23 INFO arm map_eps=0.4                rep  8/100 det=False t=180
19:36:23 INFO arm map_eps=0.4                rep  9/100 det=False t=180
19:36:24 INFO arm map_eps=0.4                rep 10/100 det=False t=180
19:36:25 INFO arm map_eps=0.4                rep 11/100 det=False t=180
19:36:25 INFO arm map_eps=0.4                rep 12/100 det=False t=180
19:36:26 INFO arm map_eps=0.4                rep 13/100 det=False t=180
19:36:27 INFO arm map_eps=0.4                rep 14/100 det=False t=180
19:36:27 INFO arm map_eps=0.4                rep 15/100 det=False t=180
19:36:28 INFO arm map_eps=0.4                rep 16/100 det=False t=180
19:36:29 INFO arm map_eps=0.4                rep 17/100 det=False t=180
19:36:30 INFO arm map_eps=0.4                rep 18/100 det=False t=180
19:36:30 INFO arm map_eps=0.4                rep 19/100 det=False t=180
19:36:31 INFO arm map_eps=0.4                rep 20/100 det=False t=180
19:36:32 INFO arm map_eps=0.4                rep 21/100 det=False t=180
19:36:32 INFO arm map_eps=0.4                rep 22/100 det=False t=180
19:36:33 INFO arm map_eps=0.4                rep 23/100 det=False t=180
19:36:33 INFO arm map_eps=0.4                rep 24/100 det=False t=180
19:36:34 INFO arm map_eps=0.4                rep 25/100 det=False t=180
19:36:34 INFO arm map_eps=0.4                rep 26/100 det=False t=180
19:36:35 INFO arm map_eps=0.4                rep 27/100 det=False t=180
19:36:36 INFO arm map_eps=0.4                rep 28/100 det=False t=180
19:36:36 INFO arm map_eps=0.4                rep 29/100 det=True t=84
19:36:37 INFO arm map_eps=0.4                rep 30/100 det=False t=180
19:36:38 INFO arm map_eps=0.4                rep 31/100 det=False t=180
19:36:38 INFO arm map_eps=0.4                rep 32/100 det=False t=180
19:36:39 INFO arm map_eps=0.4                rep 33/100 det=False t=180
19:36:40 INFO arm map_eps=0.4                rep 34/100 det=False t=180
19:36:41 INFO arm map_eps=0.4                rep 35/100 det=False t=180
19:36:41 INFO arm map_eps=0.4                rep 36/100 det=False t=180
19:36:42 INFO arm map_eps=0.4                rep 37/100 det=False t=180
19:36:43 INFO arm map_eps=0.4                rep 38/100 det=False t=180
19:36:44 INFO arm map_eps=0.4                rep 39/100 det=False t=180
19:36:44 INFO arm map_eps=0.4                rep 40/100 det=False t=180
19:36:45 INFO arm map_eps=0.4                rep 41/100 det=False t=180
19:36:46 INFO arm map_eps=0.4                rep 42/100 det=True t=131
19:36:46 INFO arm map_eps=0.4                rep 43/100 det=False t=180
19:36:47 INFO arm map_eps=0.4                rep 44/100 det=False t=180
19:36:48 INFO arm map_eps=0.4                rep 45/100 det=False t=180
19:36:48 INFO arm map_eps=0.4                rep 46/100 det=True t=72
19:36:49 INFO arm map_eps=0.4                rep 47/100 det=True t=157
19:36:50 INFO arm map_eps=0.4                rep 48/100 det=False t=180
19:36:50 INFO arm map_eps=0.4                rep 49/100 det=False t=180
19:36:51 INFO arm map_eps=0.4                rep 50/100 det=False t=180
19:36:51 INFO arm map_eps=0.4                rep 51/100 det=False t=180
19:36:52 INFO arm map_eps=0.4                rep 52/100 det=False t=180
19:36:52 INFO arm map_eps=0.4                rep 53/100 det=False t=180
19:36:53 INFO arm map_eps=0.4                rep 54/100 det=False t=180
19:36:54 INFO arm map_eps=0.4                rep 55/100 det=False t=180
19:36:54 INFO arm map_eps=0.4                rep 56/100 det=False t=180
19:36:55 INFO arm map_eps=0.4                rep 57/100 det=False t=180
19:36:56 INFO arm map_eps=0.4                rep 58/100 det=False t=180
19:36:56 INFO arm map_eps=0.4                rep 59/100 det=False t=180
19:36:57 INFO arm map_eps=0.4                rep 60/100 det=False t=180
19:36:58 INFO arm map_eps=0.4                rep 61/100 det=False t=180
19:36:59 INFO arm map_eps=0.4                rep 62/100 det=False t=180
19:36:59 INFO arm map_eps=0.4                rep 63/100 det=True t=137
19:37:00 INFO arm map_eps=0.4                rep 64/100 det=False t=180
19:37:01 INFO arm map_eps=0.4                rep 65/100 det=False t=180
19:37:01 INFO arm map_eps=0.4                rep 66/100 det=False t=180
19:37:02 INFO arm map_eps=0.4                rep 67/100 det=False t=180
19:37:03 INFO arm map_eps=0.4                rep 68/100 det=False t=180
19:37:03 INFO arm map_eps=0.4                rep 69/100 det=True t=8
19:37:03 INFO arm map_eps=0.4                rep 70/100 det=False t=180
19:37:04 INFO arm map_eps=0.4                rep 71/100 det=False t=180
19:37:05 INFO arm map_eps=0.4                rep 72/100 det=False t=180
19:37:05 INFO arm map_eps=0.4                rep 73/100 det=False t=180
19:37:06 INFO arm map_eps=0.4                rep 74/100 det=True t=164
19:37:07 INFO arm map_eps=0.4                rep 75/100 det=False t=180
19:37:08 INFO arm map_eps=0.4                rep 76/100 det=False t=180
19:37:09 INFO arm map_eps=0.4                rep 77/100 det=False t=180
19:37:09 INFO arm map_eps=0.4                rep 78/100 det=False t=180
19:37:10 INFO arm map_eps=0.4                rep 79/100 det=False t=180
19:37:11 INFO arm map_eps=0.4                rep 80/100 det=False t=180
19:37:11 INFO arm map_eps=0.4                rep 81/100 det=True t=21
19:37:12 INFO arm map_eps=0.4                rep 82/100 det=True t=124
19:37:12 INFO arm map_eps=0.4                rep 83/100 det=False t=180
19:37:13 INFO arm map_eps=0.4                rep 84/100 det=False t=180
19:37:13 INFO arm map_eps=0.4                rep 85/100 det=False t=180
19:37:14 INFO arm map_eps=0.4                rep 86/100 det=False t=180
19:37:15 INFO arm map_eps=0.4                rep 87/100 det=False t=180
19:37:16 INFO arm map_eps=0.4                rep 88/100 det=True t=60
19:37:16 INFO arm map_eps=0.4                rep 89/100 det=False t=180
19:37:17 INFO arm map_eps=0.4                rep 90/100 det=False t=180
19:37:18 INFO arm map_eps=0.4                rep 91/100 det=False t=180
19:37:18 INFO arm map_eps=0.4                rep 92/100 det=False t=180
19:37:19 INFO arm map_eps=0.4                rep 93/100 det=False t=180
19:37:20 INFO arm map_eps=0.4                rep 94/100 det=False t=180
19:37:20 INFO arm map_eps=0.4                rep 95/100 det=False t=180
19:37:21 INFO arm map_eps=0.4                rep 96/100 det=True t=132
19:37:22 INFO arm map_eps=0.4                rep 97/100 det=False t=180
19:37:23 INFO arm map_eps=0.4                rep 98/100 det=False t=180
19:37:23 INFO arm map_eps=0.4                rep 99/100 det=False t=180
19:37:24 INFO arm map_eps=0.4                rep 100/100 det=False t=180
19:37:24 INFO arm map_eps=0.6                rep  1/100 det=True t=9
19:37:25 INFO arm map_eps=0.6                rep  2/100 det=False t=180
19:37:26 INFO arm map_eps=0.6                rep  3/100 det=False t=180
19:37:27 INFO arm map_eps=0.6                rep  4/100 det=False t=180
19:37:27 INFO arm map_eps=0.6                rep  5/100 det=False t=180
19:37:28 INFO arm map_eps=0.6                rep  6/100 det=False t=180
19:37:29 INFO arm map_eps=0.6                rep  7/100 det=False t=180
19:37:30 INFO arm map_eps=0.6                rep  8/100 det=False t=180
19:37:30 INFO arm map_eps=0.6                rep  9/100 det=False t=180
19:37:31 INFO arm map_eps=0.6                rep 10/100 det=False t=180
19:37:32 INFO arm map_eps=0.6                rep 11/100 det=False t=180
19:37:32 INFO arm map_eps=0.6                rep 12/100 det=False t=180
19:37:33 INFO arm map_eps=0.6                rep 13/100 det=False t=180
19:37:34 INFO arm map_eps=0.6                rep 14/100 det=False t=180
19:37:34 INFO arm map_eps=0.6                rep 15/100 det=False t=180
19:37:35 INFO arm map_eps=0.6                rep 16/100 det=True t=108
19:37:36 INFO arm map_eps=0.6                rep 17/100 det=False t=180
19:37:37 INFO arm map_eps=0.6                rep 18/100 det=False t=180
19:37:37 INFO arm map_eps=0.6                rep 19/100 det=False t=180
19:37:38 INFO arm map_eps=0.6                rep 20/100 det=False t=180
19:37:38 INFO arm map_eps=0.6                rep 21/100 det=True t=14
19:37:39 INFO arm map_eps=0.6                rep 22/100 det=False t=180
19:37:39 INFO arm map_eps=0.6                rep 23/100 det=False t=180
19:37:40 INFO arm map_eps=0.6                rep 24/100 det=False t=180
19:37:40 INFO arm map_eps=0.6                rep 25/100 det=False t=180
19:37:41 INFO arm map_eps=0.6                rep 26/100 det=True t=124
19:37:41 INFO arm map_eps=0.6                rep 27/100 det=False t=180
19:37:42 INFO arm map_eps=0.6                rep 28/100 det=False t=180
19:37:42 INFO arm map_eps=0.6                rep 29/100 det=True t=10
19:37:43 INFO arm map_eps=0.6                rep 30/100 det=False t=180
19:37:43 INFO arm map_eps=0.6                rep 31/100 det=False t=180
19:37:44 INFO arm map_eps=0.6                rep 32/100 det=False t=180
19:37:45 INFO arm map_eps=0.6                rep 33/100 det=False t=180
19:37:45 INFO arm map_eps=0.6                rep 34/100 det=False t=180
19:37:46 INFO arm map_eps=0.6                rep 35/100 det=False t=180
19:37:47 INFO arm map_eps=0.6                rep 36/100 det=False t=180
19:37:47 INFO arm map_eps=0.6                rep 37/100 det=False t=180
19:37:48 INFO arm map_eps=0.6                rep 38/100 det=False t=180
19:37:49 INFO arm map_eps=0.6                rep 39/100 det=True t=58
19:37:49 INFO arm map_eps=0.6                rep 40/100 det=False t=180
19:37:50 INFO arm map_eps=0.6                rep 41/100 det=False t=180
19:37:51 INFO arm map_eps=0.6                rep 42/100 det=False t=180
19:37:51 INFO arm map_eps=0.6                rep 43/100 det=False t=180
19:37:52 INFO arm map_eps=0.6                rep 44/100 det=False t=180
19:37:52 INFO arm map_eps=0.6                rep 45/100 det=False t=180
19:37:53 INFO arm map_eps=0.6                rep 46/100 det=True t=120
19:37:54 INFO arm map_eps=0.6                rep 47/100 det=True t=150
19:37:54 INFO arm map_eps=0.6                rep 48/100 det=False t=180
19:37:55 INFO arm map_eps=0.6                rep 49/100 det=False t=180
19:37:55 INFO arm map_eps=0.6                rep 50/100 det=False t=180
19:37:56 INFO arm map_eps=0.6                rep 51/100 det=False t=180
19:37:56 INFO arm map_eps=0.6                rep 52/100 det=False t=180
19:37:57 INFO arm map_eps=0.6                rep 53/100 det=False t=180
19:37:58 INFO arm map_eps=0.6                rep 54/100 det=False t=180
19:37:58 INFO arm map_eps=0.6                rep 55/100 det=False t=180
19:37:59 INFO arm map_eps=0.6                rep 56/100 det=False t=180
19:38:00 INFO arm map_eps=0.6                rep 57/100 det=False t=180
19:38:01 INFO arm map_eps=0.6                rep 58/100 det=False t=180
19:38:01 INFO arm map_eps=0.6                rep 59/100 det=False t=180
19:38:02 INFO arm map_eps=0.6                rep 60/100 det=False t=180
19:38:03 INFO arm map_eps=0.6                rep 61/100 det=False t=180
19:38:04 INFO arm map_eps=0.6                rep 62/100 det=False t=180
19:38:04 INFO arm map_eps=0.6                rep 63/100 det=False t=180
19:38:05 INFO arm map_eps=0.6                rep 64/100 det=False t=180
19:38:05 INFO arm map_eps=0.6                rep 65/100 det=True t=27
19:38:06 INFO arm map_eps=0.6                rep 66/100 det=False t=180
19:38:07 INFO arm map_eps=0.6                rep 67/100 det=False t=180
19:38:08 INFO arm map_eps=0.6                rep 68/100 det=False t=180
19:38:08 INFO arm map_eps=0.6                rep 69/100 det=False t=180
19:38:09 INFO arm map_eps=0.6                rep 70/100 det=False t=180
19:38:10 INFO arm map_eps=0.6                rep 71/100 det=False t=180
19:38:10 INFO arm map_eps=0.6                rep 72/100 det=False t=180
19:38:11 INFO arm map_eps=0.6                rep 73/100 det=False t=180
19:38:11 INFO arm map_eps=0.6                rep 74/100 det=False t=180
19:38:12 INFO arm map_eps=0.6                rep 75/100 det=False t=180
19:38:13 INFO arm map_eps=0.6                rep 76/100 det=False t=180
19:38:14 INFO arm map_eps=0.6                rep 77/100 det=False t=180
19:38:15 INFO arm map_eps=0.6                rep 78/100 det=False t=180
19:38:15 INFO arm map_eps=0.6                rep 79/100 det=False t=180
19:38:16 INFO arm map_eps=0.6                rep 80/100 det=False t=180
19:38:17 INFO arm map_eps=0.6                rep 81/100 det=False t=180
19:38:17 INFO arm map_eps=0.6                rep 82/100 det=False t=180
19:38:18 INFO arm map_eps=0.6                rep 83/100 det=False t=180
19:38:19 INFO arm map_eps=0.6                rep 84/100 det=False t=180
19:38:19 INFO arm map_eps=0.6                rep 85/100 det=False t=180
19:38:20 INFO arm map_eps=0.6                rep 86/100 det=False t=180
19:38:21 INFO arm map_eps=0.6                rep 87/100 det=True t=38
19:38:21 INFO arm map_eps=0.6                rep 88/100 det=False t=180
19:38:22 INFO arm map_eps=0.6                rep 89/100 det=False t=180
19:38:23 INFO arm map_eps=0.6                rep 90/100 det=False t=180
19:38:23 INFO arm map_eps=0.6                rep 91/100 det=False t=180
19:38:24 INFO arm map_eps=0.6                rep 92/100 det=False t=180
19:38:24 INFO arm map_eps=0.6                rep 93/100 det=False t=180
19:38:25 INFO arm map_eps=0.6                rep 94/100 det=False t=180
19:38:26 INFO arm map_eps=0.6                rep 95/100 det=False t=180
19:38:26 INFO arm map_eps=0.6                rep 96/100 det=False t=180
19:38:27 INFO arm map_eps=0.6                rep 97/100 det=False t=180
19:38:28 INFO arm map_eps=0.6                rep 98/100 det=False t=180
19:38:28 INFO arm map_eps=0.6                rep 99/100 det=False t=180
19:38:29 INFO arm map_eps=0.6                rep 100/100 det=False t=180
19:38:30 INFO arm q_bias=0.6                 rep  1/100 det=False t=180
19:38:30 INFO arm q_bias=0.6                 rep  2/100 det=False t=180
19:38:31 INFO arm q_bias=0.6                 rep  3/100 det=False t=180
19:38:32 INFO arm q_bias=0.6                 rep  4/100 det=False t=180
19:38:32 INFO arm q_bias=0.6                 rep  5/100 det=False t=180
19:38:33 INFO arm q_bias=0.6                 rep  6/100 det=False t=180
19:38:34 INFO arm q_bias=0.6                 rep  7/100 det=False t=180
19:38:34 INFO arm q_bias=0.6                 rep  8/100 det=False t=180
19:38:35 INFO arm q_bias=0.6                 rep  9/100 det=False t=180
19:38:36 INFO arm q_bias=0.6                 rep 10/100 det=False t=180
19:38:37 INFO arm q_bias=0.6                 rep 11/100 det=False t=180
19:38:38 INFO arm q_bias=0.6                 rep 12/100 det=False t=180
19:38:39 INFO arm q_bias=0.6                 rep 13/100 det=False t=180
19:38:40 INFO arm q_bias=0.6                 rep 14/100 det=False t=180
19:38:41 INFO arm q_bias=0.6                 rep 15/100 det=False t=180
19:38:42 INFO arm q_bias=0.6                 rep 16/100 det=False t=180
19:38:43 INFO arm q_bias=0.6                 rep 17/100 det=False t=180
19:38:44 INFO arm q_bias=0.6                 rep 18/100 det=False t=180
19:38:44 INFO arm q_bias=0.6                 rep 19/100 det=True t=58
19:38:45 INFO arm q_bias=0.6                 rep 20/100 det=False t=180
19:38:45 INFO arm q_bias=0.6                 rep 21/100 det=False t=180
19:38:46 INFO arm q_bias=0.6                 rep 22/100 det=False t=180
19:38:47 INFO arm q_bias=0.6                 rep 23/100 det=False t=180
19:38:47 INFO arm q_bias=0.6                 rep 24/100 det=False t=180
19:38:48 INFO arm q_bias=0.6                 rep 25/100 det=False t=180
19:38:49 INFO arm q_bias=0.6                 rep 26/100 det=False t=180
19:38:49 INFO arm q_bias=0.6                 rep 27/100 det=False t=180
19:38:50 INFO arm q_bias=0.6                 rep 28/100 det=False t=180
19:38:50 INFO arm q_bias=0.6                 rep 29/100 det=True t=10
19:38:51 INFO arm q_bias=0.6                 rep 30/100 det=False t=180
19:38:51 INFO arm q_bias=0.6                 rep 31/100 det=True t=64
19:38:53 INFO arm q_bias=0.6                 rep 32/100 det=False t=180
19:38:55 INFO arm q_bias=0.6                 rep 33/100 det=False t=180
19:38:55 INFO arm q_bias=0.6                 rep 34/100 det=False t=180
19:38:56 INFO arm q_bias=0.6                 rep 35/100 det=False t=180
19:38:57 INFO arm q_bias=0.6                 rep 36/100 det=False t=180
19:38:58 INFO arm q_bias=0.6                 rep 37/100 det=False t=180
19:38:58 INFO arm q_bias=0.6                 rep 38/100 det=False t=180
19:38:59 INFO arm q_bias=0.6                 rep 39/100 det=False t=180
19:38:59 INFO arm q_bias=0.6                 rep 40/100 det=False t=180
19:39:00 INFO arm q_bias=0.6                 rep 41/100 det=False t=180
19:39:01 INFO arm q_bias=0.6                 rep 42/100 det=True t=150
19:39:01 INFO arm q_bias=0.6                 rep 43/100 det=False t=180
19:39:02 INFO arm q_bias=0.6                 rep 44/100 det=False t=180
19:39:03 INFO arm q_bias=0.6                 rep 45/100 det=False t=180
19:39:03 INFO arm q_bias=0.6                 rep 46/100 det=True t=40
19:39:04 INFO arm q_bias=0.6                 rep 47/100 det=True t=154
19:39:05 INFO arm q_bias=0.6                 rep 48/100 det=False t=180
19:39:05 INFO arm q_bias=0.6                 rep 49/100 det=False t=180
19:39:07 INFO arm q_bias=0.6                 rep 50/100 det=False t=180
19:39:07 INFO arm q_bias=0.6                 rep 51/100 det=False t=180
19:39:08 INFO arm q_bias=0.6                 rep 52/100 det=False t=180
19:39:08 INFO arm q_bias=0.6                 rep 53/100 det=False t=180
19:39:09 INFO arm q_bias=0.6                 rep 54/100 det=False t=180
19:39:10 INFO arm q_bias=0.6                 rep 55/100 det=False t=180
19:39:10 INFO arm q_bias=0.6                 rep 56/100 det=False t=180
19:39:11 INFO arm q_bias=0.6                 rep 57/100 det=False t=180
19:39:11 INFO arm q_bias=0.6                 rep 58/100 det=True t=98
19:39:12 INFO arm q_bias=0.6                 rep 59/100 det=False t=180
19:39:13 INFO arm q_bias=0.6                 rep 60/100 det=False t=180
19:39:13 INFO arm q_bias=0.6                 rep 61/100 det=False t=180
19:39:14 INFO arm q_bias=0.6                 rep 62/100 det=False t=180
19:39:15 INFO arm q_bias=0.6                 rep 63/100 det=False t=180
19:39:15 INFO arm q_bias=0.6                 rep 64/100 det=False t=180
19:39:16 INFO arm q_bias=0.6                 rep 65/100 det=True t=21
19:39:16 INFO arm q_bias=0.6                 rep 66/100 det=False t=180
19:39:18 INFO arm q_bias=0.6                 rep 67/100 det=False t=180
19:39:19 INFO arm q_bias=0.6                 rep 68/100 det=False t=180
19:39:19 INFO arm q_bias=0.6                 rep 69/100 det=True t=98
19:39:20 INFO arm q_bias=0.6                 rep 70/100 det=False t=180
19:39:21 INFO arm q_bias=0.6                 rep 71/100 det=False t=180
19:39:22 INFO arm q_bias=0.6                 rep 72/100 det=False t=180
19:39:22 INFO arm q_bias=0.6                 rep 73/100 det=False t=180
19:39:23 INFO arm q_bias=0.6                 rep 74/100 det=False t=180
19:39:24 INFO arm q_bias=0.6                 rep 75/100 det=False t=180
19:39:25 INFO arm q_bias=0.6                 rep 76/100 det=False t=180
19:39:25 INFO arm q_bias=0.6                 rep 77/100 det=False t=180
19:39:26 INFO arm q_bias=0.6                 rep 78/100 det=False t=180
19:39:27 INFO arm q_bias=0.6                 rep 79/100 det=False t=180
19:39:28 INFO arm q_bias=0.6                 rep 80/100 det=False t=180
19:39:29 INFO arm q_bias=0.6                 rep 81/100 det=False t=180
19:39:30 INFO arm q_bias=0.6                 rep 82/100 det=False t=180
19:39:30 INFO arm q_bias=0.6                 rep 83/100 det=False t=180
19:39:32 INFO arm q_bias=0.6                 rep 84/100 det=False t=180
19:39:32 INFO arm q_bias=0.6                 rep 85/100 det=False t=180
19:39:33 INFO arm q_bias=0.6                 rep 86/100 det=False t=180
19:39:34 INFO arm q_bias=0.6                 rep 87/100 det=False t=180
19:39:35 INFO arm q_bias=0.6                 rep 88/100 det=False t=180
19:39:35 INFO arm q_bias=0.6                 rep 89/100 det=True t=56
19:39:36 INFO arm q_bias=0.6                 rep 90/100 det=False t=180
19:39:37 INFO arm q_bias=0.6                 rep 91/100 det=False t=180
19:39:38 INFO arm q_bias=0.6                 rep 92/100 det=False t=180
19:39:38 INFO arm q_bias=0.6                 rep 93/100 det=False t=180
19:39:39 INFO arm q_bias=0.6                 rep 94/100 det=True t=165
19:39:39 INFO arm q_bias=0.6                 rep 95/100 det=False t=180
19:39:40 INFO arm q_bias=0.6                 rep 96/100 det=True t=93
19:39:41 INFO arm q_bias=0.6                 rep 97/100 det=False t=180
19:39:41 INFO arm q_bias=0.6                 rep 98/100 det=False t=180
19:39:42 INFO arm q_bias=0.6                 rep 99/100 det=False t=180
19:39:43 INFO arm q_bias=0.6                 rep 100/100 det=False t=180
19:39:44 INFO arm q_bias=0.8                 rep  1/100 det=True t=7
19:39:45 INFO arm q_bias=0.8                 rep  2/100 det=False t=180
19:39:46 INFO arm q_bias=0.8                 rep  3/100 det=True t=75
19:39:46 INFO arm q_bias=0.8                 rep  4/100 det=False t=180
19:39:47 INFO arm q_bias=0.8                 rep  5/100 det=True t=147
19:39:47 INFO arm q_bias=0.8                 rep  6/100 det=False t=180
19:39:48 INFO arm q_bias=0.8                 rep  7/100 det=False t=180
19:39:49 INFO arm q_bias=0.8                 rep  8/100 det=False t=180
19:39:50 INFO arm q_bias=0.8                 rep  9/100 det=False t=180
19:39:50 INFO arm q_bias=0.8                 rep 10/100 det=False t=180
19:39:51 INFO arm q_bias=0.8                 rep 11/100 det=False t=180
19:39:52 INFO arm q_bias=0.8                 rep 12/100 det=False t=180
19:39:52 INFO arm q_bias=0.8                 rep 13/100 det=False t=180
19:39:53 INFO arm q_bias=0.8                 rep 14/100 det=False t=180
19:39:54 INFO arm q_bias=0.8                 rep 15/100 det=False t=180
19:39:55 INFO arm q_bias=0.8                 rep 16/100 det=False t=180
19:39:55 INFO arm q_bias=0.8                 rep 17/100 det=False t=180
19:39:58 INFO arm q_bias=0.8                 rep 18/100 det=False t=180
19:39:58 INFO arm q_bias=0.8                 rep 19/100 det=True t=115
19:39:59 INFO arm q_bias=0.8                 rep 20/100 det=False t=180
19:39:59 INFO arm q_bias=0.8                 rep 21/100 det=True t=12
19:40:00 INFO arm q_bias=0.8                 rep 22/100 det=False t=180
19:40:01 INFO arm q_bias=0.8                 rep 23/100 det=False t=180
19:40:01 INFO arm q_bias=0.8                 rep 24/100 det=False t=180
19:40:02 INFO arm q_bias=0.8                 rep 25/100 det=False t=180
19:40:02 INFO arm q_bias=0.8                 rep 26/100 det=True t=62
19:40:03 INFO arm q_bias=0.8                 rep 27/100 det=False t=180
19:40:03 INFO arm q_bias=0.8                 rep 28/100 det=True t=134
19:40:03 INFO arm q_bias=0.8                 rep 29/100 det=True t=13
19:40:04 INFO arm q_bias=0.8                 rep 30/100 det=False t=180
19:40:04 INFO arm q_bias=0.8                 rep 31/100 det=True t=63
19:40:05 INFO arm q_bias=0.8                 rep 32/100 det=False t=180
19:40:06 INFO arm q_bias=0.8                 rep 33/100 det=False t=180
19:40:06 INFO arm q_bias=0.8                 rep 34/100 det=False t=180
19:40:08 INFO arm q_bias=0.8                 rep 35/100 det=False t=180
19:40:08 INFO arm q_bias=0.8                 rep 36/100 det=False t=180
19:40:09 INFO arm q_bias=0.8                 rep 37/100 det=False t=180
19:40:10 INFO arm q_bias=0.8                 rep 38/100 det=False t=180
19:40:10 INFO arm q_bias=0.8                 rep 39/100 det=False t=180
19:40:11 INFO arm q_bias=0.8                 rep 40/100 det=False t=180
19:40:11 INFO arm q_bias=0.8                 rep 41/100 det=False t=180
19:40:12 INFO arm q_bias=0.8                 rep 42/100 det=True t=80
19:40:13 INFO arm q_bias=0.8                 rep 43/100 det=False t=180
19:40:13 INFO arm q_bias=0.8                 rep 44/100 det=False t=180
19:40:14 INFO arm q_bias=0.8                 rep 45/100 det=False t=180
19:40:15 INFO arm q_bias=0.8                 rep 46/100 det=False t=180
19:40:15 INFO arm q_bias=0.8                 rep 47/100 det=False t=180
19:40:16 INFO arm q_bias=0.8                 rep 48/100 det=False t=180
19:40:17 INFO arm q_bias=0.8                 rep 49/100 det=False t=180
19:40:17 INFO arm q_bias=0.8                 rep 50/100 det=False t=180
19:40:18 INFO arm q_bias=0.8                 rep 51/100 det=False t=180
19:40:19 INFO arm q_bias=0.8                 rep 52/100 det=False t=180
19:40:20 INFO arm q_bias=0.8                 rep 53/100 det=False t=180
19:40:21 INFO arm q_bias=0.8                 rep 54/100 det=False t=180
19:40:21 INFO arm q_bias=0.8                 rep 55/100 det=True t=121
19:40:22 INFO arm q_bias=0.8                 rep 56/100 det=False t=180
19:40:23 INFO arm q_bias=0.8                 rep 57/100 det=False t=180
19:40:23 INFO arm q_bias=0.8                 rep 58/100 det=False t=180
19:40:24 INFO arm q_bias=0.8                 rep 59/100 det=True t=82
19:40:25 INFO arm q_bias=0.8                 rep 60/100 det=False t=180
19:40:25 INFO arm q_bias=0.8                 rep 61/100 det=False t=180
19:40:26 INFO arm q_bias=0.8                 rep 62/100 det=False t=180
19:40:27 INFO arm q_bias=0.8                 rep 63/100 det=False t=180
19:40:27 INFO arm q_bias=0.8                 rep 64/100 det=False t=180
19:40:28 INFO arm q_bias=0.8                 rep 65/100 det=True t=26
19:40:28 INFO arm q_bias=0.8                 rep 66/100 det=False t=180
19:40:29 INFO arm q_bias=0.8                 rep 67/100 det=False t=180
19:40:30 INFO arm q_bias=0.8                 rep 68/100 det=False t=180
19:40:31 INFO arm q_bias=0.8                 rep 69/100 det=True t=97
19:40:32 INFO arm q_bias=0.8                 rep 70/100 det=False t=180
19:40:33 INFO arm q_bias=0.8                 rep 71/100 det=False t=180
19:40:34 INFO arm q_bias=0.8                 rep 72/100 det=False t=180
19:40:34 INFO arm q_bias=0.8                 rep 73/100 det=False t=180
19:40:35 INFO arm q_bias=0.8                 rep 74/100 det=False t=180
19:40:35 INFO arm q_bias=0.8                 rep 75/100 det=True t=144
19:40:36 INFO arm q_bias=0.8                 rep 76/100 det=False t=180
19:40:37 INFO arm q_bias=0.8                 rep 77/100 det=False t=180
19:40:37 INFO arm q_bias=0.8                 rep 78/100 det=False t=180
19:40:38 INFO arm q_bias=0.8                 rep 79/100 det=False t=180
19:40:39 INFO arm q_bias=0.8                 rep 80/100 det=False t=180
19:40:40 INFO arm q_bias=0.8                 rep 81/100 det=False t=180
19:40:40 INFO arm q_bias=0.8                 rep 82/100 det=False t=180
19:40:42 INFO arm q_bias=0.8                 rep 83/100 det=False t=180
19:40:42 INFO arm q_bias=0.8                 rep 84/100 det=False t=180
19:40:43 INFO arm q_bias=0.8                 rep 85/100 det=False t=180
19:40:45 INFO arm q_bias=0.8                 rep 86/100 det=False t=180
19:40:46 INFO arm q_bias=0.8                 rep 87/100 det=False t=180
19:40:46 INFO arm q_bias=0.8                 rep 88/100 det=True t=58
19:40:46 INFO arm q_bias=0.8                 rep 89/100 det=True t=57
19:40:47 INFO arm q_bias=0.8                 rep 90/100 det=False t=180
19:40:48 INFO arm q_bias=0.8                 rep 91/100 det=False t=180
19:40:48 INFO arm q_bias=0.8                 rep 92/100 det=False t=180
19:40:49 INFO arm q_bias=0.8                 rep 93/100 det=False t=180
19:40:50 INFO arm q_bias=0.8                 rep 94/100 det=False t=180
19:40:50 INFO arm q_bias=0.8                 rep 95/100 det=False t=180
19:40:51 INFO arm q_bias=0.8                 rep 96/100 det=False t=180
19:40:51 INFO arm q_bias=0.8                 rep 97/100 det=False t=180
19:40:52 INFO arm q_bias=0.8                 rep 98/100 det=False t=180
19:40:53 INFO arm q_bias=0.8                 rep 99/100 det=False t=180
19:40:54 INFO arm q_bias=0.8                 rep 100/100 det=False t=180
19:40:54 INFO arm q_bias=1.0                 rep  1/100 det=True t=7
19:40:55 INFO arm q_bias=1.0                 rep  2/100 det=False t=180
19:40:57 INFO arm q_bias=1.0                 rep  3/100 det=False t=180
19:40:57 INFO arm q_bias=1.0                 rep  4/100 det=False t=180
19:40:58 INFO arm q_bias=1.0                 rep  5/100 det=False t=180
19:40:59 INFO arm q_bias=1.0                 rep  6/100 det=False t=180
19:41:00 INFO arm q_bias=1.0                 rep  7/100 det=False t=180
19:41:00 INFO arm q_bias=1.0                 rep  8/100 det=False t=180
19:41:01 INFO arm q_bias=1.0                 rep  9/100 det=False t=180
19:41:02 INFO arm q_bias=1.0                 rep 10/100 det=False t=180
19:41:03 INFO arm q_bias=1.0                 rep 11/100 det=False t=180
19:41:04 INFO arm q_bias=1.0                 rep 12/100 det=False t=180
19:41:05 INFO arm q_bias=1.0                 rep 13/100 det=False t=180
19:41:05 INFO arm q_bias=1.0                 rep 14/100 det=False t=180
19:41:06 INFO arm q_bias=1.0                 rep 15/100 det=False t=180
19:41:07 INFO arm q_bias=1.0                 rep 16/100 det=True t=81
19:41:07 INFO arm q_bias=1.0                 rep 17/100 det=False t=180
19:41:08 INFO arm q_bias=1.0                 rep 18/100 det=False t=180
19:41:09 INFO arm q_bias=1.0                 rep 19/100 det=False t=180
19:41:10 INFO arm q_bias=1.0                 rep 20/100 det=False t=180
19:41:10 INFO arm q_bias=1.0                 rep 21/100 det=True t=169
19:41:11 INFO arm q_bias=1.0                 rep 22/100 det=False t=180
19:41:12 INFO arm q_bias=1.0                 rep 23/100 det=False t=180
19:41:12 INFO arm q_bias=1.0                 rep 24/100 det=False t=180
19:41:13 INFO arm q_bias=1.0                 rep 25/100 det=False t=180
19:41:13 INFO arm q_bias=1.0                 rep 26/100 det=True t=63
19:41:14 INFO arm q_bias=1.0                 rep 27/100 det=False t=180
19:41:15 INFO arm q_bias=1.0                 rep 28/100 det=False t=180
19:41:15 INFO arm q_bias=1.0                 rep 29/100 det=True t=10
19:41:15 INFO arm q_bias=1.0                 rep 30/100 det=False t=180
19:41:16 INFO arm q_bias=1.0                 rep 31/100 det=True t=63
19:41:17 INFO arm q_bias=1.0                 rep 32/100 det=False t=180
19:41:17 INFO arm q_bias=1.0                 rep 33/100 det=False t=180
19:41:18 INFO arm q_bias=1.0                 rep 34/100 det=False t=180
19:41:18 INFO arm q_bias=1.0                 rep 35/100 det=False t=180
19:41:19 INFO arm q_bias=1.0                 rep 36/100 det=False t=180
19:41:20 INFO arm q_bias=1.0                 rep 37/100 det=False t=180
19:41:21 INFO arm q_bias=1.0                 rep 38/100 det=False t=180
19:41:21 INFO arm q_bias=1.0                 rep 39/100 det=False t=180
19:41:22 INFO arm q_bias=1.0                 rep 40/100 det=False t=180
19:41:23 INFO arm q_bias=1.0                 rep 41/100 det=False t=180
19:41:23 INFO arm q_bias=1.0                 rep 42/100 det=False t=180
19:41:24 INFO arm q_bias=1.0                 rep 43/100 det=False t=180
19:41:25 INFO arm q_bias=1.0                 rep 44/100 det=False t=180
19:41:25 INFO arm q_bias=1.0                 rep 45/100 det=False t=180
19:41:26 INFO arm q_bias=1.0                 rep 46/100 det=False t=180
19:41:27 INFO arm q_bias=1.0                 rep 47/100 det=False t=180
19:41:27 INFO arm q_bias=1.0                 rep 48/100 det=False t=180
19:41:28 INFO arm q_bias=1.0                 rep 49/100 det=False t=180
19:41:28 INFO arm q_bias=1.0                 rep 50/100 det=False t=180
19:41:29 INFO arm q_bias=1.0                 rep 51/100 det=False t=180
19:41:29 INFO arm q_bias=1.0                 rep 52/100 det=False t=180
19:41:30 INFO arm q_bias=1.0                 rep 53/100 det=False t=180
19:41:31 INFO arm q_bias=1.0                 rep 54/100 det=False t=180
19:41:31 INFO arm q_bias=1.0                 rep 55/100 det=False t=180
19:41:32 INFO arm q_bias=1.0                 rep 56/100 det=False t=180
19:41:33 INFO arm q_bias=1.0                 rep 57/100 det=False t=180
19:41:34 INFO arm q_bias=1.0                 rep 58/100 det=True t=172
19:41:34 INFO arm q_bias=1.0                 rep 59/100 det=True t=82
19:41:35 INFO arm q_bias=1.0                 rep 60/100 det=False t=180
19:41:35 INFO arm q_bias=1.0                 rep 61/100 det=False t=180
19:41:36 INFO arm q_bias=1.0                 rep 62/100 det=False t=180
19:41:37 INFO arm q_bias=1.0                 rep 63/100 det=False t=180
19:41:38 INFO arm q_bias=1.0                 rep 64/100 det=False t=180
19:41:38 INFO arm q_bias=1.0                 rep 65/100 det=True t=83
19:41:39 INFO arm q_bias=1.0                 rep 66/100 det=False t=180
19:41:40 INFO arm q_bias=1.0                 rep 67/100 det=False t=180
19:41:40 INFO arm q_bias=1.0                 rep 68/100 det=False t=180
19:41:41 INFO arm q_bias=1.0                 rep 69/100 det=True t=179
19:41:41 INFO arm q_bias=1.0                 rep 70/100 det=True t=13
19:41:42 INFO arm q_bias=1.0                 rep 71/100 det=False t=180
19:41:43 INFO arm q_bias=1.0                 rep 72/100 det=False t=180
19:41:43 INFO arm q_bias=1.0                 rep 73/100 det=False t=180
19:41:44 INFO arm q_bias=1.0                 rep 74/100 det=True t=109
19:41:45 INFO arm q_bias=1.0                 rep 75/100 det=True t=142
19:41:46 INFO arm q_bias=1.0                 rep 76/100 det=False t=180
19:41:47 INFO arm q_bias=1.0                 rep 77/100 det=False t=180
19:41:47 INFO arm q_bias=1.0                 rep 78/100 det=False t=180
19:41:48 INFO arm q_bias=1.0                 rep 79/100 det=False t=180
19:41:49 INFO arm q_bias=1.0                 rep 80/100 det=True t=87
19:41:50 INFO arm q_bias=1.0                 rep 81/100 det=False t=180
19:41:50 INFO arm q_bias=1.0                 rep 82/100 det=False t=180
19:41:51 INFO arm q_bias=1.0                 rep 83/100 det=False t=180
19:41:52 INFO arm q_bias=1.0                 rep 84/100 det=False t=180
19:41:52 INFO arm q_bias=1.0                 rep 85/100 det=False t=180
19:41:53 INFO arm q_bias=1.0                 rep 86/100 det=False t=180
19:41:53 INFO arm q_bias=1.0                 rep 87/100 det=True t=38
19:41:54 INFO arm q_bias=1.0                 rep 88/100 det=True t=64
19:41:55 INFO arm q_bias=1.0                 rep 89/100 det=False t=180
19:41:55 INFO arm q_bias=1.0                 rep 90/100 det=False t=180
19:41:56 INFO arm q_bias=1.0                 rep 91/100 det=False t=180
19:41:57 INFO arm q_bias=1.0                 rep 92/100 det=False t=180
19:41:57 INFO arm q_bias=1.0                 rep 93/100 det=False t=180
19:41:58 INFO arm q_bias=1.0                 rep 94/100 det=False t=180
19:41:59 INFO arm q_bias=1.0                 rep 95/100 det=False t=180
19:41:59 INFO arm q_bias=1.0                 rep 96/100 det=False t=180
19:42:00 INFO arm q_bias=1.0                 rep 97/100 det=False t=180
19:42:01 INFO arm q_bias=1.0                 rep 98/100 det=False t=180
19:42:01 INFO arm q_bias=1.0                 rep 99/100 det=False t=180
19:42:02 INFO arm q_bias=1.0                 rep 100/100 det=False t=180
19:42:02 INFO arm q_bias=1.2                 rep  1/100 det=True t=7
19:42:03 INFO arm q_bias=1.2                 rep  2/100 det=False t=180
19:42:04 INFO arm q_bias=1.2                 rep  3/100 det=False t=180
19:42:04 INFO arm q_bias=1.2                 rep  4/100 det=False t=180
19:42:05 INFO arm q_bias=1.2                 rep  5/100 det=False t=180
19:42:06 INFO arm q_bias=1.2                 rep  6/100 det=False t=180
19:42:06 INFO arm q_bias=1.2                 rep  7/100 det=False t=180
19:42:07 INFO arm q_bias=1.2                 rep  8/100 det=False t=180
19:42:08 INFO arm q_bias=1.2                 rep  9/100 det=False t=180
19:42:09 INFO arm q_bias=1.2                 rep 10/100 det=False t=180
19:42:09 INFO arm q_bias=1.2                 rep 11/100 det=True t=149
19:42:10 INFO arm q_bias=1.2                 rep 12/100 det=False t=180
19:42:11 INFO arm q_bias=1.2                 rep 13/100 det=False t=180
19:42:12 INFO arm q_bias=1.2                 rep 14/100 det=False t=180
19:42:12 INFO arm q_bias=1.2                 rep 15/100 det=False t=180
19:42:13 INFO arm q_bias=1.2                 rep 16/100 det=False t=180
19:42:14 INFO arm q_bias=1.2                 rep 17/100 det=False t=180
19:42:14 INFO arm q_bias=1.2                 rep 18/100 det=False t=180
19:42:15 INFO arm q_bias=1.2                 rep 19/100 det=True t=47
19:42:15 INFO arm q_bias=1.2                 rep 20/100 det=False t=180
19:42:16 INFO arm q_bias=1.2                 rep 21/100 det=False t=180
19:42:17 INFO arm q_bias=1.2                 rep 22/100 det=False t=180
19:42:17 INFO arm q_bias=1.2                 rep 23/100 det=False t=180
19:42:18 INFO arm q_bias=1.2                 rep 24/100 det=False t=180
19:42:18 INFO arm q_bias=1.2                 rep 25/100 det=False t=180
19:42:19 INFO arm q_bias=1.2                 rep 26/100 det=False t=180
19:42:20 INFO arm q_bias=1.2                 rep 27/100 det=False t=180
19:42:20 INFO arm q_bias=1.2                 rep 28/100 det=False t=180
19:42:20 INFO arm q_bias=1.2                 rep 29/100 det=True t=14
19:42:22 INFO arm q_bias=1.2                 rep 30/100 det=False t=180
19:42:23 INFO arm q_bias=1.2                 rep 31/100 det=False t=180
19:42:24 INFO arm q_bias=1.2                 rep 32/100 det=False t=180
19:42:24 INFO arm q_bias=1.2                 rep 33/100 det=False t=180
19:42:25 INFO arm q_bias=1.2                 rep 34/100 det=False t=180
19:42:26 INFO arm q_bias=1.2                 rep 35/100 det=False t=180
19:42:26 INFO arm q_bias=1.2                 rep 36/100 det=False t=180
19:42:27 INFO arm q_bias=1.2                 rep 37/100 det=False t=180
19:42:28 INFO arm q_bias=1.2                 rep 38/100 det=False t=180
19:42:28 INFO arm q_bias=1.2                 rep 39/100 det=False t=180
19:42:29 INFO arm q_bias=1.2                 rep 40/100 det=False t=180
19:42:30 INFO arm q_bias=1.2                 rep 41/100 det=False t=180
19:42:30 INFO arm q_bias=1.2                 rep 42/100 det=True t=78
19:42:31 INFO arm q_bias=1.2                 rep 43/100 det=False t=180
19:42:31 INFO arm q_bias=1.2                 rep 44/100 det=False t=180
19:42:33 INFO arm q_bias=1.2                 rep 45/100 det=False t=180
19:42:33 INFO arm q_bias=1.2                 rep 46/100 det=False t=180
19:42:35 INFO arm q_bias=1.2                 rep 47/100 det=False t=180
19:42:36 INFO arm q_bias=1.2                 rep 48/100 det=False t=180
19:42:36 INFO arm q_bias=1.2                 rep 49/100 det=False t=180
19:42:37 INFO arm q_bias=1.2                 rep 50/100 det=False t=180
19:42:37 INFO arm q_bias=1.2                 rep 51/100 det=False t=180
19:42:38 INFO arm q_bias=1.2                 rep 52/100 det=False t=180
19:42:39 INFO arm q_bias=1.2                 rep 53/100 det=False t=180
19:42:39 INFO arm q_bias=1.2                 rep 54/100 det=False t=180
19:42:40 INFO arm q_bias=1.2                 rep 55/100 det=False t=180
19:42:41 INFO arm q_bias=1.2                 rep 56/100 det=False t=180
19:42:41 INFO arm q_bias=1.2                 rep 57/100 det=False t=180
19:42:42 INFO arm q_bias=1.2                 rep 58/100 det=False t=180
19:42:42 INFO arm q_bias=1.2                 rep 59/100 det=True t=81
19:42:43 INFO arm q_bias=1.2                 rep 60/100 det=False t=180
19:42:44 INFO arm q_bias=1.2                 rep 61/100 det=False t=180
19:42:44 INFO arm q_bias=1.2                 rep 62/100 det=False t=180
19:42:45 INFO arm q_bias=1.2                 rep 63/100 det=False t=180
19:42:46 INFO arm q_bias=1.2                 rep 64/100 det=True t=95
19:42:46 INFO arm q_bias=1.2                 rep 65/100 det=True t=27
19:42:47 INFO arm q_bias=1.2                 rep 66/100 det=False t=180
19:42:48 INFO arm q_bias=1.2                 rep 67/100 det=False t=180
19:42:48 INFO arm q_bias=1.2                 rep 68/100 det=False t=180
19:42:49 INFO arm q_bias=1.2                 rep 69/100 det=False t=180
19:42:50 INFO arm q_bias=1.2                 rep 70/100 det=False t=180
19:42:50 INFO arm q_bias=1.2                 rep 71/100 det=False t=180
19:42:51 INFO arm q_bias=1.2                 rep 72/100 det=False t=180
19:42:51 INFO arm q_bias=1.2                 rep 73/100 det=True t=69
19:42:52 INFO arm q_bias=1.2                 rep 74/100 det=False t=180
19:42:52 INFO arm q_bias=1.2                 rep 75/100 det=False t=180
19:42:53 INFO arm q_bias=1.2                 rep 76/100 det=False t=180
19:42:54 INFO arm q_bias=1.2                 rep 77/100 det=False t=180
19:42:57 INFO arm q_bias=1.2                 rep 78/100 det=False t=180
19:42:58 INFO arm q_bias=1.2                 rep 79/100 det=False t=180
19:42:58 INFO arm q_bias=1.2                 rep 80/100 det=True t=86
19:43:00 INFO arm q_bias=1.2                 rep 81/100 det=False t=180
19:43:01 INFO arm q_bias=1.2                 rep 82/100 det=False t=180
19:43:02 INFO arm q_bias=1.2                 rep 83/100 det=False t=180
19:43:02 INFO arm q_bias=1.2                 rep 84/100 det=False t=180
19:43:03 INFO arm q_bias=1.2                 rep 85/100 det=False t=180
19:43:04 INFO arm q_bias=1.2                 rep 86/100 det=False t=180
19:43:04 INFO arm q_bias=1.2                 rep 87/100 det=False t=180
19:43:05 INFO arm q_bias=1.2                 rep 88/100 det=False t=180
19:43:06 INFO arm q_bias=1.2                 rep 89/100 det=False t=180
19:43:07 INFO arm q_bias=1.2                 rep 90/100 det=False t=180
19:43:07 INFO arm q_bias=1.2                 rep 91/100 det=False t=180
19:43:08 INFO arm q_bias=1.2                 rep 92/100 det=False t=180
19:43:08 INFO arm q_bias=1.2                 rep 93/100 det=True t=125
19:43:09 INFO arm q_bias=1.2                 rep 94/100 det=True t=168
19:43:10 INFO arm q_bias=1.2                 rep 95/100 det=False t=180
19:43:11 INFO arm q_bias=1.2                 rep 96/100 det=True t=104
19:43:12 INFO arm q_bias=1.2                 rep 97/100 det=False t=180
19:43:13 INFO arm q_bias=1.2                 rep 98/100 det=False t=180
19:43:14 INFO arm q_bias=1.2                 rep 99/100 det=False t=180
19:43:15 INFO arm q_bias=1.2                 rep 100/100 det=False t=180
19:43:15 INFO arm q_bias=1.4                 rep  1/100 det=True t=3
19:43:15 INFO arm q_bias=1.4                 rep  2/100 det=False t=180
19:43:16 INFO arm q_bias=1.4                 rep  3/100 det=True t=144
19:43:17 INFO arm q_bias=1.4                 rep  4/100 det=False t=180
19:43:18 INFO arm q_bias=1.4                 rep  5/100 det=False t=180
19:43:18 INFO arm q_bias=1.4                 rep  6/100 det=False t=180
19:43:19 INFO arm q_bias=1.4                 rep  7/100 det=False t=180
19:43:20 INFO arm q_bias=1.4                 rep  8/100 det=False t=180
19:43:21 INFO arm q_bias=1.4                 rep  9/100 det=False t=180
19:43:21 INFO arm q_bias=1.4                 rep 10/100 det=False t=180
19:43:22 INFO arm q_bias=1.4                 rep 11/100 det=False t=180
19:43:23 INFO arm q_bias=1.4                 rep 12/100 det=False t=180
19:43:24 INFO arm q_bias=1.4                 rep 13/100 det=False t=180
19:43:25 INFO arm q_bias=1.4                 rep 14/100 det=False t=180
19:43:26 INFO arm q_bias=1.4                 rep 15/100 det=False t=180
19:43:27 INFO arm q_bias=1.4                 rep 16/100 det=False t=180
19:43:28 INFO arm q_bias=1.4                 rep 17/100 det=False t=180
19:43:28 INFO arm q_bias=1.4                 rep 18/100 det=True t=85
19:43:29 INFO arm q_bias=1.4                 rep 19/100 det=True t=118
19:43:29 INFO arm q_bias=1.4                 rep 20/100 det=False t=180
19:43:30 INFO arm q_bias=1.4                 rep 21/100 det=False t=180
19:43:31 INFO arm q_bias=1.4                 rep 22/100 det=False t=180
19:43:31 INFO arm q_bias=1.4                 rep 23/100 det=False t=180
19:43:32 INFO arm q_bias=1.4                 rep 24/100 det=False t=180
19:43:32 INFO arm q_bias=1.4                 rep 25/100 det=False t=180
19:43:33 INFO arm q_bias=1.4                 rep 26/100 det=False t=180
19:43:33 INFO arm q_bias=1.4                 rep 27/100 det=False t=180
19:43:34 INFO arm q_bias=1.4                 rep 28/100 det=False t=180
19:43:34 INFO arm q_bias=1.4                 rep 29/100 det=True t=10
19:43:35 INFO arm q_bias=1.4                 rep 30/100 det=False t=180
19:43:35 INFO arm q_bias=1.4                 rep 31/100 det=False t=180
19:43:37 INFO arm q_bias=1.4                 rep 32/100 det=False t=180
19:43:37 INFO arm q_bias=1.4                 rep 33/100 det=False t=180
19:43:38 INFO arm q_bias=1.4                 rep 34/100 det=False t=180
19:43:39 INFO arm q_bias=1.4                 rep 35/100 det=False t=180
19:43:39 INFO arm q_bias=1.4                 rep 36/100 det=False t=180
19:43:40 INFO arm q_bias=1.4                 rep 37/100 det=False t=180
19:43:41 INFO arm q_bias=1.4                 rep 38/100 det=False t=180
19:43:41 INFO arm q_bias=1.4                 rep 39/100 det=True t=63
19:43:42 INFO arm q_bias=1.4                 rep 40/100 det=False t=180
19:43:42 INFO arm q_bias=1.4                 rep 41/100 det=False t=180
19:43:43 INFO arm q_bias=1.4                 rep 42/100 det=False t=180
19:43:44 INFO arm q_bias=1.4                 rep 43/100 det=False t=180
19:43:44 INFO arm q_bias=1.4                 rep 44/100 det=False t=180
19:43:45 INFO arm q_bias=1.4                 rep 45/100 det=False t=180
19:43:46 INFO arm q_bias=1.4                 rep 46/100 det=False t=180
19:43:46 INFO arm q_bias=1.4                 rep 47/100 det=False t=180
19:43:48 INFO arm q_bias=1.4                 rep 48/100 det=False t=180
19:43:49 INFO arm q_bias=1.4                 rep 49/100 det=False t=180
19:43:50 INFO arm q_bias=1.4                 rep 50/100 det=False t=180
19:43:50 INFO arm q_bias=1.4                 rep 51/100 det=False t=180
19:43:51 INFO arm q_bias=1.4                 rep 52/100 det=False t=180
19:43:52 INFO arm q_bias=1.4                 rep 53/100 det=False t=180
19:43:52 INFO arm q_bias=1.4                 rep 54/100 det=False t=180
19:43:53 INFO arm q_bias=1.4                 rep 55/100 det=True t=105
19:43:54 INFO arm q_bias=1.4                 rep 56/100 det=False t=180
19:43:54 INFO arm q_bias=1.4                 rep 57/100 det=False t=180
19:43:55 INFO arm q_bias=1.4                 rep 58/100 det=False t=180
19:43:55 INFO arm q_bias=1.4                 rep 59/100 det=False t=180
19:43:56 INFO arm q_bias=1.4                 rep 60/100 det=False t=180
19:43:57 INFO arm q_bias=1.4                 rep 61/100 det=False t=180
19:43:58 INFO arm q_bias=1.4                 rep 62/100 det=False t=180
19:43:58 INFO arm q_bias=1.4                 rep 63/100 det=False t=180
19:43:59 INFO arm q_bias=1.4                 rep 64/100 det=False t=180
19:43:59 INFO arm q_bias=1.4                 rep 65/100 det=True t=22
19:44:01 INFO arm q_bias=1.4                 rep 66/100 det=False t=180
19:44:02 INFO arm q_bias=1.4                 rep 67/100 det=False t=180
19:44:03 INFO arm q_bias=1.4                 rep 68/100 det=False t=180
19:44:03 INFO arm q_bias=1.4                 rep 69/100 det=True t=166
19:44:04 INFO arm q_bias=1.4                 rep 70/100 det=False t=180
19:44:05 INFO arm q_bias=1.4                 rep 71/100 det=False t=180
19:44:05 INFO arm q_bias=1.4                 rep 72/100 det=False t=180
19:44:06 INFO arm q_bias=1.4                 rep 73/100 det=False t=180
19:44:06 INFO arm q_bias=1.4                 rep 74/100 det=False t=180
19:44:07 INFO arm q_bias=1.4                 rep 75/100 det=False t=180
19:44:08 INFO arm q_bias=1.4                 rep 76/100 det=False t=180
19:44:09 INFO arm q_bias=1.4                 rep 77/100 det=False t=180
19:44:09 INFO arm q_bias=1.4                 rep 78/100 det=False t=180
19:44:11 INFO arm q_bias=1.4                 rep 79/100 det=False t=180
19:44:12 INFO arm q_bias=1.4                 rep 80/100 det=False t=180
19:44:13 INFO arm q_bias=1.4                 rep 81/100 det=False t=180
19:44:14 INFO arm q_bias=1.4                 rep 82/100 det=False t=180
19:44:16 INFO arm q_bias=1.4                 rep 83/100 det=False t=180
19:44:16 INFO arm q_bias=1.4                 rep 84/100 det=False t=180
19:44:17 INFO arm q_bias=1.4                 rep 85/100 det=False t=180
19:44:18 INFO arm q_bias=1.4                 rep 86/100 det=False t=180
19:44:18 INFO arm q_bias=1.4                 rep 87/100 det=False t=180
19:44:19 INFO arm q_bias=1.4                 rep 88/100 det=False t=180
19:44:20 INFO arm q_bias=1.4                 rep 89/100 det=False t=180
19:44:21 INFO arm q_bias=1.4                 rep 90/100 det=False t=180
19:44:21 INFO arm q_bias=1.4                 rep 91/100 det=False t=180
19:44:22 INFO arm q_bias=1.4                 rep 92/100 det=True t=167
19:44:22 INFO arm q_bias=1.4                 rep 93/100 det=False t=180
19:44:23 INFO arm q_bias=1.4                 rep 94/100 det=False t=180
19:44:24 INFO arm q_bias=1.4                 rep 95/100 det=False t=180
19:44:24 INFO arm q_bias=1.4                 rep 96/100 det=True t=118
19:44:27 INFO arm q_bias=1.4                 rep 97/100 det=False t=180
19:44:27 INFO arm q_bias=1.4                 rep 98/100 det=True t=45
19:44:28 INFO arm q_bias=1.4                 rep 99/100 det=False t=180
19:44:30 INFO arm q_bias=1.4                 rep 100/100 det=False t=180
19:44:30 INFO arm beta_bias=-0.3             rep  1/100 det=True t=4
19:44:31 INFO arm beta_bias=-0.3             rep  2/100 det=False t=180
19:44:32 INFO arm beta_bias=-0.3             rep  3/100 det=True t=97
19:44:32 INFO arm beta_bias=-0.3             rep  4/100 det=False t=180
19:44:33 INFO arm beta_bias=-0.3             rep  5/100 det=False t=180
19:44:34 INFO arm beta_bias=-0.3             rep  6/100 det=False t=180
19:44:35 INFO arm beta_bias=-0.3             rep  7/100 det=False t=180
19:44:35 INFO arm beta_bias=-0.3             rep  8/100 det=False t=180
19:44:36 INFO arm beta_bias=-0.3             rep  9/100 det=False t=180
19:44:37 INFO arm beta_bias=-0.3             rep 10/100 det=False t=180
19:44:38 INFO arm beta_bias=-0.3             rep 11/100 det=False t=180
19:44:39 INFO arm beta_bias=-0.3             rep 12/100 det=False t=180
19:44:40 INFO arm beta_bias=-0.3             rep 13/100 det=True t=149
19:44:40 INFO arm beta_bias=-0.3             rep 14/100 det=False t=180
19:44:41 INFO arm beta_bias=-0.3             rep 15/100 det=False t=180
19:44:42 INFO arm beta_bias=-0.3             rep 16/100 det=True t=89
19:44:42 INFO arm beta_bias=-0.3             rep 17/100 det=False t=180
19:44:43 INFO arm beta_bias=-0.3             rep 18/100 det=False t=180
19:44:44 INFO arm beta_bias=-0.3             rep 19/100 det=False t=180
19:44:45 INFO arm beta_bias=-0.3             rep 20/100 det=False t=180
19:44:46 INFO arm beta_bias=-0.3             rep 21/100 det=False t=180
19:44:46 INFO arm beta_bias=-0.3             rep 22/100 det=False t=180
19:44:47 INFO arm beta_bias=-0.3             rep 23/100 det=False t=180
19:44:48 INFO arm beta_bias=-0.3             rep 24/100 det=False t=180
19:44:48 INFO arm beta_bias=-0.3             rep 25/100 det=False t=180
19:44:49 INFO arm beta_bias=-0.3             rep 26/100 det=False t=180
19:44:50 INFO arm beta_bias=-0.3             rep 27/100 det=False t=180
19:44:51 INFO arm beta_bias=-0.3             rep 28/100 det=False t=180
19:44:51 INFO arm beta_bias=-0.3             rep 29/100 det=True t=10
19:44:51 INFO arm beta_bias=-0.3             rep 30/100 det=False t=180
19:44:52 INFO arm beta_bias=-0.3             rep 31/100 det=False t=180
19:44:53 INFO arm beta_bias=-0.3             rep 32/100 det=False t=180
19:44:53 INFO arm beta_bias=-0.3             rep 33/100 det=False t=180
19:44:54 INFO arm beta_bias=-0.3             rep 34/100 det=False t=180
19:44:55 INFO arm beta_bias=-0.3             rep 35/100 det=False t=180
19:44:56 INFO arm beta_bias=-0.3             rep 36/100 det=False t=180
19:44:56 INFO arm beta_bias=-0.3             rep 37/100 det=False t=180
19:44:57 INFO arm beta_bias=-0.3             rep 38/100 det=False t=180
19:44:58 INFO arm beta_bias=-0.3             rep 39/100 det=True t=98
19:44:58 INFO arm beta_bias=-0.3             rep 40/100 det=False t=180
19:44:59 INFO arm beta_bias=-0.3             rep 41/100 det=False t=180
19:45:00 INFO arm beta_bias=-0.3             rep 42/100 det=True t=130
19:45:00 INFO arm beta_bias=-0.3             rep 43/100 det=False t=180
19:45:01 INFO arm beta_bias=-0.3             rep 44/100 det=False t=180
19:45:02 INFO arm beta_bias=-0.3             rep 45/100 det=False t=180
19:45:02 INFO arm beta_bias=-0.3             rep 46/100 det=True t=112
19:45:03 INFO arm beta_bias=-0.3             rep 47/100 det=True t=156
19:45:04 INFO arm beta_bias=-0.3             rep 48/100 det=True t=127
19:45:04 INFO arm beta_bias=-0.3             rep 49/100 det=False t=180
19:45:05 INFO arm beta_bias=-0.3             rep 50/100 det=False t=180
19:45:05 INFO arm beta_bias=-0.3             rep 51/100 det=False t=180
19:45:06 INFO arm beta_bias=-0.3             rep 52/100 det=True t=132
19:45:07 INFO arm beta_bias=-0.3             rep 53/100 det=False t=180
19:45:07 INFO arm beta_bias=-0.3             rep 54/100 det=False t=180
19:45:08 INFO arm beta_bias=-0.3             rep 55/100 det=True t=95
19:45:09 INFO arm beta_bias=-0.3             rep 56/100 det=False t=180
19:45:09 INFO arm beta_bias=-0.3             rep 57/100 det=False t=180
19:45:10 INFO arm beta_bias=-0.3             rep 58/100 det=False t=180
19:45:11 INFO arm beta_bias=-0.3             rep 59/100 det=True t=82
19:45:11 INFO arm beta_bias=-0.3             rep 60/100 det=False t=180
19:45:12 INFO arm beta_bias=-0.3             rep 61/100 det=False t=180
19:45:13 INFO arm beta_bias=-0.3             rep 62/100 det=False t=180
19:45:14 INFO arm beta_bias=-0.3             rep 63/100 det=False t=180
19:45:14 INFO arm beta_bias=-0.3             rep 64/100 det=False t=180
19:45:15 INFO arm beta_bias=-0.3             rep 65/100 det=True t=22
19:45:16 INFO arm beta_bias=-0.3             rep 66/100 det=False t=180
19:45:16 INFO arm beta_bias=-0.3             rep 67/100 det=False t=180
19:45:17 INFO arm beta_bias=-0.3             rep 68/100 det=False t=180
19:45:18 INFO arm beta_bias=-0.3             rep 69/100 det=False t=180
19:45:18 INFO arm beta_bias=-0.3             rep 70/100 det=True t=13
19:45:19 INFO arm beta_bias=-0.3             rep 71/100 det=False t=180
19:45:20 INFO arm beta_bias=-0.3             rep 72/100 det=False t=180
19:45:21 INFO arm beta_bias=-0.3             rep 73/100 det=False t=180
19:45:21 INFO arm beta_bias=-0.3             rep 74/100 det=False t=180
19:45:22 INFO arm beta_bias=-0.3             rep 75/100 det=False t=180
19:45:23 INFO arm beta_bias=-0.3             rep 76/100 det=False t=180
19:45:24 INFO arm beta_bias=-0.3             rep 77/100 det=False t=180
19:45:25 INFO arm beta_bias=-0.3             rep 78/100 det=False t=180
19:45:26 INFO arm beta_bias=-0.3             rep 79/100 det=False t=180
19:45:27 INFO arm beta_bias=-0.3             rep 80/100 det=False t=180
19:45:27 INFO arm beta_bias=-0.3             rep 81/100 det=False t=180
19:45:28 INFO arm beta_bias=-0.3             rep 82/100 det=False t=180
19:45:29 INFO arm beta_bias=-0.3             rep 83/100 det=False t=180
19:45:30 INFO arm beta_bias=-0.3             rep 84/100 det=False t=180
19:45:30 INFO arm beta_bias=-0.3             rep 85/100 det=False t=180
19:45:31 INFO arm beta_bias=-0.3             rep 86/100 det=True t=88
19:45:32 INFO arm beta_bias=-0.3             rep 87/100 det=True t=43
19:45:32 INFO arm beta_bias=-0.3             rep 88/100 det=True t=58
19:45:32 INFO arm beta_bias=-0.3             rep 89/100 det=True t=6
19:45:33 INFO arm beta_bias=-0.3             rep 90/100 det=True t=67
19:45:33 INFO arm beta_bias=-0.3             rep 91/100 det=False t=180
19:45:34 INFO arm beta_bias=-0.3             rep 92/100 det=False t=180
19:45:35 INFO arm beta_bias=-0.3             rep 93/100 det=False t=180
19:45:35 INFO arm beta_bias=-0.3             rep 94/100 det=False t=180
19:45:36 INFO arm beta_bias=-0.3             rep 95/100 det=False t=180
19:45:37 INFO arm beta_bias=-0.3             rep 96/100 det=False t=180
19:45:38 INFO arm beta_bias=-0.3             rep 97/100 det=False t=180
19:45:38 INFO arm beta_bias=-0.3             rep 98/100 det=False t=180
19:45:39 INFO arm beta_bias=-0.3             rep 99/100 det=False t=180
19:45:40 INFO arm beta_bias=-0.3             rep 100/100 det=False t=180
19:45:40 INFO arm beta_bias=-0.15            rep  1/100 det=False t=180
19:45:41 INFO arm beta_bias=-0.15            rep  2/100 det=False t=180
19:45:42 INFO arm beta_bias=-0.15            rep  3/100 det=True t=76
19:45:42 INFO arm beta_bias=-0.15            rep  4/100 det=False t=180
19:45:43 INFO arm beta_bias=-0.15            rep  5/100 det=False t=180
19:45:44 INFO arm beta_bias=-0.15            rep  6/100 det=False t=180
19:45:45 INFO arm beta_bias=-0.15            rep  7/100 det=False t=180
19:45:45 INFO arm beta_bias=-0.15            rep  8/100 det=False t=180
19:45:46 INFO arm beta_bias=-0.15            rep  9/100 det=False t=180
19:45:47 INFO arm beta_bias=-0.15            rep 10/100 det=False t=180
19:45:48 INFO arm beta_bias=-0.15            rep 11/100 det=True t=152
19:45:48 INFO arm beta_bias=-0.15            rep 12/100 det=False t=180
19:45:49 INFO arm beta_bias=-0.15            rep 13/100 det=False t=180
19:45:50 INFO arm beta_bias=-0.15            rep 14/100 det=False t=180
19:45:51 INFO arm beta_bias=-0.15            rep 15/100 det=False t=180
19:45:51 INFO arm beta_bias=-0.15            rep 16/100 det=False t=180
19:45:52 INFO arm beta_bias=-0.15            rep 17/100 det=False t=180
19:45:53 INFO arm beta_bias=-0.15            rep 18/100 det=False t=180
19:45:53 INFO arm beta_bias=-0.15            rep 19/100 det=True t=48
19:45:54 INFO arm beta_bias=-0.15            rep 20/100 det=False t=180
19:45:55 INFO arm beta_bias=-0.15            rep 21/100 det=False t=180
19:45:55 INFO arm beta_bias=-0.15            rep 22/100 det=False t=180
19:45:56 INFO arm beta_bias=-0.15            rep 23/100 det=False t=180
19:45:56 INFO arm beta_bias=-0.15            rep 24/100 det=False t=180
19:45:57 INFO arm beta_bias=-0.15            rep 25/100 det=False t=180
19:45:57 INFO arm beta_bias=-0.15            rep 26/100 det=False t=180
19:45:58 INFO arm beta_bias=-0.15            rep 27/100 det=True t=126
19:45:58 INFO arm beta_bias=-0.15            rep 28/100 det=True t=7
19:45:58 INFO arm beta_bias=-0.15            rep 29/100 det=True t=10
19:45:59 INFO arm beta_bias=-0.15            rep 30/100 det=False t=180
19:46:00 INFO arm beta_bias=-0.15            rep 31/100 det=False t=180
19:46:01 INFO arm beta_bias=-0.15            rep 32/100 det=False t=180
19:46:01 INFO arm beta_bias=-0.15            rep 33/100 det=False t=180
19:46:02 INFO arm beta_bias=-0.15            rep 34/100 det=False t=180
19:46:03 INFO arm beta_bias=-0.15            rep 35/100 det=False t=180
19:46:03 INFO arm beta_bias=-0.15            rep 36/100 det=True t=54
19:46:04 INFO arm beta_bias=-0.15            rep 37/100 det=False t=180
19:46:05 INFO arm beta_bias=-0.15            rep 38/100 det=False t=180
19:46:05 INFO arm beta_bias=-0.15            rep 39/100 det=True t=98
19:46:06 INFO arm beta_bias=-0.15            rep 40/100 det=False t=180
19:46:07 INFO arm beta_bias=-0.15            rep 41/100 det=False t=180
19:46:07 INFO arm beta_bias=-0.15            rep 42/100 det=True t=82
19:46:08 INFO arm beta_bias=-0.15            rep 43/100 det=False t=180
19:46:09 INFO arm beta_bias=-0.15            rep 44/100 det=False t=180
19:46:09 INFO arm beta_bias=-0.15            rep 45/100 det=False t=180
19:46:10 INFO arm beta_bias=-0.15            rep 46/100 det=False t=180
19:46:11 INFO arm beta_bias=-0.15            rep 47/100 det=False t=180
19:46:11 INFO arm beta_bias=-0.15            rep 48/100 det=True t=128
19:46:12 INFO arm beta_bias=-0.15            rep 49/100 det=False t=180
19:46:13 INFO arm beta_bias=-0.15            rep 50/100 det=False t=180
19:46:13 INFO arm beta_bias=-0.15            rep 51/100 det=False t=180
19:46:14 INFO arm beta_bias=-0.15            rep 52/100 det=False t=180
19:46:14 INFO arm beta_bias=-0.15            rep 53/100 det=False t=180
19:46:15 INFO arm beta_bias=-0.15            rep 54/100 det=False t=180
19:46:16 INFO arm beta_bias=-0.15            rep 55/100 det=False t=180
19:46:16 INFO arm beta_bias=-0.15            rep 56/100 det=False t=180
19:46:17 INFO arm beta_bias=-0.15            rep 57/100 det=False t=180
19:46:18 INFO arm beta_bias=-0.15            rep 58/100 det=False t=180
19:46:18 INFO arm beta_bias=-0.15            rep 59/100 det=False t=180
19:46:19 INFO arm beta_bias=-0.15            rep 60/100 det=False t=180
19:46:20 INFO arm beta_bias=-0.15            rep 61/100 det=False t=180
19:46:21 INFO arm beta_bias=-0.15            rep 62/100 det=False t=180
19:46:21 INFO arm beta_bias=-0.15            rep 63/100 det=False t=180
19:46:22 INFO arm beta_bias=-0.15            rep 64/100 det=False t=180
19:46:22 INFO arm beta_bias=-0.15            rep 65/100 det=True t=21
19:46:23 INFO arm beta_bias=-0.15            rep 66/100 det=False t=180
19:46:24 INFO arm beta_bias=-0.15            rep 67/100 det=False t=180
19:46:24 INFO arm beta_bias=-0.15            rep 68/100 det=False t=180
19:46:25 INFO arm beta_bias=-0.15            rep 69/100 det=False t=180
19:46:26 INFO arm beta_bias=-0.15            rep 70/100 det=False t=180
19:46:27 INFO arm beta_bias=-0.15            rep 71/100 det=False t=180
19:46:27 INFO arm beta_bias=-0.15            rep 72/100 det=False t=180
19:46:28 INFO arm beta_bias=-0.15            rep 73/100 det=False t=180
19:46:28 INFO arm beta_bias=-0.15            rep 74/100 det=True t=165
19:46:29 INFO arm beta_bias=-0.15            rep 75/100 det=False t=180
19:46:30 INFO arm beta_bias=-0.15            rep 76/100 det=False t=180
19:46:31 INFO arm beta_bias=-0.15            rep 77/100 det=False t=180
19:46:32 INFO arm beta_bias=-0.15            rep 78/100 det=False t=180
19:46:32 INFO arm beta_bias=-0.15            rep 79/100 det=False t=180
19:46:33 INFO arm beta_bias=-0.15            rep 80/100 det=False t=180
19:46:33 INFO arm beta_bias=-0.15            rep 81/100 det=True t=25
19:46:34 INFO arm beta_bias=-0.15            rep 82/100 det=False t=180
19:46:35 INFO arm beta_bias=-0.15            rep 83/100 det=False t=180
19:46:35 INFO arm beta_bias=-0.15            rep 84/100 det=False t=180
19:46:36 INFO arm beta_bias=-0.15            rep 85/100 det=False t=180
19:46:37 INFO arm beta_bias=-0.15            rep 86/100 det=False t=180
19:46:38 INFO arm beta_bias=-0.15            rep 87/100 det=False t=180
19:46:39 INFO arm beta_bias=-0.15            rep 88/100 det=False t=180
19:46:40 INFO arm beta_bias=-0.15            rep 89/100 det=False t=180
19:46:40 INFO arm beta_bias=-0.15            rep 90/100 det=False t=180
19:46:41 INFO arm beta_bias=-0.15            rep 91/100 det=False t=180
19:46:42 INFO arm beta_bias=-0.15            rep 92/100 det=True t=123
19:46:42 INFO arm beta_bias=-0.15            rep 93/100 det=False t=180
19:46:43 INFO arm beta_bias=-0.15            rep 94/100 det=False t=180
19:46:44 INFO arm beta_bias=-0.15            rep 95/100 det=False t=180
19:46:45 INFO arm beta_bias=-0.15            rep 96/100 det=False t=180
19:46:46 INFO arm beta_bias=-0.15            rep 97/100 det=False t=180
19:46:46 INFO arm beta_bias=-0.15            rep 98/100 det=True t=48
19:46:47 INFO arm beta_bias=-0.15            rep 99/100 det=False t=180
19:46:48 INFO arm beta_bias=-0.15            rep 100/100 det=False t=180
19:46:48 INFO arm beta_bias=0.0              rep  1/100 det=True t=164
19:46:49 INFO arm beta_bias=0.0              rep  2/100 det=False t=180
19:46:50 INFO arm beta_bias=0.0              rep  3/100 det=False t=180
19:46:51 INFO arm beta_bias=0.0              rep  4/100 det=False t=180
19:46:51 INFO arm beta_bias=0.0              rep  5/100 det=False t=180
19:46:52 INFO arm beta_bias=0.0              rep  6/100 det=False t=180
19:46:53 INFO arm beta_bias=0.0              rep  7/100 det=False t=180
19:46:54 INFO arm beta_bias=0.0              rep  8/100 det=False t=180
19:46:55 INFO arm beta_bias=0.0              rep  9/100 det=False t=180
19:46:56 INFO arm beta_bias=0.0              rep 10/100 det=False t=180
19:46:57 INFO arm beta_bias=0.0              rep 11/100 det=False t=180
19:46:57 INFO arm beta_bias=0.0              rep 12/100 det=False t=180
19:46:58 INFO arm beta_bias=0.0              rep 13/100 det=False t=180
19:46:59 INFO arm beta_bias=0.0              rep 14/100 det=False t=180
19:46:59 INFO arm beta_bias=0.0              rep 15/100 det=False t=180
19:47:00 INFO arm beta_bias=0.0              rep 16/100 det=True t=82
19:47:00 INFO arm beta_bias=0.0              rep 17/100 det=True t=74
19:47:01 INFO arm beta_bias=0.0              rep 18/100 det=False t=180
19:47:02 INFO arm beta_bias=0.0              rep 19/100 det=False t=180
19:47:03 INFO arm beta_bias=0.0              rep 20/100 det=False t=180
19:47:04 INFO arm beta_bias=0.0              rep 21/100 det=False t=180
19:47:04 INFO arm beta_bias=0.0              rep 22/100 det=False t=180
19:47:05 INFO arm beta_bias=0.0              rep 23/100 det=False t=180
19:47:05 INFO arm beta_bias=0.0              rep 24/100 det=False t=180
19:47:06 INFO arm beta_bias=0.0              rep 25/100 det=False t=180
19:47:07 INFO arm beta_bias=0.0              rep 26/100 det=False t=180
19:47:07 INFO arm beta_bias=0.0              rep 27/100 det=False t=180
19:47:08 INFO arm beta_bias=0.0              rep 28/100 det=False t=180
19:47:09 INFO arm beta_bias=0.0              rep 29/100 det=True t=112
19:47:09 INFO arm beta_bias=0.0              rep 30/100 det=False t=180
19:47:10 INFO arm beta_bias=0.0              rep 31/100 det=False t=180
19:47:11 INFO arm beta_bias=0.0              rep 32/100 det=False t=180
19:47:11 INFO arm beta_bias=0.0              rep 33/100 det=False t=180
19:47:12 INFO arm beta_bias=0.0              rep 34/100 det=False t=180
19:47:13 INFO arm beta_bias=0.0              rep 35/100 det=False t=180
19:47:13 INFO arm beta_bias=0.0              rep 36/100 det=False t=180
19:47:14 INFO arm beta_bias=0.0              rep 37/100 det=False t=180
19:47:15 INFO arm beta_bias=0.0              rep 38/100 det=False t=180
19:47:16 INFO arm beta_bias=0.0              rep 39/100 det=False t=180
19:47:16 INFO arm beta_bias=0.0              rep 40/100 det=False t=180
19:47:17 INFO arm beta_bias=0.0              rep 41/100 det=False t=180
19:47:17 INFO arm beta_bias=0.0              rep 42/100 det=True t=87
19:47:18 INFO arm beta_bias=0.0              rep 43/100 det=False t=180
19:47:19 INFO arm beta_bias=0.0              rep 44/100 det=False t=180
19:47:20 INFO arm beta_bias=0.0              rep 45/100 det=False t=180
19:47:20 INFO arm beta_bias=0.0              rep 46/100 det=True t=111
19:47:21 INFO arm beta_bias=0.0              rep 47/100 det=True t=154
19:47:22 INFO arm beta_bias=0.0              rep 48/100 det=False t=180
19:47:22 INFO arm beta_bias=0.0              rep 49/100 det=False t=180
19:47:23 INFO arm beta_bias=0.0              rep 50/100 det=False t=180
19:47:23 INFO arm beta_bias=0.0              rep 51/100 det=False t=180
19:47:24 INFO arm beta_bias=0.0              rep 52/100 det=False t=180
19:47:25 INFO arm beta_bias=0.0              rep 53/100 det=False t=180
19:47:26 INFO arm beta_bias=0.0              rep 54/100 det=False t=180
19:47:26 INFO arm beta_bias=0.0              rep 55/100 det=False t=180
19:47:27 INFO arm beta_bias=0.0              rep 56/100 det=False t=180
19:47:28 INFO arm beta_bias=0.0              rep 57/100 det=False t=180
19:47:29 INFO arm beta_bias=0.0              rep 58/100 det=False t=180
19:47:29 INFO arm beta_bias=0.0              rep 59/100 det=False t=180
19:47:30 INFO arm beta_bias=0.0              rep 60/100 det=False t=180
19:47:31 INFO arm beta_bias=0.0              rep 61/100 det=False t=180
19:47:31 INFO arm beta_bias=0.0              rep 62/100 det=False t=180
19:47:32 INFO arm beta_bias=0.0              rep 63/100 det=False t=180
19:47:33 INFO arm beta_bias=0.0              rep 64/100 det=False t=180
19:47:33 INFO arm beta_bias=0.0              rep 65/100 det=True t=27
19:47:34 INFO arm beta_bias=0.0              rep 66/100 det=False t=180
19:47:35 INFO arm beta_bias=0.0              rep 67/100 det=False t=180
19:47:35 INFO arm beta_bias=0.0              rep 68/100 det=False t=180
19:47:36 INFO arm beta_bias=0.0              rep 69/100 det=False t=180
19:47:36 INFO arm beta_bias=0.0              rep 70/100 det=True t=13
19:47:37 INFO arm beta_bias=0.0              rep 71/100 det=False t=180
19:47:38 INFO arm beta_bias=0.0              rep 72/100 det=False t=180
19:47:38 INFO arm beta_bias=0.0              rep 73/100 det=False t=180
19:47:39 INFO arm beta_bias=0.0              rep 74/100 det=True t=113
19:47:39 INFO arm beta_bias=0.0              rep 75/100 det=False t=180
19:47:40 INFO arm beta_bias=0.0              rep 76/100 det=False t=180
19:47:41 INFO arm beta_bias=0.0              rep 77/100 det=False t=180
19:47:42 INFO arm beta_bias=0.0              rep 78/100 det=False t=180
19:47:43 INFO arm beta_bias=0.0              rep 79/100 det=False t=180
19:47:43 INFO arm beta_bias=0.0              rep 80/100 det=False t=180
19:47:44 INFO arm beta_bias=0.0              rep 81/100 det=True t=22
19:47:44 INFO arm beta_bias=0.0              rep 82/100 det=False t=180
19:47:45 INFO arm beta_bias=0.0              rep 83/100 det=False t=180
19:47:46 INFO arm beta_bias=0.0              rep 84/100 det=False t=180
19:47:46 INFO arm beta_bias=0.0              rep 85/100 det=False t=180
19:47:47 INFO arm beta_bias=0.0              rep 86/100 det=False t=180
19:47:48 INFO arm beta_bias=0.0              rep 87/100 det=True t=38
19:47:48 INFO arm beta_bias=0.0              rep 88/100 det=False t=180
19:47:49 INFO arm beta_bias=0.0              rep 89/100 det=True t=53
19:47:50 INFO arm beta_bias=0.0              rep 90/100 det=False t=180
19:47:50 INFO arm beta_bias=0.0              rep 91/100 det=False t=180
19:47:51 INFO arm beta_bias=0.0              rep 92/100 det=False t=180
19:47:51 INFO arm beta_bias=0.0              rep 93/100 det=True t=14
19:47:52 INFO arm beta_bias=0.0              rep 94/100 det=False t=180
19:47:53 INFO arm beta_bias=0.0              rep 95/100 det=False t=180
19:47:53 INFO arm beta_bias=0.0              rep 96/100 det=False t=180
19:47:54 INFO arm beta_bias=0.0              rep 97/100 det=False t=180
19:47:54 INFO arm beta_bias=0.0              rep 98/100 det=True t=49
19:47:55 INFO arm beta_bias=0.0              rep 99/100 det=False t=180
19:47:56 INFO arm beta_bias=0.0              rep 100/100 det=False t=180
19:47:56 INFO arm beta_bias=0.15             rep  1/100 det=True t=4
19:47:57 INFO arm beta_bias=0.15             rep  2/100 det=False t=180
19:47:57 INFO arm beta_bias=0.15             rep  3/100 det=True t=87
19:47:58 INFO arm beta_bias=0.15             rep  4/100 det=False t=180
19:47:59 INFO arm beta_bias=0.15             rep  5/100 det=False t=180
19:48:00 INFO arm beta_bias=0.15             rep  6/100 det=False t=180
19:48:01 INFO arm beta_bias=0.15             rep  7/100 det=False t=180
19:48:02 INFO arm beta_bias=0.15             rep  8/100 det=False t=180
19:48:02 INFO arm beta_bias=0.15             rep  9/100 det=False t=180
19:48:03 INFO arm beta_bias=0.15             rep 10/100 det=False t=180
19:48:04 INFO arm beta_bias=0.15             rep 11/100 det=False t=180
19:48:05 INFO arm beta_bias=0.15             rep 12/100 det=False t=180
19:48:06 INFO arm beta_bias=0.15             rep 13/100 det=False t=180
19:48:06 INFO arm beta_bias=0.15             rep 14/100 det=False t=180
19:48:07 INFO arm beta_bias=0.15             rep 15/100 det=False t=180
19:48:08 INFO arm beta_bias=0.15             rep 16/100 det=False t=180
19:48:09 INFO arm beta_bias=0.15             rep 17/100 det=False t=180
19:48:10 INFO arm beta_bias=0.15             rep 18/100 det=False t=180
19:48:10 INFO arm beta_bias=0.15             rep 19/100 det=False t=180
19:48:11 INFO arm beta_bias=0.15             rep 20/100 det=False t=180
19:48:12 INFO arm beta_bias=0.15             rep 21/100 det=False t=180
19:48:13 INFO arm beta_bias=0.15             rep 22/100 det=False t=180
19:48:13 INFO arm beta_bias=0.15             rep 23/100 det=False t=180
19:48:14 INFO arm beta_bias=0.15             rep 24/100 det=False t=180
19:48:15 INFO arm beta_bias=0.15             rep 25/100 det=True t=143
19:48:15 INFO arm beta_bias=0.15             rep 26/100 det=True t=121
19:48:16 INFO arm beta_bias=0.15             rep 27/100 det=False t=180
19:48:17 INFO arm beta_bias=0.15             rep 28/100 det=False t=180
19:48:17 INFO arm beta_bias=0.15             rep 29/100 det=True t=10
19:48:18 INFO arm beta_bias=0.15             rep 30/100 det=False t=180
19:48:18 INFO arm beta_bias=0.15             rep 31/100 det=False t=180
19:48:19 INFO arm beta_bias=0.15             rep 32/100 det=False t=180
19:48:20 INFO arm beta_bias=0.15             rep 33/100 det=False t=180
19:48:21 INFO arm beta_bias=0.15             rep 34/100 det=False t=180
19:48:22 INFO arm beta_bias=0.15             rep 35/100 det=False t=180
19:48:23 INFO arm beta_bias=0.15             rep 36/100 det=False t=180
19:48:23 INFO arm beta_bias=0.15             rep 37/100 det=False t=180
19:48:24 INFO arm beta_bias=0.15             rep 38/100 det=False t=180
19:48:25 INFO arm beta_bias=0.15             rep 39/100 det=False t=180
19:48:25 INFO arm beta_bias=0.15             rep 40/100 det=False t=180
19:48:26 INFO arm beta_bias=0.15             rep 41/100 det=False t=180
19:48:27 INFO arm beta_bias=0.15             rep 42/100 det=False t=180
19:48:28 INFO arm beta_bias=0.15             rep 43/100 det=False t=180
19:48:29 INFO arm beta_bias=0.15             rep 44/100 det=False t=180
19:48:29 INFO arm beta_bias=0.15             rep 45/100 det=False t=180
19:48:30 INFO arm beta_bias=0.15             rep 46/100 det=True t=92
19:48:31 INFO arm beta_bias=0.15             rep 47/100 det=True t=156
19:48:32 INFO arm beta_bias=0.15             rep 48/100 det=False t=180
19:48:32 INFO arm beta_bias=0.15             rep 49/100 det=False t=180
19:48:33 INFO arm beta_bias=0.15             rep 50/100 det=True t=65
19:48:33 INFO arm beta_bias=0.15             rep 51/100 det=False t=180
19:48:34 INFO arm beta_bias=0.15             rep 52/100 det=False t=180
19:48:34 INFO arm beta_bias=0.15             rep 53/100 det=False t=180
19:48:35 INFO arm beta_bias=0.15             rep 54/100 det=False t=180
19:48:36 INFO arm beta_bias=0.15             rep 55/100 det=False t=180
19:48:37 INFO arm beta_bias=0.15             rep 56/100 det=False t=180
19:48:37 INFO arm beta_bias=0.15             rep 57/100 det=False t=180
19:48:38 INFO arm beta_bias=0.15             rep 58/100 det=False t=180
19:48:39 INFO arm beta_bias=0.15             rep 59/100 det=True t=36
19:48:39 INFO arm beta_bias=0.15             rep 60/100 det=False t=180
19:48:40 INFO arm beta_bias=0.15             rep 61/100 det=False t=180
19:48:41 INFO arm beta_bias=0.15             rep 62/100 det=False t=180
19:48:42 INFO arm beta_bias=0.15             rep 63/100 det=False t=180
19:48:42 INFO arm beta_bias=0.15             rep 64/100 det=False t=180
19:48:43 INFO arm beta_bias=0.15             rep 65/100 det=True t=30
19:48:44 INFO arm beta_bias=0.15             rep 66/100 det=False t=180
19:48:44 INFO arm beta_bias=0.15             rep 67/100 det=False t=180
19:48:45 INFO arm beta_bias=0.15             rep 68/100 det=False t=180
19:48:45 INFO arm beta_bias=0.15             rep 69/100 det=True t=9
19:48:46 INFO arm beta_bias=0.15             rep 70/100 det=False t=180
19:48:47 INFO arm beta_bias=0.15             rep 71/100 det=False t=180
19:48:48 INFO arm beta_bias=0.15             rep 72/100 det=False t=180
19:48:48 INFO arm beta_bias=0.15             rep 73/100 det=False t=180
19:48:49 INFO arm beta_bias=0.15             rep 74/100 det=True t=157
19:48:50 INFO arm beta_bias=0.15             rep 75/100 det=False t=180
19:48:50 INFO arm beta_bias=0.15             rep 76/100 det=False t=180
19:48:51 INFO arm beta_bias=0.15             rep 77/100 det=False t=180
19:48:52 INFO arm beta_bias=0.15             rep 78/100 det=True t=34
19:48:52 INFO arm beta_bias=0.15             rep 79/100 det=False t=180
19:48:53 INFO arm beta_bias=0.15             rep 80/100 det=False t=180
19:48:54 INFO arm beta_bias=0.15             rep 81/100 det=False t=180
19:48:55 INFO arm beta_bias=0.15             rep 82/100 det=False t=180
19:48:55 INFO arm beta_bias=0.15             rep 83/100 det=False t=180
19:48:56 INFO arm beta_bias=0.15             rep 84/100 det=False t=180
19:48:57 INFO arm beta_bias=0.15             rep 85/100 det=False t=180
19:48:57 INFO arm beta_bias=0.15             rep 86/100 det=False t=180
19:48:58 INFO arm beta_bias=0.15             rep 87/100 det=False t=180
19:48:59 INFO arm beta_bias=0.15             rep 88/100 det=False t=180
19:49:00 INFO arm beta_bias=0.15             rep 89/100 det=False t=180
19:49:01 INFO arm beta_bias=0.15             rep 90/100 det=False t=180
19:49:01 INFO arm beta_bias=0.15             rep 91/100 det=False t=180
19:49:02 INFO arm beta_bias=0.15             rep 92/100 det=True t=168
19:49:02 INFO arm beta_bias=0.15             rep 93/100 det=False t=180
19:49:03 INFO arm beta_bias=0.15             rep 94/100 det=False t=180
19:49:04 INFO arm beta_bias=0.15             rep 95/100 det=False t=180
19:49:05 INFO arm beta_bias=0.15             rep 96/100 det=False t=180
19:49:05 INFO arm beta_bias=0.15             rep 97/100 det=False t=180
19:49:06 INFO arm beta_bias=0.15             rep 98/100 det=True t=55
19:49:06 INFO arm beta_bias=0.15             rep 99/100 det=False t=180
19:49:07 INFO arm beta_bias=0.15             rep 100/100 det=False t=180
19:49:07 INFO arm beta_bias=0.3              rep  1/100 det=True t=3
19:49:08 INFO arm beta_bias=0.3              rep  2/100 det=False t=180
19:49:09 INFO arm beta_bias=0.3              rep  3/100 det=True t=75
19:49:09 INFO arm beta_bias=0.3              rep  4/100 det=False t=180
19:49:10 INFO arm beta_bias=0.3              rep  5/100 det=True t=144
19:49:11 INFO arm beta_bias=0.3              rep  6/100 det=False t=180
19:49:12 INFO arm beta_bias=0.3              rep  7/100 det=False t=180
19:49:12 INFO arm beta_bias=0.3              rep  8/100 det=False t=180
19:49:13 INFO arm beta_bias=0.3              rep  9/100 det=False t=180
19:49:14 INFO arm beta_bias=0.3              rep 10/100 det=False t=180
19:49:15 INFO arm beta_bias=0.3              rep 11/100 det=False t=180
19:49:15 INFO arm beta_bias=0.3              rep 12/100 det=False t=180
19:49:16 INFO arm beta_bias=0.3              rep 13/100 det=False t=180
19:49:17 INFO arm beta_bias=0.3              rep 14/100 det=False t=180
19:49:18 INFO arm beta_bias=0.3              rep 15/100 det=False t=180
19:49:19 INFO arm beta_bias=0.3              rep 16/100 det=False t=180
19:49:19 INFO arm beta_bias=0.3              rep 17/100 det=False t=180
19:49:20 INFO arm beta_bias=0.3              rep 18/100 det=False t=180
19:49:21 INFO arm beta_bias=0.3              rep 19/100 det=False t=180
19:49:22 INFO arm beta_bias=0.3              rep 20/100 det=False t=180
19:49:22 INFO arm beta_bias=0.3              rep 21/100 det=False t=180
19:49:23 INFO arm beta_bias=0.3              rep 22/100 det=False t=180
19:49:24 INFO arm beta_bias=0.3              rep 23/100 det=False t=180
19:49:25 INFO arm beta_bias=0.3              rep 24/100 det=False t=180
19:49:25 INFO arm beta_bias=0.3              rep 25/100 det=False t=180
19:49:26 INFO arm beta_bias=0.3              rep 26/100 det=False t=180
19:49:27 INFO arm beta_bias=0.3              rep 27/100 det=False t=180
19:49:27 INFO arm beta_bias=0.3              rep 28/100 det=False t=180
19:49:28 INFO arm beta_bias=0.3              rep 29/100 det=True t=14
19:49:28 INFO arm beta_bias=0.3              rep 30/100 det=False t=180
19:49:29 INFO arm beta_bias=0.3              rep 31/100 det=False t=180
19:49:30 INFO arm beta_bias=0.3              rep 32/100 det=False t=180
19:49:30 INFO arm beta_bias=0.3              rep 33/100 det=False t=180
19:49:31 INFO arm beta_bias=0.3              rep 34/100 det=False t=180
19:49:32 INFO arm beta_bias=0.3              rep 35/100 det=False t=180
19:49:32 INFO arm beta_bias=0.3              rep 36/100 det=False t=180
19:49:33 INFO arm beta_bias=0.3              rep 37/100 det=False t=180
19:49:34 INFO arm beta_bias=0.3              rep 38/100 det=False t=180
19:49:35 INFO arm beta_bias=0.3              rep 39/100 det=False t=180
19:49:35 INFO arm beta_bias=0.3              rep 40/100 det=False t=180
19:49:36 INFO arm beta_bias=0.3              rep 41/100 det=False t=180
19:49:36 INFO arm beta_bias=0.3              rep 42/100 det=False t=180
19:49:37 INFO arm beta_bias=0.3              rep 43/100 det=False t=180
19:49:38 INFO arm beta_bias=0.3              rep 44/100 det=False t=180
19:49:38 INFO arm beta_bias=0.3              rep 45/100 det=False t=180
19:49:39 INFO arm beta_bias=0.3              rep 46/100 det=True t=53
19:49:40 INFO arm beta_bias=0.3              rep 47/100 det=False t=180
19:49:40 INFO arm beta_bias=0.3              rep 48/100 det=False t=180
19:49:41 INFO arm beta_bias=0.3              rep 49/100 det=False t=180
19:49:42 INFO arm beta_bias=0.3              rep 50/100 det=False t=180
19:49:42 INFO arm beta_bias=0.3              rep 51/100 det=False t=180
19:49:43 INFO arm beta_bias=0.3              rep 52/100 det=False t=180
19:49:43 INFO arm beta_bias=0.3              rep 53/100 det=False t=180
19:49:44 INFO arm beta_bias=0.3              rep 54/100 det=False t=180
19:49:45 INFO arm beta_bias=0.3              rep 55/100 det=False t=180
19:49:46 INFO arm beta_bias=0.3              rep 56/100 det=False t=180
19:49:46 INFO arm beta_bias=0.3              rep 57/100 det=False t=180
19:49:47 INFO arm beta_bias=0.3              rep 58/100 det=False t=180
19:49:48 INFO arm beta_bias=0.3              rep 59/100 det=True t=85
19:49:48 INFO arm beta_bias=0.3              rep 60/100 det=False t=180
19:49:49 INFO arm beta_bias=0.3              rep 61/100 det=False t=180
19:49:50 INFO arm beta_bias=0.3              rep 62/100 det=False t=180
19:49:50 INFO arm beta_bias=0.3              rep 63/100 det=False t=180
19:49:51 INFO arm beta_bias=0.3              rep 64/100 det=False t=180
19:49:52 INFO arm beta_bias=0.3              rep 65/100 det=False t=180
19:49:53 INFO arm beta_bias=0.3              rep 66/100 det=False t=180
19:49:53 INFO arm beta_bias=0.3              rep 67/100 det=False t=180
19:49:54 INFO arm beta_bias=0.3              rep 68/100 det=False t=180
19:49:55 INFO arm beta_bias=0.3              rep 69/100 det=False t=180
19:49:56 INFO arm beta_bias=0.3              rep 70/100 det=False t=180
19:49:56 INFO arm beta_bias=0.3              rep 71/100 det=False t=180
19:49:57 INFO arm beta_bias=0.3              rep 72/100 det=False t=180
19:49:58 INFO arm beta_bias=0.3              rep 73/100 det=False t=180
19:49:58 INFO arm beta_bias=0.3              rep 74/100 det=True t=114
19:49:59 INFO arm beta_bias=0.3              rep 75/100 det=False t=180
19:50:00 INFO arm beta_bias=0.3              rep 76/100 det=False t=180
19:50:01 INFO arm beta_bias=0.3              rep 77/100 det=False t=180
19:50:02 INFO arm beta_bias=0.3              rep 78/100 det=False t=180
19:50:03 INFO arm beta_bias=0.3              rep 79/100 det=False t=180
19:50:03 INFO arm beta_bias=0.3              rep 80/100 det=True t=41
19:50:04 INFO arm beta_bias=0.3              rep 81/100 det=False t=180
19:50:05 INFO arm beta_bias=0.3              rep 82/100 det=False t=180
19:50:05 INFO arm beta_bias=0.3              rep 83/100 det=False t=180
19:50:06 INFO arm beta_bias=0.3              rep 84/100 det=False t=180
