18:56:45 INFO generating 250 training incidents ...
18:56:51 INFO saved C:\Users\ADMIN\Downloads\Khóa luận\uav-sar\data\models\demo_valley_pmr.npz
18:56:51 INFO evaluating on 80 held-out incidents ...
18:56:56 INFO arm uniform                    rep  1/24 det=False t=180
18:56:57 INFO arm uniform                    rep  2/24 det=False t=180
18:56:57 INFO arm uniform                    rep  3/24 det=False t=180
18:56:58 INFO arm uniform                    rep  4/24 det=False t=180
18:56:59 INFO arm uniform                    rep  5/24 det=False t=180
18:57:00 INFO arm uniform                    rep  6/24 det=False t=180
18:57:01 INFO arm uniform                    rep  7/24 det=False t=180
18:57:01 INFO arm uniform                    rep  8/24 det=False t=180
18:57:02 INFO arm uniform                    rep  9/24 det=False t=180
18:57:03 INFO arm uniform                    rep 10/24 det=False t=180
18:57:04 INFO arm uniform                    rep 11/24 det=False t=180
18:57:04 INFO arm uniform                    rep 12/24 det=False t=180
18:57:05 INFO arm uniform                    rep 13/24 det=False t=180
18:57:06 INFO arm uniform                    rep 14/24 det=False t=180
18:57:07 INFO arm uniform                    rep 15/24 det=False t=180
18:57:07 INFO arm uniform                    rep 16/24 det=False t=180
18:57:08 INFO arm uniform                    rep 17/24 det=False t=180
18:57:09 INFO arm uniform                    rep 18/24 det=False t=180
18:57:09 INFO arm uniform                    rep 19/24 det=True t=167
18:57:10 INFO arm uniform                    rep 20/24 det=False t=180
18:57:11 INFO arm uniform                    rep 21/24 det=False t=180
18:57:11 INFO arm uniform                    rep 22/24 det=False t=180
18:57:12 INFO arm uniform                    rep 23/24 det=False t=180
18:57:13 INFO arm uniform                    rep 24/24 det=False t=180
18:57:13 INFO arm distance                   rep  1/24 det=False t=180
18:57:14 INFO arm distance                   rep  2/24 det=False t=180
18:57:15 INFO arm distance                   rep  3/24 det=True t=124
18:57:15 INFO arm distance                   rep  4/24 det=True t=6
18:57:16 INFO arm distance                   rep  5/24 det=False t=180
18:57:17 INFO arm distance                   rep  6/24 det=False t=180
18:57:17 INFO arm distance                   rep  7/24 det=True t=56
18:57:18 INFO arm distance                   rep  8/24 det=False t=180
18:57:19 INFO arm distance                   rep  9/24 det=False t=180
18:57:19 INFO arm distance                   rep 10/24 det=False t=180
18:57:20 INFO arm distance                   rep 11/24 det=False t=180
18:57:21 INFO arm distance                   rep 12/24 det=False t=180
18:57:21 INFO arm distance                   rep 13/24 det=True t=132
18:57:22 INFO arm distance                   rep 14/24 det=False t=180
18:57:23 INFO arm distance                   rep 15/24 det=False t=180
18:57:23 INFO arm distance                   rep 16/24 det=True t=12
18:57:24 INFO arm distance                   rep 17/24 det=False t=180
18:57:24 INFO arm distance                   rep 18/24 det=False t=180
18:57:25 INFO arm distance                   rep 19/24 det=True t=94
18:57:25 INFO arm distance                   rep 20/24 det=False t=180
18:57:26 INFO arm distance                   rep 21/24 det=False t=180
18:57:27 INFO arm distance                   rep 22/24 det=False t=180
18:57:28 INFO arm distance                   rep 23/24 det=False t=180
18:57:28 INFO arm distance                   rep 24/24 det=True t=5
18:57:28 INFO arm gis                        rep  1/24 det=False t=180
18:57:29 INFO arm gis                        rep  2/24 det=True t=4
18:57:29 INFO arm gis                        rep  3/24 det=True t=62
18:57:29 INFO arm gis                        rep  4/24 det=True t=10
18:57:30 INFO arm gis                        rep  5/24 det=False t=180
18:57:31 INFO arm gis                        rep  6/24 det=False t=180
18:57:31 INFO arm gis                        rep  7/24 det=False t=180
18:57:32 INFO arm gis                        rep  8/24 det=True t=130
18:57:33 INFO arm gis                        rep  9/24 det=False t=180
18:57:34 INFO arm gis                        rep 10/24 det=True t=175
18:57:34 INFO arm gis                        rep 11/24 det=False t=180
18:57:35 INFO arm gis                        rep 12/24 det=False t=180
18:57:36 INFO arm gis                        rep 13/24 det=False t=180
18:57:37 INFO arm gis                        rep 14/24 det=False t=180
18:57:37 INFO arm gis                        rep 15/24 det=False t=180
18:57:38 INFO arm gis                        rep 16/24 det=False t=180
18:57:39 INFO arm gis                        rep 17/24 det=False t=180
18:57:39 INFO arm gis                        rep 18/24 det=True t=94
18:57:40 INFO arm gis                        rep 19/24 det=True t=160
18:57:41 INFO arm gis                        rep 20/24 det=True t=146
18:57:41 INFO arm gis                        rep 21/24 det=False t=180
18:57:42 INFO arm gis                        rep 22/24 det=True t=8
18:57:43 INFO arm gis                        rep 23/24 det=False t=180
18:57:43 INFO arm gis                        rep 24/24 det=False t=180
18:57:44 INFO arm datadriven                 rep  1/24 det=False t=180
18:57:45 INFO arm datadriven                 rep  2/24 det=True t=173
18:57:45 INFO arm datadriven                 rep  3/24 det=False t=180
18:57:46 INFO arm datadriven                 rep  4/24 det=False t=180
18:57:47 INFO arm datadriven                 rep  5/24 det=False t=180
18:57:48 INFO arm datadriven                 rep  6/24 det=False t=180
18:57:49 INFO arm datadriven                 rep  7/24 det=False t=180
18:57:49 INFO arm datadriven                 rep  8/24 det=False t=180
18:57:50 INFO arm datadriven                 rep  9/24 det=False t=180
18:57:50 INFO arm datadriven                 rep 10/24 det=True t=3
18:57:51 INFO arm datadriven                 rep 11/24 det=False t=180
18:57:51 INFO arm datadriven                 rep 12/24 det=True t=156
18:57:52 INFO arm datadriven                 rep 13/24 det=False t=180
18:57:53 INFO arm datadriven                 rep 14/24 det=False t=180
18:57:54 INFO arm datadriven                 rep 15/24 det=False t=180
18:57:54 INFO arm datadriven                 rep 16/24 det=True t=81
18:57:55 INFO arm datadriven                 rep 17/24 det=False t=180
18:57:55 INFO arm datadriven                 rep 18/24 det=True t=123
18:57:56 INFO arm datadriven                 rep 19/24 det=False t=180
18:57:57 INFO arm datadriven                 rep 20/24 det=False t=180
18:57:57 INFO arm datadriven                 rep 21/24 det=False t=180
18:57:58 INFO arm datadriven                 rep 22/24 det=False t=180
18:57:59 INFO arm datadriven                 rep 23/24 det=False t=180
18:57:59 INFO arm datadriven                 rep 24/24 det=True t=24
18:57:59 INFO compared 3 arm pairs over 2 metrics
18:58:02 INFO arm eps=0.0                    rep  1/24 det=False t=180
18:58:02 INFO arm eps=0.0                    rep  2/24 det=True t=105
18:58:03 INFO arm eps=0.0                    rep  3/24 det=False t=180
18:58:03 INFO arm eps=0.0                    rep  4/24 det=False t=180
18:58:04 INFO arm eps=0.0                    rep  5/24 det=False t=180
18:58:05 INFO arm eps=0.0                    rep  6/24 det=False t=180
18:58:06 INFO arm eps=0.0                    rep  7/24 det=False t=180
18:58:06 INFO arm eps=0.0                    rep  8/24 det=False t=180
18:58:07 INFO arm eps=0.0                    rep  9/24 det=False t=180
18:58:08 INFO arm eps=0.0                    rep 10/24 det=False t=180
18:58:09 INFO arm eps=0.0                    rep 11/24 det=False t=180
18:58:09 INFO arm eps=0.0                    rep 12/24 det=False t=180
18:58:10 INFO arm eps=0.0                    rep 13/24 det=False t=180
18:58:11 INFO arm eps=0.0                    rep 14/24 det=False t=180
18:58:11 INFO arm eps=0.0                    rep 15/24 det=False t=180
18:58:12 INFO arm eps=0.0                    rep 16/24 det=False t=180
18:58:12 INFO arm eps=0.0                    rep 17/24 det=False t=180
18:58:13 INFO arm eps=0.0                    rep 18/24 det=False t=180
18:58:14 INFO arm eps=0.0                    rep 19/24 det=True t=107
18:58:14 INFO arm eps=0.0                    rep 20/24 det=False t=180
18:58:15 INFO arm eps=0.0                    rep 21/24 det=False t=180
18:58:16 INFO arm eps=0.0                    rep 22/24 det=True t=149
18:58:17 INFO arm eps=0.0                    rep 23/24 det=False t=180
18:58:17 INFO arm eps=0.0                    rep 24/24 det=False t=180
18:58:18 INFO arm eps=0.1                    rep  1/24 det=False t=180
18:58:19 INFO arm eps=0.1                    rep  2/24 det=False t=180
18:58:19 INFO arm eps=0.1                    rep  3/24 det=False t=180
18:58:20 INFO arm eps=0.1                    rep  4/24 det=False t=180
18:58:21 INFO arm eps=0.1                    rep  5/24 det=False t=180
18:58:22 INFO arm eps=0.1                    rep  6/24 det=False t=180
18:58:22 INFO arm eps=0.1                    rep  7/24 det=False t=180
18:58:23 INFO arm eps=0.1                    rep  8/24 det=True t=50
18:58:24 INFO arm eps=0.1                    rep  9/24 det=False t=180
18:58:24 INFO arm eps=0.1                    rep 10/24 det=False t=180
18:58:25 INFO arm eps=0.1                    rep 11/24 det=False t=180
18:58:26 INFO arm eps=0.1                    rep 12/24 det=False t=180
18:58:26 INFO arm eps=0.1                    rep 13/24 det=False t=180
18:58:27 INFO arm eps=0.1                    rep 14/24 det=True t=110
18:58:28 INFO arm eps=0.1                    rep 15/24 det=False t=180
18:58:28 INFO arm eps=0.1                    rep 16/24 det=False t=180
18:58:29 INFO arm eps=0.1                    rep 17/24 det=False t=180
18:58:30 INFO arm eps=0.1                    rep 18/24 det=False t=180
18:58:30 INFO arm eps=0.1                    rep 19/24 det=True t=105
18:58:31 INFO arm eps=0.1                    rep 20/24 det=False t=180
18:58:32 INFO arm eps=0.1                    rep 21/24 det=False t=180
18:58:32 INFO arm eps=0.1                    rep 22/24 det=False t=180
18:58:33 INFO arm eps=0.1                    rep 23/24 det=False t=180
18:58:34 INFO arm eps=0.1                    rep 24/24 det=False t=180
18:58:34 INFO arm eps=0.2                    rep  1/24 det=False t=180
18:58:35 INFO arm eps=0.2                    rep  2/24 det=False t=180
18:58:36 INFO arm eps=0.2                    rep  3/24 det=False t=180
18:58:36 INFO arm eps=0.2                    rep  4/24 det=False t=180
18:58:37 INFO arm eps=0.2                    rep  5/24 det=False t=180
18:58:38 INFO arm eps=0.2                    rep  6/24 det=False t=180
18:58:39 INFO arm eps=0.2                    rep  7/24 det=False t=180
18:58:39 INFO arm eps=0.2                    rep  8/24 det=True t=50
18:58:40 INFO arm eps=0.2                    rep  9/24 det=False t=180
18:58:40 INFO arm eps=0.2                    rep 10/24 det=True t=88
18:58:41 INFO arm eps=0.2                    rep 11/24 det=False t=180
18:58:42 INFO arm eps=0.2                    rep 12/24 det=False t=180
18:58:42 INFO arm eps=0.2                    rep 13/24 det=False t=180
18:58:43 INFO arm eps=0.2                    rep 14/24 det=True t=81
18:58:43 INFO arm eps=0.2                    rep 15/24 det=False t=180
18:58:44 INFO arm eps=0.2                    rep 16/24 det=False t=180
18:58:44 INFO arm eps=0.2                    rep 17/24 det=False t=180
18:58:45 INFO arm eps=0.2                    rep 18/24 det=False t=180
18:58:46 INFO arm eps=0.2                    rep 19/24 det=False t=180
18:58:47 INFO arm eps=0.2                    rep 20/24 det=False t=180
18:58:47 INFO arm eps=0.2                    rep 21/24 det=False t=180
18:58:48 INFO arm eps=0.2                    rep 22/24 det=False t=180
18:58:49 INFO arm eps=0.2                    rep 23/24 det=False t=180
18:58:49 INFO arm eps=0.2                    rep 24/24 det=False t=180
18:58:50 INFO arm eps=0.4                    rep  1/24 det=False t=180
18:58:51 INFO arm eps=0.4                    rep  2/24 det=False t=180
18:58:51 INFO arm eps=0.4                    rep  3/24 det=False t=180
18:58:52 INFO arm eps=0.4                    rep  4/24 det=False t=180
18:58:53 INFO arm eps=0.4                    rep  5/24 det=False t=180
18:58:53 INFO arm eps=0.4                    rep  6/24 det=False t=180
18:58:54 INFO arm eps=0.4                    rep  7/24 det=False t=180
18:58:55 INFO arm eps=0.4                    rep  8/24 det=False t=180
18:58:56 INFO arm eps=0.4                    rep  9/24 det=False t=180
18:58:56 INFO arm eps=0.4                    rep 10/24 det=False t=180
18:58:57 INFO arm eps=0.4                    rep 11/24 det=False t=180
18:58:58 INFO arm eps=0.4                    rep 12/24 det=False t=180
18:58:59 INFO arm eps=0.4                    rep 13/24 det=False t=180
18:58:59 INFO arm eps=0.4                    rep 14/24 det=True t=129
18:59:00 INFO arm eps=0.4                    rep 15/24 det=False t=180
18:59:00 INFO arm eps=0.4                    rep 16/24 det=False t=180
18:59:01 INFO arm eps=0.4                    rep 17/24 det=False t=180
18:59:02 INFO arm eps=0.4                    rep 18/24 det=False t=180
18:59:03 INFO arm eps=0.4                    rep 19/24 det=False t=180
18:59:04 INFO arm eps=0.4                    rep 20/24 det=False t=180
18:59:04 INFO arm eps=0.4                    rep 21/24 det=False t=180
18:59:05 INFO arm eps=0.4                    rep 22/24 det=False t=180
18:59:06 INFO arm eps=0.4                    rep 23/24 det=False t=180
18:59:06 INFO arm eps=0.4                    rep 24/24 det=False t=180
18:59:07 INFO arm eps=0.6                    rep  1/24 det=False t=180
18:59:08 INFO arm eps=0.6                    rep  2/24 det=False t=180
18:59:09 INFO arm eps=0.6                    rep  3/24 det=False t=180
18:59:09 INFO arm eps=0.6                    rep  4/24 det=False t=180
18:59:10 INFO arm eps=0.6                    rep  5/24 det=False t=180
18:59:11 INFO arm eps=0.6                    rep  6/24 det=False t=180
18:59:11 INFO arm eps=0.6                    rep  7/24 det=False t=180
18:59:12 INFO arm eps=0.6                    rep  8/24 det=False t=180
18:59:13 INFO arm eps=0.6                    rep  9/24 det=False t=180
18:59:13 INFO arm eps=0.6                    rep 10/24 det=True t=136
18:59:14 INFO arm eps=0.6                    rep 11/24 det=False t=180
18:59:15 INFO arm eps=0.6                    rep 12/24 det=False t=180
18:59:16 INFO arm eps=0.6                    rep 13/24 det=False t=180
18:59:16 INFO arm eps=0.6                    rep 14/24 det=True t=103
18:59:17 INFO arm eps=0.6                    rep 15/24 det=False t=180
18:59:17 INFO arm eps=0.6                    rep 16/24 det=False t=180
18:59:18 INFO arm eps=0.6                    rep 17/24 det=False t=180
18:59:18 INFO arm eps=0.6                    rep 18/24 det=False t=180
18:59:19 INFO arm eps=0.6                    rep 19/24 det=False t=180
18:59:20 INFO arm eps=0.6                    rep 20/24 det=False t=180
18:59:21 INFO arm eps=0.6                    rep 21/24 det=False t=180
18:59:21 INFO arm eps=0.6                    rep 22/24 det=False t=180
18:59:22 INFO arm eps=0.6                    rep 23/24 det=False t=180
18:59:23 INFO arm eps=0.6                    rep 24/24 det=False t=180
18:59:23 INFO arm eps=0.8                    rep  1/24 det=False t=180
18:59:24 INFO arm eps=0.8                    rep  2/24 det=False t=180
18:59:25 INFO arm eps=0.8                    rep  3/24 det=False t=180
18:59:25 INFO arm eps=0.8                    rep  4/24 det=False t=180
18:59:26 INFO arm eps=0.8                    rep  5/24 det=False t=180
18:59:27 INFO arm eps=0.8                    rep  6/24 det=False t=180
18:59:27 INFO arm eps=0.8                    rep  7/24 det=False t=180
18:59:28 INFO arm eps=0.8                    rep  8/24 det=True t=84
18:59:29 INFO arm eps=0.8                    rep  9/24 det=False t=180
18:59:29 INFO arm eps=0.8                    rep 10/24 det=False t=180
18:59:30 INFO arm eps=0.8                    rep 11/24 det=False t=180
18:59:31 INFO arm eps=0.8                    rep 12/24 det=False t=180
18:59:31 INFO arm eps=0.8                    rep 13/24 det=False t=180
18:59:32 INFO arm eps=0.8                    rep 14/24 det=False t=180
18:59:33 INFO arm eps=0.8                    rep 15/24 det=False t=180
18:59:33 INFO arm eps=0.8                    rep 16/24 det=False t=180
18:59:34 INFO arm eps=0.8                    rep 17/24 det=False t=180
18:59:34 INFO arm eps=0.8                    rep 18/24 det=False t=180
18:59:35 INFO arm eps=0.8                    rep 19/24 det=False t=180
18:59:36 INFO arm eps=0.8                    rep 20/24 det=False t=180
18:59:37 INFO arm eps=0.8                    rep 21/24 det=False t=180
18:59:37 INFO arm eps=0.8                    rep 22/24 det=False t=180
18:59:38 INFO arm eps=0.8                    rep 23/24 det=False t=180
18:59:39 INFO arm eps=0.8                    rep 24/24 det=False t=180
18:59:40 INFO arm eps=1.0                    rep  1/24 det=False t=180
18:59:40 INFO arm eps=1.0                    rep  2/24 det=False t=180
18:59:41 INFO arm eps=1.0                    rep  3/24 det=False t=180
18:59:42 INFO arm eps=1.0                    rep  4/24 det=False t=180
18:59:43 INFO arm eps=1.0                    rep  5/24 det=False t=180
18:59:43 INFO arm eps=1.0                    rep  6/24 det=False t=180
18:59:44 INFO arm eps=1.0                    rep  7/24 det=False t=180
18:59:45 INFO arm eps=1.0                    rep  8/24 det=True t=89
18:59:45 INFO arm eps=1.0                    rep  9/24 det=False t=180
18:59:46 INFO arm eps=1.0                    rep 10/24 det=False t=180
18:59:47 INFO arm eps=1.0                    rep 11/24 det=False t=180
18:59:47 INFO arm eps=1.0                    rep 12/24 det=False t=180
18:59:48 INFO arm eps=1.0                    rep 13/24 det=False t=180
18:59:49 INFO arm eps=1.0                    rep 14/24 det=False t=180
18:59:50 INFO arm eps=1.0                    rep 15/24 det=False t=180
18:59:50 INFO arm eps=1.0                    rep 16/24 det=False t=180
18:59:50 INFO arm eps=1.0                    rep 17/24 det=False t=180
18:59:51 INFO arm eps=1.0                    rep 18/24 det=False t=180
18:59:52 INFO arm eps=1.0                    rep 19/24 det=False t=180
18:59:53 INFO arm eps=1.0                    rep 20/24 det=False t=180
18:59:53 INFO arm eps=1.0                    rep 21/24 det=False t=180
18:59:54 INFO arm eps=1.0                    rep 22/24 det=False t=180
18:59:55 INFO arm eps=1.0                    rep 23/24 det=False t=180
18:59:55 INFO arm eps=1.0                    rep 24/24 det=False t=180
18:59:55 INFO compared 6 arm pairs over 2 metrics
18:59:57 INFO arm pq|mixed|veg1.0            rep  1/24 det=True t=9
18:59:58 INFO arm pq|mixed|veg1.0            rep  2/24 det=False t=180
18:59:59 INFO arm pq|mixed|veg1.0            rep  3/24 det=False t=180
19:00:00 INFO arm pq|mixed|veg1.0            rep  4/24 det=False t=180
19:00:00 INFO arm pq|mixed|veg1.0            rep  5/24 det=False t=180
19:00:01 INFO arm pq|mixed|veg1.0            rep  6/24 det=False t=180
19:00:01 INFO arm pq|mixed|veg1.0            rep  7/24 det=False t=180
19:00:02 INFO arm pq|mixed|veg1.0            rep  8/24 det=False t=180
19:00:03 INFO arm pq|mixed|veg1.0            rep  9/24 det=False t=180
19:00:03 INFO arm pq|mixed|veg1.0            rep 10/24 det=False t=180
19:00:04 INFO arm pq|mixed|veg1.0            rep 11/24 det=False t=180
19:00:05 INFO arm pq|mixed|veg1.0            rep 12/24 det=False t=180
19:00:05 INFO arm pq|mixed|veg1.0            rep 13/24 det=True t=143
19:00:05 INFO arm pq|mixed|veg1.0            rep 14/24 det=True t=26
19:00:06 INFO arm pq|mixed|veg1.0            rep 15/24 det=False t=180
19:00:07 INFO arm pq|mixed|veg1.0            rep 16/24 det=False t=180
19:00:07 INFO arm pq|mixed|veg1.0            rep 17/24 det=False t=180
19:00:08 INFO arm pq|mixed|veg1.0            rep 18/24 det=False t=180
19:00:09 INFO arm pq|mixed|veg1.0            rep 19/24 det=True t=71
19:00:10 INFO arm pq|mixed|veg1.0            rep 20/24 det=False t=180
19:00:10 INFO arm pq|mixed|veg1.0            rep 21/24 det=False t=180
19:00:11 INFO arm pq|mixed|veg1.0            rep 22/24 det=False t=180
19:00:11 INFO arm pq|mixed|veg1.0            rep 23/24 det=False t=180
19:00:12 INFO arm pq|mixed|veg1.0            rep 24/24 det=False t=180
19:00:13 INFO arm p |mixed|veg1.0            rep  1/24 det=False t=180
19:00:14 INFO arm p |mixed|veg1.0            rep  2/24 det=False t=180
19:00:14 INFO arm p |mixed|veg1.0            rep  3/24 det=False t=180
19:00:15 INFO arm p |mixed|veg1.0            rep  4/24 det=False t=180
19:00:15 INFO arm p |mixed|veg1.0            rep  5/24 det=True t=80
19:00:16 INFO arm p |mixed|veg1.0            rep  6/24 det=False t=180
19:00:16 INFO arm p |mixed|veg1.0            rep  7/24 det=False t=180
19:00:17 INFO arm p |mixed|veg1.0            rep  8/24 det=False t=180
19:00:17 INFO arm p |mixed|veg1.0            rep  9/24 det=False t=180
19:00:18 INFO arm p |mixed|veg1.0            rep 10/24 det=False t=180
19:00:18 INFO arm p |mixed|veg1.0            rep 11/24 det=True t=67
19:00:19 INFO arm p |mixed|veg1.0            rep 12/24 det=False t=180
19:00:20 INFO arm p |mixed|veg1.0            rep 13/24 det=False t=180
19:00:20 INFO arm p |mixed|veg1.0            rep 14/24 det=False t=180
19:00:22 INFO arm p |mixed|veg1.0            rep 15/24 det=False t=180
19:00:22 INFO arm p |mixed|veg1.0            rep 16/24 det=False t=180
19:00:23 INFO arm p |mixed|veg1.0            rep 17/24 det=False t=180
19:00:25 INFO arm p |mixed|veg1.0            rep 18/24 det=True t=141
19:00:26 INFO arm p |mixed|veg1.0            rep 19/24 det=True t=87
19:00:26 INFO arm p |mixed|veg1.0            rep 20/24 det=False t=180
19:00:26 INFO arm p |mixed|veg1.0            rep 21/24 det=True t=39
19:00:27 INFO arm p |mixed|veg1.0            rep 22/24 det=False t=180
19:00:28 INFO arm p |mixed|veg1.0            rep 23/24 det=False t=180
19:00:28 INFO arm p |mixed|veg1.0            rep 24/24 det=False t=180
19:00:29 INFO arm pq|homRGB|veg1.0           rep  1/24 det=False t=180
19:00:30 INFO arm pq|homRGB|veg1.0           rep  2/24 det=False t=180
19:00:30 INFO arm pq|homRGB|veg1.0           rep  3/24 det=False t=180
19:00:31 INFO arm pq|homRGB|veg1.0           rep  4/24 det=False t=180
19:00:32 INFO arm pq|homRGB|veg1.0           rep  5/24 det=False t=180
19:00:32 INFO arm pq|homRGB|veg1.0           rep  6/24 det=False t=180
19:00:33 INFO arm pq|homRGB|veg1.0           rep  7/24 det=False t=180
19:00:34 INFO arm pq|homRGB|veg1.0           rep  8/24 det=False t=180
19:00:34 INFO arm pq|homRGB|veg1.0           rep  9/24 det=False t=180
19:00:35 INFO arm pq|homRGB|veg1.0           rep 10/24 det=False t=180
19:00:36 INFO arm pq|homRGB|veg1.0           rep 11/24 det=False t=180
19:00:36 INFO arm pq|homRGB|veg1.0           rep 12/24 det=False t=180
19:00:37 INFO arm pq|homRGB|veg1.0           rep 13/24 det=False t=180
19:00:37 INFO arm pq|homRGB|veg1.0           rep 14/24 det=True t=175
19:00:38 INFO arm pq|homRGB|veg1.0           rep 15/24 det=False t=180
19:00:39 INFO arm pq|homRGB|veg1.0           rep 16/24 det=False t=180
19:00:40 INFO arm pq|homRGB|veg1.0           rep 17/24 det=False t=180
19:00:41 INFO arm pq|homRGB|veg1.0           rep 18/24 det=False t=180
19:00:42 INFO arm pq|homRGB|veg1.0           rep 19/24 det=False t=180
19:00:42 INFO arm pq|homRGB|veg1.0           rep 20/24 det=False t=180
19:00:43 INFO arm pq|homRGB|veg1.0           rep 21/24 det=False t=180
19:00:44 INFO arm pq|homRGB|veg1.0           rep 22/24 det=False t=180
19:00:45 INFO arm pq|homRGB|veg1.0           rep 23/24 det=False t=180
19:00:45 INFO arm pq|homRGB|veg1.0           rep 24/24 det=False t=180
19:00:46 INFO arm p |homRGB|veg1.0           rep  1/24 det=False t=180
19:00:47 INFO arm p |homRGB|veg1.0           rep  2/24 det=False t=180
19:00:47 INFO arm p |homRGB|veg1.0           rep  3/24 det=True t=10
19:00:47 INFO arm p |homRGB|veg1.0           rep  4/24 det=False t=180
19:00:48 INFO arm p |homRGB|veg1.0           rep  5/24 det=False t=180
19:00:49 INFO arm p |homRGB|veg1.0           rep  6/24 det=False t=180
19:00:49 INFO arm p |homRGB|veg1.0           rep  7/24 det=False t=180
19:00:50 INFO arm p |homRGB|veg1.0           rep  8/24 det=False t=180
19:00:50 INFO arm p |homRGB|veg1.0           rep  9/24 det=False t=180
19:00:51 INFO arm p |homRGB|veg1.0           rep 10/24 det=False t=180
19:00:52 INFO arm p |homRGB|veg1.0           rep 11/24 det=False t=180
19:00:52 INFO arm p |homRGB|veg1.0           rep 12/24 det=False t=180
19:00:53 INFO arm p |homRGB|veg1.0           rep 13/24 det=False t=180
19:00:53 INFO arm p |homRGB|veg1.0           rep 14/24 det=True t=49
19:00:54 INFO arm p |homRGB|veg1.0           rep 15/24 det=False t=180
19:00:54 INFO arm p |homRGB|veg1.0           rep 16/24 det=False t=180
19:00:54 INFO arm p |homRGB|veg1.0           rep 17/24 det=True t=2
19:00:55 INFO arm p |homRGB|veg1.0           rep 18/24 det=False t=180
19:00:56 INFO arm p |homRGB|veg1.0           rep 19/24 det=False t=180
19:00:57 INFO arm p |homRGB|veg1.0           rep 20/24 det=False t=180
19:00:57 INFO arm p |homRGB|veg1.0           rep 21/24 det=False t=180
19:00:58 INFO arm p |homRGB|veg1.0           rep 22/24 det=False t=180
19:00:59 INFO arm p |homRGB|veg1.0           rep 23/24 det=False t=180
19:01:00 INFO arm p |homRGB|veg1.0           rep 24/24 det=False t=180
19:01:01 INFO compared 2 arm pairs over 2 metrics
19:01:04 INFO arm A                          rep  1/24 det=False t=180
19:01:05 INFO arm A                          rep  2/24 det=False t=180
19:01:06 INFO arm A                          rep  3/24 det=True t=132
19:01:07 INFO arm A                          rep  4/24 det=False t=180
19:01:08 INFO arm A                          rep  5/24 det=False t=180
19:01:09 INFO arm A                          rep  6/24 det=False t=180
19:01:10 INFO arm A                          rep  7/24 det=False t=180
19:01:11 INFO arm A                          rep  8/24 det=False t=180
19:01:12 INFO arm A                          rep  9/24 det=False t=180
19:01:13 INFO arm A                          rep 10/24 det=False t=180
19:01:14 INFO arm A                          rep 11/24 det=False t=180
19:01:14 INFO arm A                          rep 12/24 det=True t=116
19:01:15 INFO arm A                          rep 13/24 det=False t=180
19:01:16 INFO arm A                          rep 14/24 det=False t=180
19:01:17 INFO arm A                          rep 15/24 det=False t=180
19:01:18 INFO arm A                          rep 16/24 det=False t=180
19:01:19 INFO arm A                          rep 17/24 det=False t=180
19:01:19 INFO arm A                          rep 18/24 det=False t=180
19:01:20 INFO arm A                          rep 19/24 det=False t=180
19:01:21 INFO arm A                          rep 20/24 det=True t=115
19:01:22 INFO arm A                          rep 21/24 det=False t=180
19:01:23 INFO arm A                          rep 22/24 det=False t=180
19:01:24 INFO arm A                          rep 23/24 det=True t=97
19:01:25 INFO arm A                          rep 24/24 det=False t=180
19:01:25 INFO arm B                          rep  1/24 det=True t=65
19:01:26 INFO arm B                          rep  2/24 det=False t=180
19:01:27 INFO arm B                          rep  3/24 det=False t=180
19:01:28 INFO arm B                          rep  4/24 det=True t=176
19:01:28 INFO arm B                          rep  5/24 det=False t=180
19:01:29 INFO arm B                          rep  6/24 det=False t=180
19:01:30 INFO arm B                          rep  7/24 det=False t=180
19:01:30 INFO arm B                          rep  8/24 det=True t=70
19:01:31 INFO arm B                          rep  9/24 det=False t=180
19:01:32 INFO arm B                          rep 10/24 det=False t=180
19:01:32 INFO arm B                          rep 11/24 det=False t=180
19:01:33 INFO arm B                          rep 12/24 det=True t=93
19:01:34 INFO arm B                          rep 13/24 det=False t=180
19:01:34 INFO arm B                          rep 14/24 det=False t=180
19:01:35 INFO arm B                          rep 15/24 det=False t=180
19:01:35 INFO arm B                          rep 16/24 det=False t=180
19:01:36 INFO arm B                          rep 17/24 det=False t=180
19:01:36 INFO arm B                          rep 18/24 det=True t=51
19:01:37 INFO arm B                          rep 19/24 det=False t=180
19:01:38 INFO arm B                          rep 20/24 det=False t=180
19:01:39 INFO arm B                          rep 21/24 det=False t=180
19:01:40 INFO arm B                          rep 22/24 det=False t=180
19:01:40 INFO arm B                          rep 23/24 det=False t=180
19:01:41 INFO arm B                          rep 24/24 det=True t=89
19:01:41 INFO arm C                          rep  1/24 det=True t=8
19:01:42 INFO arm C                          rep  2/24 det=True t=4
19:01:43 INFO arm C                          rep  3/24 det=False t=180
19:01:44 INFO arm C                          rep  4/24 det=True t=94
19:01:45 INFO arm C                          rep  5/24 det=False t=180
19:01:46 INFO arm C                          rep  6/24 det=False t=180
19:01:47 INFO arm C                          rep  7/24 det=False t=180
19:01:48 INFO arm C                          rep  8/24 det=False t=180
19:01:49 INFO arm C                          rep  9/24 det=False t=180
19:01:50 INFO arm C                          rep 10/24 det=False t=180
19:01:51 INFO arm C                          rep 11/24 det=False t=180
19:01:52 INFO arm C                          rep 12/24 det=False t=180
19:01:53 INFO arm C                          rep 13/24 det=False t=180
19:01:54 INFO arm C                          rep 14/24 det=False t=180
19:01:54 INFO arm C                          rep 15/24 det=False t=180
19:01:55 INFO arm C                          rep 16/24 det=True t=27
19:01:56 INFO arm C                          rep 17/24 det=False t=180
19:01:57 INFO arm C                          rep 18/24 det=False t=180
19:01:58 INFO arm C                          rep 19/24 det=False t=180
19:01:58 INFO arm C                          rep 20/24 det=True t=96
19:01:59 INFO arm C                          rep 21/24 det=False t=180
19:02:00 INFO arm C                          rep 22/24 det=False t=180
19:02:01 INFO arm C                          rep 23/24 det=False t=180
19:02:02 INFO arm C                          rep 24/24 det=False t=180
19:02:02 INFO arm D                          rep  1/24 det=True t=7
19:02:02 INFO arm D                          rep  2/24 det=True t=11
19:02:03 INFO arm D                          rep  3/24 det=True t=40
19:02:04 INFO arm D                          rep  4/24 det=False t=180
19:02:04 INFO arm D                          rep  5/24 det=True t=162
19:02:05 INFO arm D                          rep  6/24 det=False t=180
19:02:06 INFO arm D                          rep  7/24 det=False t=180
19:02:06 INFO arm D                          rep  8/24 det=False t=180
19:02:07 INFO arm D                          rep  9/24 det=False t=180
19:02:08 INFO arm D                          rep 10/24 det=False t=180
19:02:09 INFO arm D                          rep 11/24 det=False t=180
19:02:09 INFO arm D                          rep 12/24 det=False t=180
19:02:10 INFO arm D                          rep 13/24 det=False t=180
19:02:11 INFO arm D                          rep 14/24 det=False t=180
19:02:11 INFO arm D                          rep 15/24 det=False t=180
19:02:11 INFO arm D                          rep 16/24 det=True t=27
19:02:12 INFO arm D                          rep 17/24 det=False t=180
19:02:12 INFO arm D                          rep 18/24 det=True t=116
19:02:13 INFO arm D                          rep 19/24 det=False t=180
19:02:14 INFO arm D                          rep 20/24 det=False t=180
19:02:15 INFO arm D                          rep 21/24 det=False t=180
19:02:16 INFO arm D                          rep 22/24 det=False t=180
19:02:16 INFO arm D                          rep 23/24 det=False t=180
19:02:17 INFO arm D                          rep 24/24 det=True t=66
19:02:17 INFO arm E_static_target            rep  1/24 det=False t=180
19:02:18 INFO arm E_static_target            rep  2/24 det=False t=180
19:02:18 INFO arm E_static_target            rep  3/24 det=True t=153
19:02:19 INFO arm E_static_target            rep  4/24 det=False t=180
19:02:19 INFO arm E_static_target            rep  5/24 det=False t=180
19:02:20 INFO arm E_static_target            rep  6/24 det=False t=180
19:02:21 INFO arm E_static_target            rep  7/24 det=False t=180
19:02:21 INFO arm E_static_target            rep  8/24 det=True t=70
19:02:22 INFO arm E_static_target            rep  9/24 det=False t=180
19:02:22 INFO arm E_static_target            rep 10/24 det=False t=180
19:02:23 INFO arm E_static_target            rep 11/24 det=True t=65
19:02:23 INFO arm E_static_target            rep 12/24 det=False t=180
19:02:24 INFO arm E_static_target            rep 13/24 det=False t=180
19:02:24 INFO arm E_static_target            rep 14/24 det=False t=180
19:02:25 INFO arm E_static_target            rep 15/24 det=False t=180
19:02:25 INFO arm E_static_target            rep 16/24 det=False t=180
19:02:25 INFO arm E_static_target            rep 17/24 det=False t=180
19:02:26 INFO arm E_static_target            rep 18/24 det=False t=180
19:02:26 INFO arm E_static_target            rep 19/24 det=False t=180
19:02:27 INFO arm E_static_target            rep 20/24 det=False t=180
19:02:28 INFO arm E_static_target            rep 21/24 det=False t=180
19:02:28 INFO arm E_static_target            rep 22/24 det=False t=180
19:02:29 INFO arm E_static_target            rep 23/24 det=False t=180
19:02:29 INFO arm E_static_target            rep 24/24 det=False t=180
19:02:29 INFO compared 4 arm pairs over 2 metrics
19:02:32 INFO arm map_eps=0.0                rep  1/24 det=False t=180
19:02:33 INFO arm map_eps=0.0                rep  2/24 det=False t=180
19:02:33 INFO arm map_eps=0.0                rep  3/24 det=False t=180
19:02:34 INFO arm map_eps=0.0                rep  4/24 det=False t=180
19:02:35 INFO arm map_eps=0.0                rep  5/24 det=True t=149
19:02:35 INFO arm map_eps=0.0                rep  6/24 det=False t=180
19:02:36 INFO arm map_eps=0.0                rep  7/24 det=False t=180
19:02:37 INFO arm map_eps=0.0                rep  8/24 det=True t=38
19:02:37 INFO arm map_eps=0.0                rep  9/24 det=False t=180
19:02:38 INFO arm map_eps=0.0                rep 10/24 det=False t=180
19:02:39 INFO arm map_eps=0.0                rep 11/24 det=False t=180
19:02:40 INFO arm map_eps=0.0                rep 12/24 det=False t=180
19:02:40 INFO arm map_eps=0.0                rep 13/24 det=False t=180
19:02:41 INFO arm map_eps=0.0                rep 14/24 det=False t=180
19:02:42 INFO arm map_eps=0.0                rep 15/24 det=False t=180
19:02:43 INFO arm map_eps=0.0                rep 16/24 det=False t=180
19:02:43 INFO arm map_eps=0.0                rep 17/24 det=False t=180
19:02:44 INFO arm map_eps=0.0                rep 18/24 det=False t=180
19:02:45 INFO arm map_eps=0.0                rep 19/24 det=True t=151
19:02:45 INFO arm map_eps=0.0                rep 20/24 det=False t=180
19:02:45 INFO arm map_eps=0.0                rep 21/24 det=True t=12
19:02:46 INFO arm map_eps=0.0                rep 22/24 det=False t=180
19:02:47 INFO arm map_eps=0.0                rep 23/24 det=False t=180
19:02:47 INFO arm map_eps=0.0                rep 24/24 det=False t=180
19:02:47 INFO arm map_eps=0.2                rep  1/24 det=True t=3
19:02:48 INFO arm map_eps=0.2                rep  2/24 det=False t=180
19:02:48 INFO arm map_eps=0.2                rep  3/24 det=True t=44
19:02:49 INFO arm map_eps=0.2                rep  4/24 det=False t=180
19:02:50 INFO arm map_eps=0.2                rep  5/24 det=False t=180
19:02:51 INFO arm map_eps=0.2                rep  6/24 det=False t=180
19:02:51 INFO arm map_eps=0.2                rep  7/24 det=False t=180
19:02:52 INFO arm map_eps=0.2                rep  8/24 det=False t=180
19:02:53 INFO arm map_eps=0.2                rep  9/24 det=False t=180
19:02:54 INFO arm map_eps=0.2                rep 10/24 det=False t=180
19:02:55 INFO arm map_eps=0.2                rep 11/24 det=False t=180
19:02:55 INFO arm map_eps=0.2                rep 12/24 det=False t=180
19:02:56 INFO arm map_eps=0.2                rep 13/24 det=False t=180
19:02:57 INFO arm map_eps=0.2                rep 14/24 det=False t=180
19:02:57 INFO arm map_eps=0.2                rep 15/24 det=False t=180
19:02:58 INFO arm map_eps=0.2                rep 16/24 det=False t=180
19:02:59 INFO arm map_eps=0.2                rep 17/24 det=False t=180
19:03:00 INFO arm map_eps=0.2                rep 18/24 det=False t=180
19:03:00 INFO arm map_eps=0.2                rep 19/24 det=True t=47
19:03:01 INFO arm map_eps=0.2                rep 20/24 det=False t=180
19:03:02 INFO arm map_eps=0.2                rep 21/24 det=False t=180
19:03:03 INFO arm map_eps=0.2                rep 22/24 det=False t=180
19:03:03 INFO arm map_eps=0.2                rep 23/24 det=False t=180
19:03:04 INFO arm map_eps=0.2                rep 24/24 det=False t=180
19:03:05 INFO arm map_eps=0.4                rep  1/24 det=False t=180
19:03:05 INFO arm map_eps=0.4                rep  2/24 det=False t=180
19:03:06 INFO arm map_eps=0.4                rep  3/24 det=False t=180
19:03:07 INFO arm map_eps=0.4                rep  4/24 det=False t=180
19:03:08 INFO arm map_eps=0.4                rep  5/24 det=False t=180
19:03:09 INFO arm map_eps=0.4                rep  6/24 det=False t=180
19:03:09 INFO arm map_eps=0.4                rep  7/24 det=False t=180
19:03:10 INFO arm map_eps=0.4                rep  8/24 det=False t=180
19:03:11 INFO arm map_eps=0.4                rep  9/24 det=False t=180
19:03:12 INFO arm map_eps=0.4                rep 10/24 det=False t=180
19:03:13 INFO arm map_eps=0.4                rep 11/24 det=False t=180
19:03:13 INFO arm map_eps=0.4                rep 12/24 det=False t=180
19:03:14 INFO arm map_eps=0.4                rep 13/24 det=False t=180
19:03:15 INFO arm map_eps=0.4                rep 14/24 det=False t=180
19:03:15 INFO arm map_eps=0.4                rep 15/24 det=False t=180
19:03:16 INFO arm map_eps=0.4                rep 16/24 det=False t=180
19:03:17 INFO arm map_eps=0.4                rep 17/24 det=False t=180
19:03:17 INFO arm map_eps=0.4                rep 18/24 det=False t=180
19:03:18 INFO arm map_eps=0.4                rep 19/24 det=False t=180
19:03:19 INFO arm map_eps=0.4                rep 20/24 det=False t=180
19:03:19 INFO arm map_eps=0.4                rep 21/24 det=False t=180
19:03:20 INFO arm map_eps=0.4                rep 22/24 det=False t=180
19:03:21 INFO arm map_eps=0.4                rep 23/24 det=False t=180
19:03:21 INFO arm map_eps=0.4                rep 24/24 det=False t=180
19:03:21 INFO arm map_eps=0.6                rep  1/24 det=True t=9
19:03:22 INFO arm map_eps=0.6                rep  2/24 det=False t=180
19:03:23 INFO arm map_eps=0.6                rep  3/24 det=False t=180
19:03:24 INFO arm map_eps=0.6                rep  4/24 det=False t=180
19:03:24 INFO arm map_eps=0.6                rep  5/24 det=False t=180
19:03:25 INFO arm map_eps=0.6                rep  6/24 det=False t=180
19:03:26 INFO arm map_eps=0.6                rep  7/24 det=False t=180
19:03:27 INFO arm map_eps=0.6                rep  8/24 det=False t=180
19:03:27 INFO arm map_eps=0.6                rep  9/24 det=False t=180
19:03:28 INFO arm map_eps=0.6                rep 10/24 det=False t=180
19:03:29 INFO arm map_eps=0.6                rep 11/24 det=False t=180
19:03:30 INFO arm map_eps=0.6                rep 12/24 det=False t=180
19:03:30 INFO arm map_eps=0.6                rep 13/24 det=False t=180
19:03:31 INFO arm map_eps=0.6                rep 14/24 det=False t=180
19:03:32 INFO arm map_eps=0.6                rep 15/24 det=False t=180
19:03:32 INFO arm map_eps=0.6                rep 16/24 det=True t=108
19:03:33 INFO arm map_eps=0.6                rep 17/24 det=False t=180
19:03:34 INFO arm map_eps=0.6                rep 18/24 det=False t=180
19:03:34 INFO arm map_eps=0.6                rep 19/24 det=False t=180
19:03:35 INFO arm map_eps=0.6                rep 20/24 det=False t=180
19:03:35 INFO arm map_eps=0.6                rep 21/24 det=True t=14
19:03:36 INFO arm map_eps=0.6                rep 22/24 det=False t=180
19:03:37 INFO arm map_eps=0.6                rep 23/24 det=False t=180
19:03:37 INFO arm map_eps=0.6                rep 24/24 det=False t=180
19:03:38 INFO arm q_bias=0.6                 rep  1/24 det=False t=180
19:03:38 INFO arm q_bias=0.6                 rep  2/24 det=False t=180
19:03:39 INFO arm q_bias=0.6                 rep  3/24 det=False t=180
19:03:40 INFO arm q_bias=0.6                 rep  4/24 det=False t=180
19:03:41 INFO arm q_bias=0.6                 rep  5/24 det=False t=180
19:03:42 INFO arm q_bias=0.6                 rep  6/24 det=False t=180
19:03:42 INFO arm q_bias=0.6                 rep  7/24 det=False t=180
19:03:43 INFO arm q_bias=0.6                 rep  8/24 det=False t=180
19:03:44 INFO arm q_bias=0.6                 rep  9/24 det=False t=180
19:03:45 INFO arm q_bias=0.6                 rep 10/24 det=False t=180
19:03:46 INFO arm q_bias=0.6                 rep 11/24 det=False t=180
19:03:46 INFO arm q_bias=0.6                 rep 12/24 det=False t=180
19:03:47 INFO arm q_bias=0.6                 rep 13/24 det=False t=180
19:03:48 INFO arm q_bias=0.6                 rep 14/24 det=False t=180
19:03:48 INFO arm q_bias=0.6                 rep 15/24 det=False t=180
19:03:49 INFO arm q_bias=0.6                 rep 16/24 det=False t=180
19:03:50 INFO arm q_bias=0.6                 rep 17/24 det=False t=180
19:03:51 INFO arm q_bias=0.6                 rep 18/24 det=False t=180
19:03:52 INFO arm q_bias=0.6                 rep 19/24 det=True t=58
19:03:52 INFO arm q_bias=0.6                 rep 20/24 det=False t=180
19:03:54 INFO arm q_bias=0.6                 rep 21/24 det=False t=180
19:03:55 INFO arm q_bias=0.6                 rep 22/24 det=False t=180
19:03:55 INFO arm q_bias=0.6                 rep 23/24 det=False t=180
19:03:56 INFO arm q_bias=0.6                 rep 24/24 det=False t=180
19:03:56 INFO arm q_bias=0.8                 rep  1/24 det=True t=7
19:03:56 INFO arm q_bias=0.8                 rep  2/24 det=False t=180
19:03:57 INFO arm q_bias=0.8                 rep  3/24 det=True t=75
19:03:58 INFO arm q_bias=0.8                 rep  4/24 det=False t=180
19:03:58 INFO arm q_bias=0.8                 rep  5/24 det=True t=147
19:03:59 INFO arm q_bias=0.8                 rep  6/24 det=False t=180
19:04:00 INFO arm q_bias=0.8                 rep  7/24 det=False t=180
19:04:00 INFO arm q_bias=0.8                 rep  8/24 det=False t=180
19:04:01 INFO arm q_bias=0.8                 rep  9/24 det=False t=180
19:04:02 INFO arm q_bias=0.8                 rep 10/24 det=False t=180
19:04:03 INFO arm q_bias=0.8                 rep 11/24 det=False t=180
19:04:04 INFO arm q_bias=0.8                 rep 12/24 det=False t=180
19:04:05 INFO arm q_bias=0.8                 rep 13/24 det=False t=180
19:04:07 INFO arm q_bias=0.8                 rep 14/24 det=False t=180
19:04:08 INFO arm q_bias=0.8                 rep 15/24 det=False t=180
19:04:08 INFO arm q_bias=0.8                 rep 16/24 det=False t=180
19:04:09 INFO arm q_bias=0.8                 rep 17/24 det=False t=180
19:04:10 INFO arm q_bias=0.8                 rep 18/24 det=False t=180
19:04:10 INFO arm q_bias=0.8                 rep 19/24 det=True t=115
19:04:11 INFO arm q_bias=0.8                 rep 20/24 det=False t=180
19:04:11 INFO arm q_bias=0.8                 rep 21/24 det=True t=12
19:04:12 INFO arm q_bias=0.8                 rep 22/24 det=False t=180
19:04:12 INFO arm q_bias=0.8                 rep 23/24 det=False t=180
19:04:13 INFO arm q_bias=0.8                 rep 24/24 det=False t=180
19:04:13 INFO arm q_bias=1.0                 rep  1/24 det=True t=7
19:04:14 INFO arm q_bias=1.0                 rep  2/24 det=False t=180
19:04:15 INFO arm q_bias=1.0                 rep  3/24 det=False t=180
19:04:15 INFO arm q_bias=1.0                 rep  4/24 det=False t=180
19:04:16 INFO arm q_bias=1.0                 rep  5/24 det=False t=180
19:04:17 INFO arm q_bias=1.0                 rep  6/24 det=False t=180
19:04:18 INFO arm q_bias=1.0                 rep  7/24 det=False t=180
19:04:19 INFO arm q_bias=1.0                 rep  8/24 det=False t=180
19:04:20 INFO arm q_bias=1.0                 rep  9/24 det=False t=180
19:04:21 INFO arm q_bias=1.0                 rep 10/24 det=False t=180
19:04:22 INFO arm q_bias=1.0                 rep 11/24 det=False t=180
19:04:23 INFO arm q_bias=1.0                 rep 12/24 det=False t=180
19:04:23 INFO arm q_bias=1.0                 rep 13/24 det=False t=180
19:04:24 INFO arm q_bias=1.0                 rep 14/24 det=False t=180
19:04:25 INFO arm q_bias=1.0                 rep 15/24 det=False t=180
19:04:26 INFO arm q_bias=1.0                 rep 16/24 det=True t=81
19:04:26 INFO arm q_bias=1.0                 rep 17/24 det=False t=180
19:04:27 INFO arm q_bias=1.0                 rep 18/24 det=False t=180
19:04:28 INFO arm q_bias=1.0                 rep 19/24 det=False t=180
19:04:29 INFO arm q_bias=1.0                 rep 20/24 det=False t=180
19:04:29 INFO arm q_bias=1.0                 rep 21/24 det=True t=169
19:04:30 INFO arm q_bias=1.0                 rep 22/24 det=False t=180
19:04:31 INFO arm q_bias=1.0                 rep 23/24 det=False t=180
19:04:31 INFO arm q_bias=1.0                 rep 24/24 det=False t=180
19:04:32 INFO arm q_bias=1.2                 rep  1/24 det=True t=7
19:04:32 INFO arm q_bias=1.2                 rep  2/24 det=False t=180
19:04:33 INFO arm q_bias=1.2                 rep  3/24 det=False t=180
19:04:34 INFO arm q_bias=1.2                 rep  4/24 det=False t=180
19:04:35 INFO arm q_bias=1.2                 rep  5/24 det=False t=180
19:04:36 INFO arm q_bias=1.2                 rep  6/24 det=False t=180
19:04:37 INFO arm q_bias=1.2                 rep  7/24 det=False t=180
19:04:37 INFO arm q_bias=1.2                 rep  8/24 det=False t=180
19:04:38 INFO arm q_bias=1.2                 rep  9/24 det=False t=180
19:04:39 INFO arm q_bias=1.2                 rep 10/24 det=False t=180
19:04:40 INFO arm q_bias=1.2                 rep 11/24 det=True t=149
19:04:40 INFO arm q_bias=1.2                 rep 12/24 det=False t=180
19:04:41 INFO arm q_bias=1.2                 rep 13/24 det=False t=180
19:04:42 INFO arm q_bias=1.2                 rep 14/24 det=False t=180
19:04:42 INFO arm q_bias=1.2                 rep 15/24 det=False t=180
19:04:43 INFO arm q_bias=1.2                 rep 16/24 det=False t=180
19:04:44 INFO arm q_bias=1.2                 rep 17/24 det=False t=180
19:04:45 INFO arm q_bias=1.2                 rep 18/24 det=False t=180
19:04:45 INFO arm q_bias=1.2                 rep 19/24 det=True t=47
19:04:46 INFO arm q_bias=1.2                 rep 20/24 det=False t=180
19:04:47 INFO arm q_bias=1.2                 rep 21/24 det=False t=180
19:04:48 INFO arm q_bias=1.2                 rep 22/24 det=False t=180
19:04:49 INFO arm q_bias=1.2                 rep 23/24 det=False t=180
19:04:50 INFO arm q_bias=1.2                 rep 24/24 det=False t=180
19:04:50 INFO arm q_bias=1.4                 rep  1/24 det=True t=3
19:04:51 INFO arm q_bias=1.4                 rep  2/24 det=False t=180
19:04:51 INFO arm q_bias=1.4                 rep  3/24 det=True t=144
19:04:52 INFO arm q_bias=1.4                 rep  4/24 det=False t=180
19:04:53 INFO arm q_bias=1.4                 rep  5/24 det=False t=180
19:04:54 INFO arm q_bias=1.4                 rep  6/24 det=False t=180
19:04:54 INFO arm q_bias=1.4                 rep  7/24 det=False t=180
19:04:55 INFO arm q_bias=1.4                 rep  8/24 det=False t=180
19:04:56 INFO arm q_bias=1.4                 rep  9/24 det=False t=180
19:04:57 INFO arm q_bias=1.4                 rep 10/24 det=False t=180
19:04:57 INFO arm q_bias=1.4                 rep 11/24 det=False t=180
19:04:58 INFO arm q_bias=1.4                 rep 12/24 det=False t=180
19:04:59 INFO arm q_bias=1.4                 rep 13/24 det=False t=180
19:05:00 INFO arm q_bias=1.4                 rep 14/24 det=False t=180
19:05:00 INFO arm q_bias=1.4                 rep 15/24 det=False t=180
19:05:02 INFO arm q_bias=1.4                 rep 16/24 det=False t=180
19:05:03 INFO arm q_bias=1.4                 rep 17/24 det=False t=180
19:05:03 INFO arm q_bias=1.4                 rep 18/24 det=True t=85
19:05:04 INFO arm q_bias=1.4                 rep 19/24 det=True t=118
19:05:05 INFO arm q_bias=1.4                 rep 20/24 det=False t=180
19:05:05 INFO arm q_bias=1.4                 rep 21/24 det=False t=180
19:05:06 INFO arm q_bias=1.4                 rep 22/24 det=False t=180
19:05:07 INFO arm q_bias=1.4                 rep 23/24 det=False t=180
19:05:08 INFO arm q_bias=1.4                 rep 24/24 det=False t=180
19:05:08 INFO arm beta_bias=-0.3             rep  1/24 det=True t=4
19:05:08 INFO arm beta_bias=-0.3             rep  2/24 det=False t=180
19:05:09 INFO arm beta_bias=-0.3             rep  3/24 det=True t=97
19:05:10 INFO arm beta_bias=-0.3             rep  4/24 det=False t=180
19:05:11 INFO arm beta_bias=-0.3             rep  5/24 det=False t=180
19:05:12 INFO arm beta_bias=-0.3             rep  6/24 det=False t=180
19:05:13 INFO arm beta_bias=-0.3             rep  7/24 det=False t=180
19:05:13 INFO arm beta_bias=-0.3             rep  8/24 det=False t=180
19:05:14 INFO arm beta_bias=-0.3             rep  9/24 det=False t=180
19:05:15 INFO arm beta_bias=-0.3             rep 10/24 det=False t=180
19:05:17 INFO arm beta_bias=-0.3             rep 11/24 det=False t=180
19:05:17 INFO arm beta_bias=-0.3             rep 12/24 det=False t=180
19:05:18 INFO arm beta_bias=-0.3             rep 13/24 det=True t=149
19:05:19 INFO arm beta_bias=-0.3             rep 14/24 det=False t=180
19:05:19 INFO arm beta_bias=-0.3             rep 15/24 det=False t=180
19:05:20 INFO arm beta_bias=-0.3             rep 16/24 det=True t=89
19:05:21 INFO arm beta_bias=-0.3             rep 17/24 det=False t=180
19:05:22 INFO arm beta_bias=-0.3             rep 18/24 det=False t=180
19:05:22 INFO arm beta_bias=-0.3             rep 19/24 det=False t=180
19:05:23 INFO arm beta_bias=-0.3             rep 20/24 det=False t=180
19:05:24 INFO arm beta_bias=-0.3             rep 21/24 det=False t=180
19:05:25 INFO arm beta_bias=-0.3             rep 22/24 det=False t=180
19:05:25 INFO arm beta_bias=-0.3             rep 23/24 det=False t=180
19:05:26 INFO arm beta_bias=-0.3             rep 24/24 det=False t=180
19:05:26 INFO arm beta_bias=-0.15            rep  1/24 det=False t=180
19:05:27 INFO arm beta_bias=-0.15            rep  2/24 det=False t=180
19:05:28 INFO arm beta_bias=-0.15            rep  3/24 det=True t=76
19:05:28 INFO arm beta_bias=-0.15            rep  4/24 det=False t=180
19:05:29 INFO arm beta_bias=-0.15            rep  5/24 det=False t=180
19:05:30 INFO arm beta_bias=-0.15            rep  6/24 det=False t=180
19:05:31 INFO arm beta_bias=-0.15            rep  7/24 det=False t=180
19:05:31 INFO arm beta_bias=-0.15            rep  8/24 det=False t=180
19:05:32 INFO arm beta_bias=-0.15            rep  9/24 det=False t=180
19:05:33 INFO arm beta_bias=-0.15            rep 10/24 det=False t=180
19:05:34 INFO arm beta_bias=-0.15            rep 11/24 det=True t=152
19:05:34 INFO arm beta_bias=-0.15            rep 12/24 det=False t=180
19:05:35 INFO arm beta_bias=-0.15            rep 13/24 det=False t=180
19:05:36 INFO arm beta_bias=-0.15            rep 14/24 det=False t=180
19:05:37 INFO arm beta_bias=-0.15            rep 15/24 det=False t=180
19:05:37 INFO arm beta_bias=-0.15            rep 16/24 det=False t=180
19:05:38 INFO arm beta_bias=-0.15            rep 17/24 det=False t=180
19:05:39 INFO arm beta_bias=-0.15            rep 18/24 det=False t=180
19:05:39 INFO arm beta_bias=-0.15            rep 19/24 det=True t=48
19:05:40 INFO arm beta_bias=-0.15            rep 20/24 det=False t=180
19:05:41 INFO arm beta_bias=-0.15            rep 21/24 det=False t=180
19:05:41 INFO arm beta_bias=-0.15            rep 22/24 det=False t=180
19:05:42 INFO arm beta_bias=-0.15            rep 23/24 det=False t=180
19:05:43 INFO arm beta_bias=-0.15            rep 24/24 det=False t=180
19:05:43 INFO arm beta_bias=0.0              rep  1/24 det=True t=164
19:05:44 INFO arm beta_bias=0.0              rep  2/24 det=False t=180
19:05:45 INFO arm beta_bias=0.0              rep  3/24 det=False t=180
19:05:45 INFO arm beta_bias=0.0              rep  4/24 det=False t=180
19:05:46 INFO arm beta_bias=0.0              rep  5/24 det=False t=180
19:05:47 INFO arm beta_bias=0.0              rep  6/24 det=False t=180
19:05:48 INFO arm beta_bias=0.0              rep  7/24 det=False t=180
19:05:48 INFO arm beta_bias=0.0              rep  8/24 det=False t=180
19:05:49 INFO arm beta_bias=0.0              rep  9/24 det=False t=180
19:05:50 INFO arm beta_bias=0.0              rep 10/24 det=False t=180
19:05:51 INFO arm beta_bias=0.0              rep 11/24 det=False t=180
19:05:52 INFO arm beta_bias=0.0              rep 12/24 det=False t=180
19:05:52 INFO arm beta_bias=0.0              rep 13/24 det=False t=180
19:05:53 INFO arm beta_bias=0.0              rep 14/24 det=False t=180
19:05:54 INFO arm beta_bias=0.0              rep 15/24 det=False t=180
19:05:55 INFO arm beta_bias=0.0              rep 16/24 det=True t=82
19:05:55 INFO arm beta_bias=0.0              rep 17/24 det=True t=74
19:05:56 INFO arm beta_bias=0.0              rep 18/24 det=False t=180
19:05:57 INFO arm beta_bias=0.0              rep 19/24 det=False t=180
19:05:57 INFO arm beta_bias=0.0              rep 20/24 det=False t=180
19:05:58 INFO arm beta_bias=0.0              rep 21/24 det=False t=180
19:05:59 INFO arm beta_bias=0.0              rep 22/24 det=False t=180
19:06:00 INFO arm beta_bias=0.0              rep 23/24 det=False t=180
19:06:00 INFO arm beta_bias=0.0              rep 24/24 det=False t=180
19:06:00 INFO arm beta_bias=0.15             rep  1/24 det=True t=4
19:06:01 INFO arm beta_bias=0.15             rep  2/24 det=False t=180
19:06:02 INFO arm beta_bias=0.15             rep  3/24 det=True t=87
19:06:02 INFO arm beta_bias=0.15             rep  4/24 det=False t=180
19:06:03 INFO arm beta_bias=0.15             rep  5/24 det=False t=180
19:06:04 INFO arm beta_bias=0.15             rep  6/24 det=False t=180
19:06:05 INFO arm beta_bias=0.15             rep  7/24 det=False t=180
19:06:05 INFO arm beta_bias=0.15             rep  8/24 det=False t=180
19:06:06 INFO arm beta_bias=0.15             rep  9/24 det=False t=180
19:06:07 INFO arm beta_bias=0.15             rep 10/24 det=False t=180
19:06:08 INFO arm beta_bias=0.15             rep 11/24 det=False t=180
19:06:09 INFO arm beta_bias=0.15             rep 12/24 det=False t=180
19:06:09 INFO arm beta_bias=0.15             rep 13/24 det=False t=180
19:06:10 INFO arm beta_bias=0.15             rep 14/24 det=False t=180
19:06:11 INFO arm beta_bias=0.15             rep 15/24 det=False t=180
19:06:11 INFO arm beta_bias=0.15             rep 16/24 det=False t=180
19:06:12 INFO arm beta_bias=0.15             rep 17/24 det=False t=180
19:06:13 INFO arm beta_bias=0.15             rep 18/24 det=False t=180
19:06:14 INFO arm beta_bias=0.15             rep 19/24 det=False t=180
19:06:14 INFO arm beta_bias=0.15             rep 20/24 det=False t=180
19:06:15 INFO arm beta_bias=0.15             rep 21/24 det=False t=180
19:06:16 INFO arm beta_bias=0.15             rep 22/24 det=False t=180
19:06:16 INFO arm beta_bias=0.15             rep 23/24 det=False t=180
19:06:17 INFO arm beta_bias=0.15             rep 24/24 det=False t=180
19:06:17 INFO arm beta_bias=0.3              rep  1/24 det=True t=3
19:06:18 INFO arm beta_bias=0.3              rep  2/24 det=False t=180
19:06:18 INFO arm beta_bias=0.3              rep  3/24 det=True t=75
19:06:19 INFO arm beta_bias=0.3              rep  4/24 det=False t=180
19:06:20 INFO arm beta_bias=0.3              rep  5/24 det=True t=144
19:06:21 INFO arm beta_bias=0.3              rep  6/24 det=False t=180
19:06:21 INFO arm beta_bias=0.3              rep  7/24 det=False t=180
19:06:22 INFO arm beta_bias=0.3              rep  8/24 det=False t=180
19:06:23 INFO arm beta_bias=0.3              rep  9/24 det=False t=180
19:06:24 INFO arm beta_bias=0.3              rep 10/24 det=False t=180
19:06:25 INFO arm beta_bias=0.3              rep 11/24 det=False t=180
19:06:25 INFO arm beta_bias=0.3              rep 12/24 det=False t=180
19:06:26 INFO arm beta_bias=0.3              rep 13/24 det=False t=180
19:06:27 INFO arm beta_bias=0.3              rep 14/24 det=False t=180
19:06:27 INFO arm beta_bias=0.3              rep 15/24 det=False t=180
19:06:28 INFO arm beta_bias=0.3              rep 16/24 det=False t=180
19:06:29 INFO arm beta_bias=0.3              rep 17/24 det=False t=180
19:06:29 INFO arm beta_bias=0.3              rep 18/24 det=False t=180
19:06:30 INFO arm beta_bias=0.3              rep 19/24 det=False t=180
19:06:31 INFO arm beta_bias=0.3              rep 20/24 det=False t=180
19:06:32 INFO arm beta_bias=0.3              rep 21/24 det=False t=180
19:06:32 INFO arm beta_bias=0.3              rep 22/24 det=False t=180
19:06:33 INFO arm beta_bias=0.3              rep 23/24 det=False t=180
19:06:34 INFO arm beta_bias=0.3              rep 24/24 det=False t=180

================ RQ1 ================

== RQ1 prediction quality (held-out incidents) ==
            loglik      rank  mass_r200m  mass_r400m  mass_r800m  recall_top5pct  recall_top10pct  recall_top20pct  recall_top5pct_ci_lo  recall_top5pct_ci_hi  recall_top10pct_ci_lo  recall_top10pct_ci_hi  recall_top20pct_ci_lo  recall_top20pct_ci_hi
model                                                                                                                                                                                                                                                     
gis        -6.2828  151.4500      0.0265      0.0854      0.2651          0.4625           0.6625           0.8750                0.3575                0.5710                 0.5536                 0.7565                 0.7850                 0.9307
distance   -6.5160  107.4125      0.0199      0.0676      0.2298          0.5375           0.7375           0.9500                0.4290                0.6425                 0.6318                 0.8214                 0.8784                 0.9804
datadriven -6.6277  110.4375      0.0167      0.0574      0.2052          0.5500           0.7125           0.9500                0.4412                0.6542                 0.6054                 0.8001                 0.8784                 0.9804
uniform    -7.3225  734.0750      0.0083      0.0286      0.1041          0.0625           0.1000           0.2125                0.0270                0.1381                 0.0515                 0.1851                 0.1371                 0.3142

== RQ1 operational preview (rolling planner, same envs) ==
       arm   DSR  EDT_censored  mean_unique_cells_searched
datadriven 0.250       158.333                      22.458
  distance 0.292       145.375                      21.583
       gis 0.375       145.375                      24.125
   uniform 0.042       179.458                      26.583

-- RQ1 operational stats: Wilson 95% CI per arm --
       arm  k  n  detected_est  detected_ci_lo  detected_ci_hi
datadriven  6 24         0.250           0.120           0.449
  distance  7 24         0.292           0.149           0.492
       gis  9 24         0.375           0.212           0.573
   uniform  1 24         0.042           0.007           0.202

-- RQ1 paired comparisons vs uniform (CRN-paired, bootstrap 95% CI) --
control  treatment       metric  n_pairs  mean_ctrl  mean_trt    diff   ci_lo   ci_hi  p_boot  p_mcnemar
uniform   distance     detected       24      0.042     0.292   0.250   0.083   0.417   0.001      0.031
uniform   distance EDT_censored       24    179.458   145.375 -34.083 -59.545 -12.208   0.000        NaN
uniform        gis     detected       24      0.042     0.375   0.333   0.167   0.542   0.000      0.008
uniform        gis EDT_censored       24    179.458   145.375 -34.083 -60.083 -12.708   0.000        NaN
uniform datadriven     detected       24      0.042     0.250   0.208   0.000   0.417   0.059      0.125
uniform datadriven EDT_censored       24    179.458   158.333 -21.125 -43.209  -3.292   0.010        NaN
RQ1 done in 74s

================ RQ2 ================

== RQ2: SAR performance vs initial-map quality ==
 eps   DSR  DSR_ci_lo  DSR_ci_hi  EDT_censored  P(T<=60)  P(T<=120)  mean_unique_cells_searched
 0.0 0.125      0.043      0.310       172.542     0.000      0.083                      21.500
 0.1 0.125      0.043      0.310       168.542     0.042      0.125                      21.042
 0.2 0.125      0.043      0.310       166.625     0.042      0.125                      20.625
 0.4 0.042      0.007      0.202       177.875     0.000      0.000                      22.917
 0.6 0.083      0.023      0.258       174.958     0.000      0.042                      23.333
 0.8 0.042      0.007      0.202       176.000     0.000      0.042                      24.667
 1.0 0.042      0.007      0.202       176.208     0.000      0.042                      24.792

-- RQ2 paired stats vs eps=0 (CRN-paired) --
treatment    diff   ci_lo  ci_hi  p_mcnemar
  eps=0.1  0.0000 -0.1667 0.1667      1.000
  eps=0.2  0.0000 -0.2083 0.2083      1.000
  eps=0.4 -0.0833 -0.2500 0.0833      0.625
  eps=0.6 -0.0417 -0.2083 0.1250      1.000
  eps=0.8 -0.0833 -0.2500 0.0833      0.625
  eps=1.0 -0.0833 -0.2500 0.0833      0.625
RQ2 done in 116s

================ RQ3 ================

== RQ3: detection-aware (pq) vs detection-blind (p) assignment ==
                    DSR  detected_ci_lo  detected_ci_hi  EDT_censored  mean_flight_distance_m  mean_energy_wh
arm                                                                                                          
p |homRGB|veg1.0  0.125           0.043           0.310       160.042               77544.843         787.138
p |mixed|veg1.0   0.208           0.092           0.405       159.750               78810.595         811.026
pq|homRGB|veg1.0  0.042           0.007           0.202       179.792               83917.242         887.413
pq|mixed|veg1.0   0.167           0.067           0.359       160.375               77380.286         828.831

-- RQ3 paired stats pq - p (positive diff favours pq) --
         control        treatment    diff   ci_lo  ci_hi  p_mcnemar
p |homRGB|veg1.0 pq|homRGB|veg1.0 -0.0833 -0.2083 0.0000        0.5
 p |mixed|veg1.0  pq|mixed|veg1.0 -0.0417 -0.2500 0.1667        1.0
RQ3 done in 66s

================ RQ4 ================

== RQ4: static x dynamic factorial ==
                       DSR  EDT_censored  P(T<=60)  P(T<=120)  mean_n_replans  mean_replan_ms_total  mean_flight_distance_m  mean_energy_wh
arm                                                                                                                                        
A                    0.167       169.167     0.000      0.125           1.000               628.165               70513.746         898.014
B                    0.250       157.667     0.042      0.208          12.833               431.387               74782.081         808.534
C                    0.208       152.042     0.125      0.208           1.000               634.428               66980.990         810.293
D                    0.292       145.375     0.167      0.250          11.833               390.674               70412.909         750.398
E|stationary-target  0.125       169.500     0.000      0.083          13.750               453.647               84593.570         881.993

contrasts: C-A=+0.042 (data-driven belief, static) | B-A=+0.083 (dynamic, baseline belief) | D-A=+0.125 (full framework)

-- RQ4 paired statistics (CRN-paired, bootstrap 95% CI) --
control treatment       metric  n_pairs  mean_ctrl  mean_trt     diff    ci_lo   ci_hi  p_boot  p_mcnemar
      A         B     detected       24     0.1667    0.2500   0.0833  -0.1250  0.2917  0.5772     0.7266
      A         B EDT_censored       24   169.1667  157.6667 -11.5000 -32.3333  8.1281  0.2616        NaN
      A         C     detected       24     0.1667    0.2083   0.0417  -0.1667  0.2500  0.8428     1.0000
      A         C EDT_censored       24   169.1667  152.0417 -17.1250 -45.1260  6.8333  0.1668        NaN
      A         D     detected       24     0.1667    0.2917   0.1250  -0.1250  0.3750  0.3740     0.5078
      A         D EDT_censored       24   169.1667  145.3750 -23.7917 -51.9177  0.9604  0.0580        NaN
      B         D     detected       24     0.2500    0.2917   0.0417  -0.1667  0.2500  0.8488     1.0000
      B         D EDT_censored       24   157.6667  145.3750 -12.2917 -38.3333 12.0854  0.3528        NaN
RQ4 done in 88s

================ RQ5 ================

== RQ5: robustness to model error ==
sweep_group  sweep_value   DSR  EDT_censored  P(T<=120)  mean_flight_distance_m
  beta_bias        -0.30 0.167       164.125      0.125               85127.923
  beta_bias        -0.15 0.125       169.000      0.083               87760.914
  beta_bias         0.00 0.125       170.833      0.083               88267.862
  beta_bias         0.15 0.083       168.792      0.083               88425.014
  beta_bias         0.30 0.125       166.750      0.083               87733.270
    map_eps         0.00 0.167       164.583      0.083               86810.044
    map_eps         0.20 0.125       161.417      0.125               86410.251
    map_eps         0.40 0.000       180.000      0.000               99798.439
    map_eps         0.60 0.125       162.958      0.125               97000.749
     q_bias         0.60 0.042       174.917      0.042               88954.580
     q_bias         0.80 0.208       157.333      0.167               82573.609
     q_bias         1.00 0.125       168.208      0.083               87832.374
     q_bias         1.20 0.125       165.958      0.083               86477.911
     q_bias         1.40 0.167       164.583      0.125               85191.797
RQ5 done in 245s

========================================================================
C:\Users\ADMIN\Downloads\Khóa luận\uav-sar\results\data\rq1_operational_summary.csv
          arm  n_missions    DSR  EDT_censored  EDT_median  EDT_conditional  P(T<=30)  P(T<=60)  P(T<=90)  P(T<=120)  P(T<=180)  mean_flight_distance_m  mean_energy_wh  mean_search_minutes  mean_unique_cells_searched  mean_redundant_search_ops  mean_n_replans  mean_replan_ms_total  mean_n_swaps
0  datadriven         8.0  0.000        180.00       180.0              NaN     0.000      0.00     0.000      0.000        1.0               99269.107         968.952              129.875                      23.500                     19.750          13.875               442.954        15.000
1    distance         8.0  0.375        135.75       180.0             62.0     0.125      0.25     0.250      0.250        1.0               69821.031         716.506              101.625                      19.375                     14.250          10.875               383.674        10.625
2         gis         8.0  0.500        115.75       155.0             51.5     0.250      0.25     0.375      0.375        1.0               61278.455         615.474               86.750                      18.500                     10.125           8.625               370.483         8.875
3     uniform         8.0  0.000        180.00       180.0              NaN     0.000      0.00     0.000      0.000        1.0               98779.028         938.854              126.750                      24.500                     17.750          13.125               449.597        16.500

========================================================================
C:\Users\ADMIN\Downloads\Khóa luận\uav-sar\results\data\rq1_prediction_summary.csv
        model  loglik     rank  mass_r200m  mass_r400m  mass_r800m  recall_top5pct  recall_top10pct  recall_top20pct
0         gis  -6.304  167.967       0.027       0.084       0.256           0.400            0.567            0.867
1    distance  -6.524   94.567       0.019       0.067       0.223           0.533            0.767            0.967
2  datadriven  -6.662   93.033       0.016       0.055       0.196           0.567            0.800            0.967
3     uniform  -7.323  757.567       0.008       0.028       0.101           0.100            0.133            0.200

========================================================================
C:\Users\ADMIN\Downloads\Khóa luận\uav-sar\results\rq1_operational_summary.csv
          arm  n_missions    DSR  EDT_censored  EDT_median  EDT_conditional  P(T<=30)  P(T<=60)  P(T<=90)  P(T<=120)  P(T<=180)  mean_flight_distance_m  mean_energy_wh  mean_search_minutes  mean_unique_cells_searched  mean_redundant_search_ops  mean_n_replans  mean_replan_ms_total  mean_n_swaps
0  datadriven        24.0  0.250       158.333       180.0           93.333     0.083     0.083     0.125      0.125        1.0               79613.623         822.533              119.167                      22.458                     17.083          12.583               425.940        13.333
1    distance        24.0  0.292       145.375       180.0           61.286     0.125     0.167     0.167      0.208        1.0               74176.043         762.051              109.000                      21.583                     14.583          11.458               405.539        12.083
2         gis        24.0  0.375       145.375       180.0           87.667     0.125     0.125     0.167      0.208        1.0               71679.121         758.162              112.542                      24.125                     13.208          11.500               421.487        12.000
3     uniform        24.0  0.042       179.458       180.0          167.000     0.000     0.000     0.000      0.000        1.0               96973.539         933.602              128.625                      26.583                     16.250          13.583               455.035        16.125

========================================================================
C:\Users\ADMIN\Downloads\Khóa luận\uav-sar\results\rq1_prediction_summary.csv
        model  loglik     rank  mass_r200m  mass_r400m  mass_r800m  recall_top5pct  recall_top10pct  recall_top20pct  recall_top5pct_ci_lo  recall_top5pct_ci_hi  recall_top10pct_ci_lo  recall_top10pct_ci_hi  recall_top20pct_ci_lo  recall_top20pct_ci_hi
0         gis  -6.283  151.450       0.027       0.085       0.265           0.462            0.662            0.875                 0.357                 0.571                  0.554                  0.757                  0.785                  0.931
1    distance  -6.516  107.412       0.020       0.068       0.230           0.538            0.738            0.950                 0.429                 0.643                  0.632                  0.821                  0.878                  0.980
2  datadriven  -6.628  110.438       0.017       0.057       0.205           0.550            0.712            0.950                 0.441                 0.654                  0.605                  0.800                  0.878                  0.980
3     uniform  -7.323  734.075       0.008       0.029       0.104           0.062            0.100            0.212                 0.027                 0.138                  0.052                  0.185                  0.137                  0.314

========================================================================
C:\Users\ADMIN\Downloads\Khóa luận\uav-sar\results\rq2_summary.csv
   n_missions    DSR  EDT_censored  EDT_median  EDT_conditional  P(T<=30)  P(T<=60)  P(T<=90)  P(T<=120)  P(T<=180)  mean_flight_distance_m  mean_energy_wh  mean_search_minutes  mean_unique_cells_searched  mean_redundant_search_ops  mean_n_replans  mean_replan_ms_total  mean_n_swaps  eps  DSR_ci_lo  DSR_ci_hi
0        24.0  0.125       172.542       180.0          120.333       0.0     0.000     0.000      0.083        1.0               91927.161         914.654              126.917                      21.500                     20.708          13.458               437.075        14.375  0.0      0.043      0.310
1        24.0  0.125       168.542       180.0           88.333       0.0     0.042     0.042      0.125        1.0               91561.145         899.453              122.542                      21.042                     19.750          13.083               438.854        14.000  0.1      0.043      0.310
2        24.0  0.125       166.625       180.0           73.000       0.0     0.042     0.125      0.125        1.0               90453.206         886.397              120.625                      20.625                     19.542          12.667               419.558        13.625  0.2      0.043      0.310
3        24.0  0.042       177.875       180.0          129.000       0.0     0.000     0.000      0.000        1.0              101747.901         962.308              126.083                      22.917                     19.083          13.583               448.695        14.417  0.4      0.007      0.202
4        24.0  0.083       174.958       180.0          119.500       0.0     0.000     0.000      0.042        1.0              104535.557         950.992              118.208                      23.333                     16.000          12.583               426.649        14.375  0.6      0.023      0.258
5        24.0  0.042       176.000       180.0           84.000       0.0     0.000     0.042      0.042        1.0              105609.275         954.664              118.708                      24.667                     14.833          12.500               426.577        14.750  0.8      0.007      0.202
6        24.0  0.042       176.208       180.0           89.000       0.0     0.000     0.042      0.042        1.0               95502.080         914.638              125.375                      24.792                     16.917          13.208               436.174        16.000  1.0      0.007      0.202

========================================================================
C:\Users\ADMIN\Downloads\Khóa luận\uav-sar\results\rq3_summary.csv
                arm  n_missions    DSR  EDT_censored  EDT_median  EDT_conditional  P(T<=30)  P(T<=60)  P(T<=90)  P(T<=120)  P(T<=180)  mean_flight_distance_m  mean_energy_wh  mean_search_minutes  mean_unique_cells_searched  mean_redundant_search_ops  mean_n_replans  mean_replan_ms_total  mean_n_swaps  k   n  detected_ci_lo  detected_ci_hi
0  p |homRGB|veg1.0        24.0  0.125       160.042       180.0           20.333     0.083     0.125     0.125      0.125        1.0               77544.843         787.138              125.750                      17.375                     24.458          13.375               411.557        13.917  3  24           0.043           0.310
1   p |mixed|veg1.0        24.0  0.208       159.750       180.0           82.800     0.000     0.042     0.167      0.167        1.0               78810.595         811.026              121.833                      20.708                     19.750          12.917               428.399        13.750  5  24           0.092           0.405
2  pq|homRGB|veg1.0        24.0  0.042       179.792       180.0          175.000     0.000     0.000     0.000      0.000        1.0               83917.242         887.413              144.958                      15.083                     33.208          15.167               456.553        16.167  1  24           0.007           0.202
3   pq|mixed|veg1.0        24.0  0.167       160.375       180.0           62.250     0.083     0.083     0.125      0.125        1.0               77380.286         828.831              125.042                      20.708                     20.875          13.125               411.168        13.833  4  24           0.067           0.359

========================================================================
C:\Users\ADMIN\Downloads\Khóa luận\uav-sar\results\rq4_summary.csv
                   arm  n_missions    DSR  EDT_censored  EDT_median  EDT_conditional  P(T<=30)  P(T<=60)  P(T<=90)  P(T<=120)  P(T<=180)  mean_flight_distance_m  mean_energy_wh  mean_search_minutes  mean_unique_cells_searched  mean_redundant_search_ops  mean_n_replans  mean_replan_ms_total  mean_n_swaps
0                    A        24.0  0.167       169.167       180.0          115.000     0.000     0.000     0.000      0.125        1.0               70513.746         898.014              157.792                      40.792                     11.500           1.000               628.165        11.042
1                    B        24.0  0.250       157.667       180.0           90.667     0.000     0.042     0.167      0.208        1.0               74782.081         808.534              121.917                      23.583                     16.958          12.833               431.387        13.500
2                    C        24.0  0.208       152.042       180.0           45.800     0.125     0.125     0.125      0.208        1.0               66980.990         810.293              138.083                      34.292                     11.458           1.000               634.428        10.083
3                    D        24.0  0.292       145.375       180.0           61.286     0.125     0.167     0.208      0.250        1.0               70412.909         750.398              112.250                      20.250                     17.042          11.833               390.674        12.375
4  E|stationary-target        24.0  0.125       169.500       180.0           96.000     0.000     0.000     0.083      0.083        1.0               84593.570         881.993              129.292                      38.875                      4.208          13.750               453.647        14.542

========================================================================
C:\Users\ADMIN\Downloads\Khóa luận\uav-sar\results\rq5_summary.csv
   sweep_group  sweep_value  n_missions    DSR  EDT_censored  EDT_median  EDT_conditional  P(T<=30)  P(T<=60)  P(T<=90)  P(T<=120)  P(T<=180)  mean_flight_distance_m  mean_energy_wh  mean_search_minutes  mean_unique_cells_searched  mean_redundant_search_ops  mean_n_replans  mean_replan_ms_total  mean_n_swaps  detected_ci_lo  detected_ci_hi
0    beta_bias        -0.30        24.0  0.167       164.125       180.0           84.750     0.042     0.042     0.083      0.125        1.0               85127.923         862.978              122.542                      21.833                     18.917          12.917               500.693        13.792           0.067           0.359
1    beta_bias        -0.15        24.0  0.125       169.000       180.0           92.000     0.000     0.042     0.083      0.083        1.0               87760.914         888.501              126.208                      22.667                     19.292          13.417               444.432        14.250           0.043           0.310
2    beta_bias         0.00        24.0  0.125       170.833       180.0          106.667     0.000     0.000     0.083      0.083        1.0               88267.862         894.852              126.958                      22.750                     19.458          13.667               470.869        14.583           0.043           0.310
3    beta_bias         0.15        24.0  0.083       168.792       180.0           45.500     0.042     0.042     0.083      0.083        1.0               88425.014         885.622              124.292                      22.542                     18.792          13.333               446.758        14.292           0.023           0.258
4    beta_bias         0.30        24.0  0.125       166.750       180.0           74.000     0.042     0.042     0.083      0.083        1.0               87733.270         878.333              122.958                      22.167                     18.708          13.167               450.215        14.042           0.043           0.310
5      map_eps         0.00        24.0  0.167       164.583       180.0           87.500     0.042     0.083     0.083      0.083        1.0               86810.044         868.239              121.792                      22.208                     18.292          13.000               425.079        13.833           0.067           0.359
6      map_eps         0.20        24.0  0.125       161.417       180.0           31.333     0.042     0.125     0.125      0.125        1.0               86410.251         853.877              118.000                      21.958                     17.250          12.625               447.297        13.458           0.043           0.310
7      map_eps         0.40        24.0  0.000       180.000       180.0              NaN     0.000     0.000     0.000      0.000        1.0               99798.439         957.479              127.750                      24.167                     18.417          13.667               455.828        15.125           0.000           0.138
8      map_eps         0.60        24.0  0.125       162.958       180.0           43.667     0.083     0.083     0.083      0.125        1.0               97000.749         884.892              110.875                      22.958                     13.958          11.625               412.698        13.250           0.043           0.310
9       q_bias         0.60        24.0  0.042       174.917       180.0           58.000     0.000     0.042     0.042      0.042        1.0               88954.580         907.458              129.917                      19.958                     23.292          13.625               501.899        14.917           0.007           0.202
10      q_bias         0.80        24.0  0.208       157.333       180.0           71.200     0.083     0.083     0.125      0.167        1.0               82573.609         825.660              115.708                      20.125                     18.333          12.292               466.270        13.167           0.092           0.405
11      q_bias         1.00        24.0  0.125       168.208       180.0           85.667     0.042     0.042     0.083      0.083        1.0               87832.374         883.885              124.333                      22.542                     18.792          13.333               476.798        14.250           0.043           0.310
12      q_bias         1.20        24.0  0.125       165.958       180.0           67.667     0.042     0.083     0.083      0.083        1.0               86477.911         874.688              123.250                      23.208                     17.792          13.208               508.987        13.917           0.043           0.310
13      q_bias         1.40        24.0  0.167       164.583       180.0           87.500     0.042     0.042     0.083      0.125        1.0               85191.797         865.940              122.542                      23.917                     16.833          13.125               472.671        13.750           0.067           0.359

========================================================================
C:\Users\ADMIN\Downloads\Khóa luận\uav-sar\results\data\rq1_operational_rows.csv
    detected  detect_time_min  horizon_min  flight_distance_m  energy_wh  search_minutes  unique_cells_searched  total_search_ops  redundant_search_ops  n_swaps  n_replans  replan_ms_total  planner initial_model    area_name  seed  replicate         arm target_profile  elapsed_before_min  n_uavs  moving_target
0      False              NaN        180.0         100147.076    950.914           129.0                     31                43                    12       16         13          335.623  rolling       uniform  demo_valley  2000          0     uniform          hiker                70.0       2           True
1      False              NaN        180.0          99327.685    947.677           129.0                     30                43                    13       16         14          412.102  rolling       uniform  demo_valley  2001          1     uniform          hiker                46.0       2           True
2      False              NaN        180.0         102860.485    956.491           126.0                     16                42                    26       16         13          452.729  rolling       uniform  demo_valley  2002          2     uniform   photographer                38.0       2           True
3      False              NaN        180.0          91987.811    919.513           132.0                     33                44                    11       16         14          354.012  rolling       uniform  demo_valley  2003          3     uniform        injured                37.0       2           True
4      False              NaN        180.0          94711.237    923.359           129.0                     29                43                    14       17         13          501.293  rolling       uniform  demo_valley  2004          4     uniform          hiker                31.0       2           True
5      False              NaN        180.0          98370.032    936.729           126.0                     17                42                    25       17         13          534.435  rolling       uniform  demo_valley  2005          5     uniform   photographer                65.0       2           True
6      False              NaN        180.0         106942.917    953.144           117.0                     18                39                    21       17         12          496.229  rolling       uniform  demo_valley  2006          6     uniform   photographer                85.0       2           True
7      False              NaN        180.0          95884.980    923.004           126.0                     22                42                    20       17         13          510.355  rolling       uniform  demo_valley  2007          7     uniform   photographer                68.0       2           True
8      False              NaN        180.0          98611.350    983.025           132.0                     30                44                    14       14         14          320.501  rolling      distance  demo_valley  2000          0    distance          hiker                70.0       2           True
9      False              NaN        180.0          80164.234    858.868           135.0                     26                45                    19       16         14          450.543  rolling      distance  demo_valley  2001          1    distance          hiker                46.0       2           True
10      True            124.0        180.0          64630.629    667.664            95.0                     17                31                    14        9         10          404.577  rolling      distance  demo_valley  2002          2    distance   photographer                38.0       2           True
11      True              6.0        180.0           5595.889     36.773             4.0                      1                 1                     0        0          1           83.483  rolling      distance  demo_valley  2003          3    distance        injured                37.0       2           True
12     False              NaN        180.0          83652.249    917.370           138.0                     25                46                    21       15         15          528.041  rolling      distance  demo_valley  2004          4    distance          hiker                31.0       2           True
13     False              NaN        180.0          96698.113    983.378           135.0                     24                45                    21       13         14          512.497  rolling      distance  demo_valley  2005          5    distance   photographer                65.0       2           True
14      True             56.0        180.0          28581.534    301.122            45.0                      8                14                     6        4          5          317.103  rolling      distance  demo_valley  2006          6    distance   photographer                85.0       2           True
15     False              NaN        180.0         100634.254    983.850           129.0                     24                43                    19       14         14          452.644  rolling      distance  demo_valley  2007          7    distance   photographer                68.0       2           True
16     False              NaN        180.0          95208.544    936.323           129.0                     35                43                     8       14         13          388.725  rolling           gis  demo_valley  2000          0         gis          hiker                70.0       2           True
17      True              4.0        180.0           3760.312     31.017             3.0                      1                 1                     0        0          1          140.001  rolling           gis  demo_valley  2001          1         gis          hiker                46.0       2           True
18      True             62.0        180.0          29987.058    325.587            53.0                      9                17                     8        4          4          309.821  rolling           gis  demo_valley  2002          2         gis   photographer                38.0       2           True
19      True             10.0        180.0           5634.948     56.681            10.0                      3                 3                     0        0          1           83.391  rolling           gis  demo_valley  2003          3         gis        injured                37.0       2           True
20     False              NaN        180.0          93238.863    946.376           132.0                     30                44                    14       14         12          536.508  rolling           gis  demo_valley  2004          4         gis          hiker                31.0       2           True
21     False              NaN        180.0          97061.419    953.697           129.0                     23                43                    20       14         13          549.895  rolling           gis  demo_valley  2005          5         gis   photographer                65.0       2           True
22     False              NaN        180.0         102411.843   1001.782           135.0                     26                45                    19       14         14          483.656  rolling           gis  demo_valley  2006          6         gis   photographer                85.0       2           True
23      True            130.0        180.0          62924.650    672.328           103.0                     21                33                    12       11         11          471.864  rolling           gis  demo_valley  2007          7         gis   photographer                68.0       2           True
24     False              NaN        180.0         102727.456    979.346           126.0                     26                42                    16       15         13          347.737  rolling    datadriven  demo_valley  2000          0  datadriven          hiker                70.0       2           True
25     False              NaN        180.0          88387.648    905.410           135.0                     25                45                    20       17         14          411.659  rolling    datadriven  demo_valley  2001          1  datadriven          hiker                46.0       2           True
26     False              NaN        180.0         100744.127    995.334           132.0                     21                44                    23       14         14          457.262  rolling    datadriven  demo_valley  2002          2  datadriven   photographer                38.0       2           True
27     False              NaN        180.0         106614.116    983.471           126.0                     28                42                    14       14         14          346.164  rolling    datadriven  demo_valley  2003          3  datadriven        injured                37.0       2           True
28     False              NaN        180.0          99246.134    963.021           126.0                     26                42                    16       15         14          515.889  rolling    datadriven  demo_valley  2004          4  datadriven          hiker                31.0       2           True
29     False              NaN        180.0         103731.740   1001.504           127.0                     20                42                    22       15         13          532.211  rolling    datadriven  demo_valley  2005          5  datadriven   photographer                65.0       2           True

========================================================================
C:\Users\ADMIN\Downloads\Khóa luận\uav-sar\results\data\rq1_prediction_rows.csv
      model       incident       profile  loglik  rank  mass_r200m  mass_r400m  mass_r800m  recall_top5pct  recall_top10pct  recall_top20pct
0   uniform  2209517466256  photographer  -7.323   643       0.009       0.032       0.100           False            False            False
1   uniform  2209517028752  photographer  -7.323  1504       0.008       0.017       0.064           False            False            False
2   uniform  2209517462848   desoriented  -7.323    58       0.007       0.018       0.069            True             True             True
3   uniform  2209516577056  photographer  -7.323   863       0.007       0.024       0.110           False            False            False
4   uniform  2209516646912       injured  -7.323  1072       0.009       0.032       0.125           False            False            False
5   uniform  2209470740480  photographer  -7.323   670       0.009       0.031       0.118           False            False            False
6   uniform  2209517468272       injured  -7.323   724       0.009       0.032       0.109           False            False            False
7   uniform  2209516647104         hiker  -7.323  1220       0.009       0.028       0.090           False            False            False
8   uniform  2209515470192   desoriented  -7.323  1107       0.009       0.032       0.100           False            False            False
9   uniform  2209517469776  photographer  -7.323  1159       0.009       0.032       0.128           False            False            False
10  uniform  2209517469920  photographer  -7.323   349       0.009       0.032       0.123           False            False            False
11  uniform  2209517404528         hiker  -7.323   387       0.009       0.032       0.115           False            False            False
12  uniform  2209517404288         hiker  -7.323    22       0.006       0.019       0.063            True             True             True
13  uniform  2209517469968   desoriented  -7.323   109       0.009       0.028       0.089           False             True             True
14  uniform  2209517470208  photographer  -7.323  1288       0.009       0.032       0.114           False            False            False
15  uniform  2209517470352  photographer  -7.323  1107       0.009       0.032       0.100           False            False            False
16  uniform  2209517470496         hiker  -7.323   384       0.009       0.024       0.110           False            False            False
17  uniform  2209517405056         hiker  -7.323   908       0.009       0.032       0.117           False            False            False
18  uniform  2209517404912         hiker  -7.323    53       0.008       0.024       0.077            True             True             True
19  uniform  2209517405488         hiker  -7.323  1395       0.007       0.026       0.091           False            False            False
20  uniform  2209517405296         hiker  -7.323   547       0.007       0.026       0.114           False            False            False
21  uniform  2209517471072         hiker  -7.323   401       0.008       0.024       0.081           False            False            False
22  uniform  2209517471168       injured  -7.323  1135       0.009       0.032       0.118           False            False            False
23  uniform  2209517405776   desoriented  -7.323   919       0.009       0.032       0.118           False            False            False
24  uniform  2209517405920         hiker  -7.323  1507       0.008       0.024       0.067           False            False            False
25  uniform  2209517406112       injured  -7.323   256       0.009       0.030       0.110           False            False             True
26  uniform  2209517406208   desoriented  -7.323   970       0.009       0.032       0.122           False            False            False
27  uniform  2209517471600   desoriented  -7.323   209       0.009       0.032       0.118           False            False             True
28  uniform  2209517472032         hiker  -7.323  1360       0.009       0.030       0.104           False            False            False
29  uniform  2209517472176  photographer  -7.323   401       0.008       0.024       0.081           False            False            False

========================================================================
C:\Users\ADMIN\Downloads\Khóa luận\uav-sar\results\rq1_operational_rows.csv
    detected  detect_time_min  horizon_min  flight_distance_m  energy_wh  search_minutes  unique_cells_searched  total_search_ops  redundant_search_ops  n_swaps  n_replans  replan_ms_total  planner initial_model    area_name  seed  replicate       arm target_profile  elapsed_before_min  n_uavs  moving_target
0      False              NaN        180.0         100147.076    950.914           129.0                     31                43                    12       16         13          297.112  rolling       uniform  demo_valley  2000          0   uniform          hiker                70.0       2           True
1      False              NaN        180.0          99327.685    947.677           129.0                     30                43                    13       16         14          443.218  rolling       uniform  demo_valley  2001          1   uniform          hiker                46.0       2           True
2      False              NaN        180.0         102860.485    956.491           126.0                     16                42                    26       16         13          462.882  rolling       uniform  demo_valley  2002          2   uniform   photographer                38.0       2           True
3      False              NaN        180.0          91987.811    919.513           132.0                     33                44                    11       16         14          398.905  rolling       uniform  demo_valley  2003          3   uniform        injured                37.0       2           True
4      False              NaN        180.0          94711.237    923.359           129.0                     29                43                    14       17         13          534.579  rolling       uniform  demo_valley  2004          4   uniform          hiker                31.0       2           True
5      False              NaN        180.0          98370.032    936.729           126.0                     17                42                    25       17         13          580.601  rolling       uniform  demo_valley  2005          5   uniform   photographer                65.0       2           True
6      False              NaN        180.0         106942.917    953.144           117.0                     18                39                    21       17         12          522.272  rolling       uniform  demo_valley  2006          6   uniform   photographer                85.0       2           True
7      False              NaN        180.0          95884.980    923.004           126.0                     22                42                    20       17         13          506.752  rolling       uniform  demo_valley  2007          7   uniform   photographer                68.0       2           True
8      False              NaN        180.0         101600.000    961.520           129.0                     31                43                    12       16         14          448.199  rolling       uniform  demo_valley  2008          8   uniform          hiker                71.0       2           True
9      False              NaN        180.0          99376.701    935.175           126.0                     27                42                    15       15         13          474.594  rolling       uniform  demo_valley  2009          9   uniform        injured                87.0       2           True
10     False              NaN        180.0          94776.258    920.490           129.0                     30                43                    13       17         14          485.892  rolling       uniform  demo_valley  2010         10   uniform          hiker                56.0       2           True
11     False              NaN        180.0          91831.120    907.933           129.0                     27                43                    16       17         14          488.395  rolling       uniform  demo_valley  2011         11   uniform    desoriented                46.0       2           True
12     False              NaN        180.0          92188.838    931.279           135.0                     25                45                    20       16         14          532.039  rolling       uniform  demo_valley  2012         12   uniform          hiker                77.0       2           True
13     False              NaN        180.0          91362.240    932.711           138.0                     26                46                    20       16         15          481.248  rolling       uniform  demo_valley  2013         13   uniform    desoriented                58.0       2           True
14     False              NaN        180.0          98407.639    954.261           132.0                     35                44                     9       15         14          490.491  rolling       uniform  demo_valley  2014         14   uniform        injured                82.0       2           True
15     False              NaN        180.0          97284.964    922.805           126.0                     23                42                    19       17         13          347.601  rolling       uniform  demo_valley  2015         15   uniform    desoriented                82.0       2           True
16     False              NaN        180.0          95816.644    938.617           135.0                     27                45                    18       16         14          433.709  rolling       uniform  demo_valley  2016         16   uniform          hiker                66.0       2           True
17     False              NaN        180.0          92738.898    921.229           132.0                     30                44                    14       16         14          445.534  rolling       uniform  demo_valley  2017         17   uniform          hiker                63.0       2           True
18      True            167.0        180.0          97338.900    896.804           117.0                     22                38                    16       15         13          420.504  rolling       uniform  demo_valley  2018         18   uniform    desoriented                42.0       2           True
19     False              NaN        180.0          99859.134    951.291           129.0                     32                43                    11       15         14          370.632  rolling       uniform  demo_valley  2019         19   uniform        injured                65.0       2           True
20     False              NaN        180.0          90847.035    892.379           126.0                     21                42                    21       17         13          378.701  rolling       uniform  demo_valley  2020         20   uniform    desoriented                42.0       2           True
21     False              NaN        180.0          92727.854    923.100           132.0                     30                44                    14       16         14          582.684  rolling       uniform  demo_valley  2021         21   uniform        injured                44.0       2           True
22     False              NaN        180.0         100326.047    950.834           129.0                     28                43                    15       16         14          502.638  rolling       uniform  demo_valley  2022         22   uniform          hiker                82.0       2           True
23     False              NaN        180.0         100650.432    955.196           129.0                     28                43                    15       15         14          291.661  rolling       uniform  demo_valley  2023         23   uniform          hiker                66.0       2           True
24     False              NaN        180.0          98611.350    983.025           132.0                     30                44                    14       14         14          332.544  rolling      distance  demo_valley  2000          0  distance          hiker                70.0       2           True
25     False              NaN        180.0          80164.234    858.868           135.0                     26                45                    19       16         14          469.484  rolling      distance  demo_valley  2001          1  distance          hiker                46.0       2           True
26      True            124.0        180.0          64630.629    667.664            95.0                     17                31                    14        9         10          430.917  rolling      distance  demo_valley  2002          2  distance   photographer                38.0       2           True
27      True              6.0        180.0           5595.889     36.773             4.0                      1                 1                     0        0          1           80.942  rolling      distance  demo_valley  2003          3  distance        injured                37.0       2           True
28     False              NaN        180.0          83652.249    917.370           138.0                     25                46                    21       15         15          554.419  rolling      distance  demo_valley  2004          4  distance          hiker                31.0       2           True
29     False              NaN        180.0          96698.113    983.378           135.0                     24                45                    21       13         14          546.067  rolling      distance  demo_valley  2005          5  distance   photographer                65.0       2           True

========================================================================
C:\Users\ADMIN\Downloads\Khóa luận\uav-sar\results\rq1_prediction_rows.csv
      model       incident       profile  loglik  rank  mass_r200m  mass_r400m  mass_r800m  recall_top5pct  recall_top10pct  recall_top20pct
0   uniform  2236304881184  photographer  -7.323   643       0.009       0.032       0.100           False            False            False
1   uniform  2236302409696  photographer  -7.323  1504       0.008       0.017       0.064           False            False            False
2   uniform  2236304990880   desoriented  -7.323    58       0.007       0.018       0.069            True             True             True
3   uniform  2236305023072  photographer  -7.323   863       0.007       0.024       0.110           False            False            False
4   uniform  2236305022592       injured  -7.323  1072       0.009       0.032       0.125           False            False            False
5   uniform  2236304957440  photographer  -7.323   670       0.009       0.031       0.118           False            False            False
6   uniform  2236305023168       injured  -7.323   724       0.009       0.032       0.109           False            False            False
7   uniform  2236304957776         hiker  -7.323  1220       0.009       0.028       0.090           False            False            False
8   uniform  2236304957872   desoriented  -7.323  1107       0.009       0.032       0.100           False            False            False
9   uniform  2236305023792  photographer  -7.323  1159       0.009       0.032       0.128           False            False            False
10  uniform  2236304106144  photographer  -7.323   349       0.009       0.032       0.123           False            False            False
11  uniform  2236304958352         hiker  -7.323   387       0.009       0.032       0.115           False            False            False
12  uniform  2236305024224         hiker  -7.323    22       0.006       0.019       0.063            True             True             True
13  uniform  2236305023840   desoriented  -7.323   109       0.009       0.028       0.089           False             True             True
14  uniform  2236305024272  photographer  -7.323  1288       0.009       0.032       0.114           False            False            False
15  uniform  2236305024608  photographer  -7.323  1107       0.009       0.032       0.100           False            False            False
16  uniform  2236305024512         hiker  -7.323   384       0.009       0.024       0.110           False            False            False
17  uniform  2236304991696         hiker  -7.323   908       0.009       0.032       0.117           False            False            False
18  uniform  2236305024896         hiker  -7.323    53       0.008       0.024       0.077            True             True             True
19  uniform  2236304959504         hiker  -7.323  1395       0.007       0.026       0.091           False            False            False
20  uniform  2236305025184         hiker  -7.323   547       0.007       0.026       0.114           False            False            False
21  uniform  2236304730416         hiker  -7.323   401       0.008       0.024       0.081           False            False            False
22  uniform  2236304959936       injured  -7.323  1135       0.009       0.032       0.118           False            False            False
23  uniform  2236305025616   desoriented  -7.323   919       0.009       0.032       0.118           False            False            False
24  uniform  2236305025760         hiker  -7.323  1507       0.008       0.024       0.067           False            False            False
25  uniform  2236304959984       injured  -7.323   256       0.009       0.030       0.110           False            False             True
26  uniform  2236304960272   desoriented  -7.323   970       0.009       0.032       0.122           False            False            False
27  uniform  2236305026192   desoriented  -7.323   209       0.009       0.032       0.118           False            False             True
28  uniform  2236305026048         hiker  -7.323  1360       0.009       0.030       0.104           False            False            False
29  uniform  2236305026000  photographer  -7.323   401       0.008       0.024       0.081           False            False            False

========================================================================
C:\Users\ADMIN\Downloads\Khóa luận\uav-sar\results\rq2_rows.csv
    detected  detect_time_min  horizon_min  flight_distance_m  energy_wh  search_minutes  unique_cells_searched  total_search_ops  redundant_search_ops  n_swaps  n_replans  replan_ms_total  planner initial_model    area_name  seed  replicate      arm target_profile  elapsed_before_min  n_uavs  moving_target
0      False              NaN        180.0          95246.650    945.997           135.0                     21                45                    24       16         14          392.222  rolling        custom  demo_valley  3000          0  eps=0.0   photographer                66.0       2           True
1       True            105.0        180.0          54809.720    555.227            82.0                     22                27                     5        8          9          487.018  rolling        custom  demo_valley  3001          1  eps=0.0        injured                35.0       2           True
2      False              NaN        180.0          76096.326    894.646           142.0                     21                47                    26       17         15          434.433  rolling        custom  demo_valley  3002          2  eps=0.0          hiker                61.0       2           True
3      False              NaN        180.0          88736.490    932.080           135.0                     22                45                    23       15         14          331.995  rolling        custom  demo_valley  3003          3  eps=0.0          hiker                31.0       2           True
4      False              NaN        180.0         101715.855    991.169           132.0                     12                44                    32       14         14          544.990  rolling        custom  demo_valley  3004          4  eps=0.0   photographer                74.0       2           True
5      False              NaN        180.0         101700.022    986.519           135.0                     22                45                    23       14         13          471.516  rolling        custom  demo_valley  3005          5  eps=0.0    desoriented                38.0       2           True
6      False              NaN        180.0          92936.109    938.620           129.0                     30                43                    13       15         14          495.573  rolling        custom  demo_valley  3006          6  eps=0.0        injured                52.0       2           True
7      False              NaN        180.0          94537.551    947.698           138.0                     23                46                    23       16         15          525.084  rolling        custom  demo_valley  3007          7  eps=0.0          hiker                36.0       2           True
8      False              NaN        180.0         101394.448    984.463           129.0                     21                43                    22       14         14          500.080  rolling        custom  demo_valley  3008          8  eps=0.0   photographer                88.0       2           True
9      False              NaN        180.0         108923.553    992.422           126.0                     23                42                    19       14         14          398.744  rolling        custom  demo_valley  3009          9  eps=0.0          hiker                76.0       2           True
10     False              NaN        180.0         100402.494    926.114           117.0                     26                39                    13       15         12          489.850  rolling        custom  demo_valley  3010         10  eps=0.0        injured                50.0       2           True
11     False              NaN        180.0          99101.900    982.581           138.0                     20                46                    26       14         15          388.041  rolling        custom  demo_valley  3011         11  eps=0.0   photographer                35.0       2           True
12     False              NaN        180.0          95741.790    932.848           132.0                     22                44                    22       16         14          382.901  rolling        custom  demo_valley  3012         12  eps=0.0          hiker                60.0       2           True
13     False              NaN        180.0          95468.087    957.362           138.0                     30                46                    16       15         14          415.711  rolling        custom  demo_valley  3013         13  eps=0.0          hiker                68.0       2           True
14     False              NaN        180.0          76351.324    897.418           142.0                     21                47                    26       17         15          519.249  rolling        custom  demo_valley  3014         14  eps=0.0          hiker                58.0       2           True
15     False              NaN        180.0          91679.194    950.458           135.0                     23                45                    22       14         14          257.211  rolling        custom  demo_valley  3015         15  eps=0.0   photographer                74.0       2           True
16     False              NaN        180.0         107561.419    998.308           123.0                     20                41                    21       14         13          326.105  rolling        custom  demo_valley  3016         16  eps=0.0    desoriented                35.0       2           True
17     False              NaN        180.0          86699.510    892.156           135.0                     22                45                    23       17         14          496.995  rolling        custom  demo_valley  3017         17  eps=0.0          hiker                79.0       2           True
18      True            107.0        180.0          59344.787    591.365            82.0                     18                27                     9        8          9          467.568  rolling        custom  demo_valley  3018         18  eps=0.0    desoriented                37.0       2           True
19     False              NaN        180.0          96164.402    955.211           132.0                     25                44                    19       15         14          340.408  rolling        custom  demo_valley  3019         19  eps=0.0          hiker                90.0       2           True
20     False              NaN        180.0         120559.348    989.879           102.0                     19                34                    15       15         11          468.927  rolling        custom  demo_valley  3020         20  eps=0.0          hiker                73.0       2           True
21      True            149.0        180.0          83076.587    810.236           111.0                     19                36                    17       12         13          421.776  rolling        custom  demo_valley  3021         21  eps=0.0   photographer                74.0       2           True
22     False              NaN        180.0         107505.631   1014.537           129.0                     12                43                    31       13         13          478.886  rolling        custom  demo_valley  3022         22  eps=0.0   photographer                87.0       2           True
23     False              NaN        180.0          70498.667    884.387           147.0                     22                49                    27       17         16          454.519  rolling        custom  demo_valley  3023         23  eps=0.0          hiker                60.0       2           True
24     False              NaN        180.0          97941.243    953.348           132.0                     19                44                    25       16         14          427.086  rolling        custom  demo_valley  3000          0  eps=0.1   photographer                66.0       2           True
25     False              NaN        180.0          91148.776    930.712           135.0                     34                45                    11       14         14          603.881  rolling        custom  demo_valley  3001          1  eps=0.1        injured                35.0       2           True
26     False              NaN        180.0          79417.211    905.444           138.0                     23                46                    23       18         15          445.862  rolling        custom  demo_valley  3002          2  eps=0.1          hiker                61.0       2           True
27     False              NaN        180.0          90479.791    942.319           135.0                     25                45                    20       15         14          388.072  rolling        custom  demo_valley  3003          3  eps=0.1          hiker                31.0       2           True
28     False              NaN        180.0         107561.126   1014.890           129.0                     11                43                    32       13         14          545.454  rolling        custom  demo_valley  3004          4  eps=0.1   photographer                74.0       2           True
29     False              NaN        180.0         101885.571    988.974           135.0                     22                45                    23       14         15          469.786  rolling        custom  demo_valley  3005          5  eps=0.1    desoriented                38.0       2           True

========================================================================
C:\Users\ADMIN\Downloads\Khóa luận\uav-sar\results\rq3_rows.csv
    detected  detect_time_min  horizon_min  flight_distance_m  energy_wh  search_minutes  unique_cells_searched  total_search_ops  redundant_search_ops  n_swaps  n_replans  replan_ms_total  planner initial_model    area_name  seed  replicate              arm target_profile  elapsed_before_min  n_uavs  moving_target
0       True              9.0        180.0           5184.792     60.682             9.0                      2                 3                     1        0          1          104.467  rolling    datadriven  demo_valley  4000          0  pq|mixed|veg1.0        injured                38.0       2           True
1      False              NaN        180.0         100500.582    985.302           135.0                     26                45                    19       14         14          484.548  rolling    datadriven  demo_valley  4001          1  pq|mixed|veg1.0    desoriented                55.0       2           True
2      False              NaN        180.0          95182.498    951.312           138.0                     29                46                    17       15         14          496.115  rolling    datadriven  demo_valley  4002          2  pq|mixed|veg1.0          hiker                87.0       2           True
3      False              NaN        180.0          94582.759    931.621           132.0                     15                44                    29       16         14          474.784  rolling    datadriven  demo_valley  4003          3  pq|mixed|veg1.0   photographer                69.0       2           True
4      False              NaN        180.0          96433.520    980.574           138.0                     14                46                    32       14         15          399.042  rolling    datadriven  demo_valley  4004          4  pq|mixed|veg1.0   photographer                84.0       2           True
5      False              NaN        180.0          67763.480    886.102           156.0                     13                52                    39       16         17          417.555  rolling    datadriven  demo_valley  4005          5  pq|mixed|veg1.0   photographer                56.0       2           True
6      False              NaN        180.0          87529.015    921.162           141.0                     22                47                    25       15         15          341.146  rolling    datadriven  demo_valley  4006          6  pq|mixed|veg1.0          hiker                35.0       2           True
7      False              NaN        180.0          93573.004    926.512           132.0                     27                44                    17       17         14          410.058  rolling    datadriven  demo_valley  4007          7  pq|mixed|veg1.0    desoriented                88.0       2           True
8      False              NaN        180.0          68587.207    881.252           150.0                     34                50                    16       17         17          378.074  rolling    datadriven  demo_valley  4008          8  pq|mixed|veg1.0        injured                72.0       2           True
9      False              NaN        180.0          78693.411    921.201           147.0                     22                49                    27       16         16          488.404  rolling    datadriven  demo_valley  4009          9  pq|mixed|veg1.0   photographer                49.0       2           True
10     False              NaN        180.0          72950.255    912.256           153.0                     23                51                    28       16         16          465.084  rolling    datadriven  demo_valley  4010         10  pq|mixed|veg1.0   photographer                47.0       2           True
11     False              NaN        180.0         100440.550    969.352           135.0                     24                45                    21       14         13          366.961  rolling    datadriven  demo_valley  4011         11  pq|mixed|veg1.0          hiker                37.0       2           True
12      True            143.0        180.0          76363.055    747.585           104.0                     18                34                    16       13         10          311.802  rolling    datadriven  demo_valley  4012         12  pq|mixed|veg1.0    desoriented                67.0       2           True
13      True             26.0        180.0          15854.038    149.430            19.0                      4                 6                     2        2          2          198.610  rolling    datadriven  demo_valley  4013         13  pq|mixed|veg1.0        injured                46.0       2           True
14     False              NaN        180.0          63620.733    880.965           160.0                     15                53                    38       16         17          444.963  rolling    datadriven  demo_valley  4014         14  pq|mixed|veg1.0   photographer                32.0       2           True
15     False              NaN        180.0          96080.156    939.208           129.0                     32                43                    11       14         14          372.475  rolling    datadriven  demo_valley  4015         15  pq|mixed|veg1.0        injured                81.0       2           True
16     False              NaN        180.0          68360.565    869.107           150.0                     35                50                    15       17         15          470.130  rolling    datadriven  demo_valley  4016         16  pq|mixed|veg1.0        injured                57.0       2           True
17     False              NaN        180.0         114594.096   1025.725           120.0                     28                40                    12       14         12          479.709  rolling    datadriven  demo_valley  4017         17  pq|mixed|veg1.0        injured                66.0       2           True
18      True             71.0        180.0          24583.326    344.550            65.0                      7                21                    14        6          7          471.405  rolling    datadriven  demo_valley  4018         18  pq|mixed|veg1.0   photographer                73.0       2           True
19     False              NaN        180.0          90488.195    903.129           132.0                     27                44                    17       18         13          444.560  rolling    datadriven  demo_valley  4019         19  pq|mixed|veg1.0          hiker                43.0       2           True
20     False              NaN        180.0          76765.552    897.038           142.0                     19                47                    28       17         15          451.808  rolling    datadriven  demo_valley  4020         20  pq|mixed|veg1.0          hiker                40.0       2           True
21     False              NaN        180.0          91741.534    921.603           135.0                     31                45                    14       15         14          387.601  rolling    datadriven  demo_valley  4021         21  pq|mixed|veg1.0          hiker                82.0       2           True
22     False              NaN        180.0         111239.236    999.222           120.0                     13                40                    27       14         13          418.879  rolling    datadriven  demo_valley  4022         22  pq|mixed|veg1.0   photographer                80.0       2           True
23     False              NaN        180.0          66015.315    887.046           159.0                     17                53                    36       16         17          589.845  rolling    datadriven  demo_valley  4023         23  pq|mixed|veg1.0   photographer                52.0       2           True
24     False              NaN        180.0          89980.730    927.617           135.0                     27                45                    18       16         15          326.410  rolling    datadriven  demo_valley  4000          0  p |mixed|veg1.0        injured                38.0       2           True
25     False              NaN        180.0          90557.743    911.816           135.0                     26                45                    19       15         14          479.740  rolling    datadriven  demo_valley  4001          1  p |mixed|veg1.0    desoriented                55.0       2           True
26     False              NaN        180.0          94955.295    949.039           141.0                     27                47                    20       14         15          475.847  rolling    datadriven  demo_valley  4002          2  p |mixed|veg1.0          hiker                87.0       2           True
27     False              NaN        180.0          87608.084    900.818           135.0                     13                45                    32       17         13          476.100  rolling    datadriven  demo_valley  4003          3  p |mixed|veg1.0   photographer                69.0       2           True
28      True             80.0        180.0          32544.739    393.238            67.0                     14                22                     8        7          8          317.855  rolling    datadriven  demo_valley  4004          4  p |mixed|veg1.0   photographer                84.0       2           True
29     False              NaN        180.0          82365.268    907.202           138.0                     17                46                    29       17         15          373.207  rolling    datadriven  demo_valley  4005          5  p |mixed|veg1.0   photographer                56.0       2           True

========================================================================
C:\Users\ADMIN\Downloads\Khóa luận\uav-sar\results\rq4_rows.csv
    detected  detect_time_min  horizon_min  flight_distance_m  energy_wh  search_minutes  unique_cells_searched  total_search_ops  redundant_search_ops  n_swaps  n_replans  replan_ms_total  planner initial_model    area_name  seed  replicate arm target_profile  elapsed_before_min  n_uavs  moving_target
0      False              NaN        180.0          69202.482    948.135           177.0                     48                58                    10       12          1          646.528   static      distance  demo_valley  5000          0   A          hiker                53.0       2           True
1      False              NaN        180.0          63904.074    913.788           177.0                     38                59                    21       11          1          705.685   static      distance  demo_valley  5001          1   A          hiker                50.0       2           True
2       True            132.0        180.0          47036.217    677.479           129.0                     29                43                    14        8          1          698.585   static      distance  demo_valley  5002          2   A        injured                34.0       2           True
3      False              NaN        180.0          83965.690    993.655           159.0                     45                53                     8       12          1          584.556   static      distance  demo_valley  5003          3   A    desoriented                71.0       2           True
4      False              NaN        180.0          67658.544    955.000           181.0                     38                59                    21       12          1          664.780   static      distance  demo_valley  5004          4   A          hiker                40.0       2           True
5      False              NaN        180.0          65491.930    918.973           175.0                     43                58                    15       12          1          640.998   static      distance  demo_valley  5005          5   A    desoriented                30.0       2           True
6      False              NaN        180.0          86092.059    991.111           153.0                     51                51                     0       12          1          639.836   static      distance  demo_valley  5006          6   A        injured                58.0       2           True
7      False              NaN        180.0          75368.336    956.570           168.0                     48                56                     8       12          1          613.665   static      distance  demo_valley  5007          7   A    desoriented                67.0       2           True
8      False              NaN        180.0          81186.943    966.502           165.0                     43                55                    12       12          1          647.173   static      distance  demo_valley  5008          8   A          hiker                89.0       2           True
9      False              NaN        180.0          92081.168   1007.535           153.0                     50                51                     1       12          1          596.665   static      distance  demo_valley  5009          9   A          hiker                47.0       2           True
10     False              NaN        180.0          70219.454    934.363           172.0                     36                57                    21       12          1          656.482   static      distance  demo_valley  5010         10   A    desoriented                57.0       2           True
11      True            116.0        180.0          47367.961    615.297           112.0                     36                37                     1        7          1          652.287   static      distance  demo_valley  5011         11   A    desoriented                45.0       2           True
12     False              NaN        180.0          87738.616    998.476           154.0                     51                51                     0       12          1          585.510   static      distance  demo_valley  5012         12   A          hiker                66.0       2           True
13     False              NaN        180.0          76604.657    969.569           168.0                     44                56                    12       12          1          610.971   static      distance  demo_valley  5013         13   A        injured                34.0       2           True
14     False              NaN        180.0          70380.074    933.846           170.0                     42                56                    14       11          1          566.995   static      distance  demo_valley  5014         14   A   photographer                79.0       2           True
15     False              NaN        180.0          64838.353    924.000           177.0                     38                59                    21       11          1          617.324   static      distance  demo_valley  5015         15   A    desoriented                70.0       2           True
16     False              NaN        180.0          72763.048    953.547           171.0                     41                57                    16       11          1          558.719   static      distance  demo_valley  5016         16   A   photographer                33.0       2           True
17     False              NaN        180.0          76696.795    977.527           168.0                     46                56                    10       12          1          604.532   static      distance  demo_valley  5017         17   A    desoriented                52.0       2           True
18     False              NaN        180.0          63464.670    919.291           179.0                     38                59                    21       11          1          678.619   static      distance  demo_valley  5018         18   A          hiker                53.0       2           True
19      True            115.0        180.0          45868.096    601.449           109.0                     24                36                    12        7          1          682.190   static      distance  demo_valley  5019         19   A          hiker                72.0       2           True
20     False              NaN        180.0          79423.466    955.560           164.0                     41                54                    13       13          1          617.543   static      distance  demo_valley  5020         20   A    desoriented                55.0       2           True
21     False              NaN        180.0          99578.189   1005.474           138.0                     45                46                     1       13          1          591.938   static      distance  demo_valley  5021         21   A          hiker                81.0       2           True
22      True             97.0        180.0          36312.860    505.283            95.0                     28                31                     3        6          1          585.025   static      distance  demo_valley  5022         22   A   photographer                50.0       2           True
23     False              NaN        180.0          69086.212    929.897           173.0                     36                57                    21       12          1          629.360   static      distance  demo_valley  5023         23   A          hiker                70.0       2           True
24      True             65.0        180.0          27613.828    341.084            58.0                     18                19                     1        5          6          247.391  rolling      distance  demo_valley  5000          0   B          hiker                53.0       2           True
25     False              NaN        180.0          77656.362    898.524           142.0                     19                47                    28       17         15          509.579  rolling      distance  demo_valley  5001          1   B          hiker                50.0       2           True
26     False              NaN        180.0          64672.272    855.378           150.0                     32                50                    18       17         16          591.885  rolling      distance  demo_valley  5002          2   B        injured                34.0       2           True
27      True            176.0        180.0          95729.182    955.682           129.0                     25                43                    18       15         14          438.649  rolling      distance  demo_valley  5003          3   B    desoriented                71.0       2           True
28     False              NaN        180.0          87416.971    930.134           141.0                     30                47                    17       16         16          403.597  rolling      distance  demo_valley  5004          4   B          hiker                40.0       2           True
29     False              NaN        180.0          70497.603    851.833           141.0                     26                47                    21       17         15          483.883  rolling      distance  demo_valley  5005          5   B    desoriented                30.0       2           True

========================================================================
C:\Users\ADMIN\Downloads\Khóa luận\uav-sar\results\rq5_rows.csv
    detected  detect_time_min  horizon_min  flight_distance_m  energy_wh  search_minutes  unique_cells_searched  total_search_ops  redundant_search_ops  n_swaps  n_replans  replan_ms_total  planner initial_model    area_name  seed  replicate          arm target_profile  elapsed_before_min  n_uavs  moving_target sweep_group  sweep_value
0      False              NaN        180.0          87292.021    915.880           138.0                     15                46                    31       17         15          319.283  rolling        custom  demo_valley  6000          0  map_eps=0.0   photographer                55.0       2           True     map_eps          0.0
1      False              NaN        180.0          91298.357    929.154           132.0                     23                44                    21       16         14          411.457  rolling        custom  demo_valley  6001          1  map_eps=0.0    desoriented                89.0       2           True     map_eps          0.0
2      False              NaN        180.0          78612.434    877.505           133.0                     19                44                    25       18         14          509.587  rolling        custom  demo_valley  6002          2  map_eps=0.0          hiker                36.0       2           True     map_eps          0.0
3      False              NaN        180.0          96836.580    951.910           132.0                     21                44                    23       14         13          444.532  rolling        custom  demo_valley  6003          3  map_eps=0.0    desoriented                43.0       2           True     map_eps          0.0
4       True            149.0        180.0          75630.733    793.261           117.0                     22                39                    17       11         12          446.982  rolling        custom  demo_valley  6004          4  map_eps=0.0          hiker                65.0       2           True     map_eps          0.0
5      False              NaN        180.0          95357.556    941.611           132.0                     27                44                    17       15         14          490.582  rolling        custom  demo_valley  6005          5  map_eps=0.0          hiker                89.0       2           True     map_eps          0.0
6      False              NaN        180.0          98193.720    966.527           138.0                     30                46                    16       14         15          477.575  rolling        custom  demo_valley  6006          6  map_eps=0.0          hiker                52.0       2           True     map_eps          0.0
7       True             38.0        180.0          14757.953    184.215            33.0                      8                11                     3        3          4          261.157  rolling        custom  demo_valley  6007          7  map_eps=0.0    desoriented                58.0       2           True     map_eps          0.0
8      False              NaN        180.0          70976.256    883.090           145.0                     22                48                    26       17         16          525.398  rolling        custom  demo_valley  6008          8  map_eps=0.0          hiker                70.0       2           True     map_eps          0.0
9      False              NaN        180.0          99946.567    971.797           129.0                     28                43                    15       15         14          531.714  rolling        custom  demo_valley  6009          9  map_eps=0.0          hiker                87.0       2           True     map_eps          0.0
10     False              NaN        180.0          96294.985    936.831           132.0                     27                44                    17       14         14          606.164  rolling        custom  demo_valley  6010         10  map_eps=0.0          hiker                67.0       2           True     map_eps          0.0
11     False              NaN        180.0         117264.658   1016.609           114.0                     23                38                    15       14         13          314.152  rolling        custom  demo_valley  6011         11  map_eps=0.0          hiker                57.0       2           True     map_eps          0.0
12     False              NaN        180.0          96800.700    966.972           138.0                     26                46                    20       14         15          520.417  rolling        custom  demo_valley  6012         12  map_eps=0.0    desoriented                41.0       2           True     map_eps          0.0
13     False              NaN        180.0         117575.885   1037.130           120.0                     23                40                    17       14         13          412.788  rolling        custom  demo_valley  6013         13  map_eps=0.0    desoriented                89.0       2           True     map_eps          0.0
14     False              NaN        180.0         101950.742    978.007           129.0                     24                43                    19       14         12          349.463  rolling        custom  demo_valley  6014         14  map_eps=0.0          hiker                86.0       2           True     map_eps          0.0
15     False              NaN        180.0          87559.554    930.571           141.0                     32                47                    15       15         14          507.634  rolling        custom  demo_valley  6015         15  map_eps=0.0        injured                46.0       2           True     map_eps          0.0
16     False              NaN        180.0         122285.571   1015.516           108.0                     22                36                    14       15         12          415.747  rolling        custom  demo_valley  6016         16  map_eps=0.0          hiker                62.0       2           True     map_eps          0.0
17     False              NaN        180.0         100210.350    962.853           132.0                     28                44                    16       14         14          486.421  rolling        custom  demo_valley  6017         17  map_eps=0.0          hiker                30.0       2           True     map_eps          0.0
18      True            151.0        180.0          80309.675    771.043           107.0                     18                35                    17       15         12          435.702  rolling        custom  demo_valley  6018         18  map_eps=0.0    desoriented                90.0       2           True     map_eps          0.0
19     False              NaN        180.0          67510.007    866.730           149.0                     19                49                    30       17         16          440.778  rolling        custom  demo_valley  6019         19  map_eps=0.0          hiker                45.0       2           True     map_eps          0.0
20      True             12.0        180.0           5236.290     65.748            13.0                      4                 4                     0        0          1           89.172  rolling        custom  demo_valley  6020         20  map_eps=0.0    desoriented                81.0       2           True     map_eps          0.0
21     False              NaN        180.0          77380.349    903.354           144.0                     23                48                    25       17         16          443.532  rolling        custom  demo_valley  6021         21  map_eps=0.0    desoriented                56.0       2           True     map_eps          0.0
22     False              NaN        180.0         103983.540   1001.010           132.0                     29                44                    15       14         14          432.526  rolling        custom  demo_valley  6022         22  map_eps=0.0    desoriented                65.0       2           True     map_eps          0.0
23     False              NaN        180.0         100176.582    970.404           135.0                     20                45                    25       15         15          329.143  rolling        custom  demo_valley  6023         23  map_eps=0.0   photographer                75.0       2           True     map_eps          0.0
24      True              3.0        180.0           3288.683     19.174             1.0                      0                 0                     0        0          1           81.041  rolling        custom  demo_valley  6000          0  map_eps=0.2   photographer                55.0       2           True     map_eps          0.2
25     False              NaN        180.0          98643.032    961.435           129.0                     24                43                    19       15         14          407.306  rolling        custom  demo_valley  6001          1  map_eps=0.2    desoriented                89.0       2           True     map_eps          0.2
26      True             44.0        180.0          19267.744    218.337            34.0                      8                11                     3        4          4          313.458  rolling        custom  demo_valley  6002          2  map_eps=0.2          hiker                36.0       2           True     map_eps          0.2
27     False              NaN        180.0         100800.775    993.024           138.0                     22                46                    24       14         14          445.876  rolling        custom  demo_valley  6003          3  map_eps=0.2    desoriented                43.0       2           True     map_eps          0.2
28     False              NaN        180.0          90929.321    915.849           126.0                     27                42                    15       15         13          494.865  rolling        custom  demo_valley  6004          4  map_eps=0.2          hiker                65.0       2           True     map_eps          0.2
29     False              NaN        180.0          99219.112    959.554           129.0                     28                43                    15       15         14          459.055  rolling        custom  demo_valley  6005          5  map_eps=0.2          hiker                89.0       2           True     map_eps          0.2
