detected,detect_time_min,horizon_min,flight_distance_m,energy_wh,search_minutes,unique_cells_searched,total_search_ops,redundant_search_ops,n_swaps,n_replans,replan_ms_total,planner,initial_model,area_name,seed,replicate,arm,target_profile,elapsed_before_min,n_uavs,moving_target
False,,180.0,95246.64975784258,945.9966109553135,135.0,21,45,24,16,14,405.2268999948865,rolling,custom,demo_valley,3000,0,eps=0.0,photographer,66.0,2,True
True,105.0,180.0,54809.71954904919,555.2271791693939,82.0,22,27,5,8,9,487.2085999850242,rolling,custom,demo_valley,3001,1,eps=0.0,injured,35.0,2,True
False,,180.0,76096.32571005792,894.646122181971,142.0,21,47,26,17,15,458.8328999980149,rolling,custom,demo_valley,3002,2,eps=0.0,hiker,61.0,2,True
False,,180.0,88736.48956763542,932.0801948017167,135.0,22,45,23,15,14,348.0068999924697,rolling,custom,demo_valley,3003,3,eps=0.0,hiker,31.0,2,True
False,,180.0,101715.85481715604,991.1692267202244,132.0,12,44,32,14,14,547.0677999965119,rolling,custom,demo_valley,3004,4,eps=0.0,photographer,74.0,2,True
False,,180.0,101700.0223639023,986.5186563879749,135.0,22,45,23,14,13,456.2019000022701,rolling,custom,demo_valley,3005,5,eps=0.0,desoriented,38.0,2,True
False,,180.0,92936.10857245425,938.6196748076824,129.0,30,43,13,15,14,492.11050000667456,rolling,custom,demo_valley,3006,6,eps=0.0,injured,52.0,2,True
False,,180.0,94537.55096302468,947.6978544691385,138.0,23,46,23,16,15,542.4450000009529,rolling,custom,demo_valley,3007,7,eps=0.0,hiker,36.0,2,True
False,,180.0,101394.44830394122,984.4631733427815,129.0,21,43,22,14,14,494.8156000009476,rolling,custom,demo_valley,3008,8,eps=0.0,photographer,88.0,2,True
False,,180.0,108923.55285178068,992.4216327934479,126.0,23,42,19,14,14,408.2604999875912,rolling,custom,demo_valley,3009,9,eps=0.0,hiker,76.0,2,True
False,,180.0,100402.49422077475,926.1138796388074,117.0,26,39,13,15,12,503.6357999742904,rolling,custom,demo_valley,3010,10,eps=0.0,injured,50.0,2,True
False,,180.0,99101.90040535851,982.5809572480046,138.0,20,46,26,14,15,407.61439999005233,rolling,custom,demo_valley,3011,11,eps=0.0,photographer,35.0,2,True
False,,180.0,95741.79015030553,932.8475038948139,132.0,22,44,22,16,14,433.5734000105731,rolling,custom,demo_valley,3012,12,eps=0.0,hiker,60.0,2,True
False,,180.0,95468.08730657725,957.3623822279442,138.0,30,46,16,15,14,452.9470000015863,rolling,custom,demo_valley,3013,13,eps=0.0,hiker,68.0,2,True
False,,180.0,76351.32441389939,897.4180382762868,142.0,21,47,26,17,15,570.1420999866968,rolling,custom,demo_valley,3014,14,eps=0.0,hiker,58.0,2,True
False,,180.0,91679.19380589516,950.4579476183189,135.0,23,45,22,14,14,375.66549998700793,rolling,custom,demo_valley,3015,15,eps=0.0,photographer,74.0,2,True
False,,180.0,107561.41881244324,998.3083424242495,123.0,20,41,21,14,13,427.29509999662696,rolling,custom,demo_valley,3016,16,eps=0.0,desoriented,35.0,2,True
False,,180.0,86699.50961824684,892.1555973285517,135.0,22,45,23,17,14,556.6894000003231,rolling,custom,demo_valley,3017,17,eps=0.0,hiker,79.0,2,True
True,107.0,180.0,59344.78710403127,591.3651019888159,82.0,18,27,9,8,9,506.60239999342593,rolling,custom,demo_valley,3018,18,eps=0.0,desoriented,37.0,2,True
False,,180.0,96164.40169983066,955.2107685242057,132.0,25,44,19,15,14,393.75030001610867,rolling,custom,demo_valley,3019,19,eps=0.0,hiker,90.0,2,True
False,,180.0,120559.34840686417,989.8792410930687,102.0,19,34,15,15,11,508.91520001641766,rolling,custom,demo_valley,3020,20,eps=0.0,hiker,73.0,2,True
True,149.0,180.0,83076.58736110858,810.2356856084998,111.0,19,36,17,12,13,452.68960000066727,rolling,custom,demo_valley,3021,21,eps=0.0,photographer,74.0,2,True
False,,180.0,107505.63102746957,1014.536717620621,129.0,12,43,31,13,13,523.3728999883169,rolling,custom,demo_valley,3022,22,eps=0.0,photographer,87.0,2,True
False,,180.0,70498.66691763925,884.3868524193118,147.0,22,49,27,17,16,473.1130000036501,rolling,custom,demo_valley,3023,23,eps=0.0,hiker,60.0,2,True
True,69.0,180.0,38824.8466993087,365.49834486060206,50.0,13,16,3,6,5,280.4269999942335,rolling,custom,demo_valley,3024,24,eps=0.0,photographer,72.0,2,True
False,,180.0,98187.75934209288,976.3985879418652,138.0,17,46,29,14,15,510.52120001259027,rolling,custom,demo_valley,3025,25,eps=0.0,photographer,71.0,2,True
False,,180.0,93884.67185405911,943.1730021699914,132.0,24,44,20,14,14,526.3072999950964,rolling,custom,demo_valley,3026,26,eps=0.0,desoriented,75.0,2,True
False,,180.0,71089.18133847372,857.8562412249894,141.0,21,47,26,17,15,438.52290001632355,rolling,custom,demo_valley,3027,27,eps=0.0,desoriented,50.0,2,True
False,,180.0,92348.23378872895,948.9277004303824,141.0,23,47,24,15,16,500.78799999391777,rolling,custom,demo_valley,3028,28,eps=0.0,desoriented,73.0,2,True
False,,180.0,109973.45440174984,987.7950014750483,117.0,23,39,16,15,13,249.01109999882465,rolling,custom,demo_valley,3029,29,eps=0.0,hiker,74.0,2,True
False,,180.0,97477.73387090511,969.1741043745747,132.0,19,44,25,14,14,520.6364000096073,rolling,custom,demo_valley,3030,30,eps=0.0,desoriented,62.0,2,True
False,,180.0,86319.0101285247,930.2732653128738,135.0,34,45,11,16,15,419.24899999685294,rolling,custom,demo_valley,3031,31,eps=0.0,injured,39.0,2,True
True,28.0,180.0,12621.140516373127,143.2680864487894,24.0,5,8,3,2,3,228.81349999988743,rolling,custom,demo_valley,3032,32,eps=0.0,desoriented,55.0,2,True
False,,180.0,81438.33655614682,910.3230235766895,141.0,21,47,26,16,15,498.59849998574646,rolling,custom,demo_valley,3033,33,eps=0.0,hiker,79.0,2,True
False,,180.0,78385.79068953679,898.3377766938971,141.0,19,47,28,18,15,254.8126999881788,rolling,custom,demo_valley,3034,34,eps=0.0,desoriented,89.0,2,True
False,,180.0,94008.08585518671,965.2281945217528,135.0,24,45,21,14,14,508.6654000042472,rolling,custom,demo_valley,3035,35,eps=0.0,photographer,34.0,2,True
False,,180.0,78921.13757272372,895.8625098684266,138.0,18,46,28,17,15,579.4885999803228,rolling,custom,demo_valley,3036,36,eps=0.0,hiker,51.0,2,True
False,,180.0,97868.29939043793,968.7000863143098,132.0,23,44,21,15,15,431.8564999884984,rolling,custom,demo_valley,3037,37,eps=0.0,hiker,30.0,2,True
False,,180.0,87374.06298386698,939.1068938863962,140.0,25,46,21,15,15,520.8584000192786,rolling,custom,demo_valley,3038,38,eps=0.0,hiker,63.0,2,True
False,,180.0,98279.50166426892,951.4698053998292,126.0,24,42,18,14,13,524.6183000090241,rolling,custom,demo_valley,3039,39,eps=0.0,hiker,37.0,2,True
False,,180.0,116536.83494075757,1031.8442529983286,120.0,24,40,16,14,13,452.14100000157487,rolling,custom,demo_valley,3040,40,eps=0.0,desoriented,68.0,2,True
False,,180.0,96702.88305782163,938.6096535888361,132.0,22,44,22,17,14,467.589699977907,rolling,custom,demo_valley,3041,41,eps=0.0,hiker,58.0,2,True
False,,180.0,93472.76427223408,903.8766287904491,126.0,27,42,15,16,13,482.57120000198483,rolling,custom,demo_valley,3042,42,eps=0.0,desoriented,58.0,2,True
False,,180.0,101240.18950167554,976.2862139739836,125.0,24,41,17,15,12,508.69410000268545,rolling,custom,demo_valley,3043,43,eps=0.0,photographer,71.0,2,True
False,,180.0,65777.94955913191,886.39954675565,159.0,17,53,36,16,17,527.9737999899226,rolling,custom,demo_valley,3044,44,eps=0.0,photographer,89.0,2,True
False,,180.0,102902.8851257366,976.9711608205807,132.0,18,44,26,14,14,459.0052000075957,rolling,custom,demo_valley,3045,45,eps=0.0,photographer,68.0,2,True
False,,180.0,107599.16326399386,984.6912681805418,123.0,22,41,19,14,14,419.80719999082794,rolling,custom,demo_valley,3046,46,eps=0.0,hiker,61.0,2,True
False,,180.0,94768.8937644237,967.7390022747925,135.0,24,45,21,13,14,489.5768999886059,rolling,custom,demo_valley,3047,47,eps=0.0,photographer,39.0,2,True
False,,180.0,99077.43775025246,949.5629742378717,126.0,24,42,18,14,13,464.16909999243217,rolling,custom,demo_valley,3048,48,eps=0.0,hiker,43.0,2,True
False,,180.0,96039.2969732706,974.9369261673826,135.0,20,45,25,14,14,536.5985999960685,rolling,custom,demo_valley,3049,49,eps=0.0,photographer,61.0,2,True
False,,180.0,120895.33046311486,1024.164885787674,111.0,26,37,11,14,11,330.04539998364635,rolling,custom,demo_valley,3050,50,eps=0.0,hiker,74.0,2,True
False,,180.0,109264.71963987127,1000.1068403916873,120.0,28,40,12,15,12,384.3566000014107,rolling,custom,demo_valley,3051,51,eps=0.0,injured,56.0,2,True
False,,180.0,88310.81837122064,909.1024188616664,135.0,27,45,18,17,14,427.5919999981852,rolling,custom,demo_valley,3052,52,eps=0.0,hiker,75.0,2,True
False,,180.0,64638.90540322591,853.949925650153,150.0,17,50,33,17,16,540.9561999931611,rolling,custom,demo_valley,3053,53,eps=0.0,photographer,65.0,2,True
False,,180.0,65713.02530460127,858.9572604391831,150.0,20,50,30,17,16,486.9504999987839,rolling,custom,demo_valley,3054,54,eps=0.0,desoriented,40.0,2,True
False,,180.0,86802.29273019751,897.986046331685,135.0,24,45,21,17,14,378.59840002056444,rolling,custom,demo_valley,3055,55,eps=0.0,desoriented,30.0,2,True
False,,180.0,91087.531771176,910.0799816896208,132.0,22,44,22,15,14,432.2991000099137,rolling,custom,demo_valley,3056,56,eps=0.0,hiker,84.0,2,True
False,,180.0,92190.86073367242,950.7767337895611,135.0,25,45,20,14,14,522.5910999852204,rolling,custom,demo_valley,3057,57,eps=0.0,hiker,89.0,2,True
False,,180.0,90376.48893945986,916.8242609453848,135.0,28,45,17,15,14,461.550799995166,rolling,custom,demo_valley,3058,58,eps=0.0,hiker,72.0,2,True
True,136.0,180.0,78326.96383681241,753.2590901173189,101.0,22,33,11,10,11,234.2023999972298,rolling,custom,demo_valley,3059,59,eps=0.0,desoriented,50.0,2,True
False,,180.0,90921.84481917226,924.8469872816689,135.0,33,45,12,16,14,456.53980001225136,rolling,custom,demo_valley,3060,60,eps=0.0,injured,71.0,2,True
False,,180.0,97126.13971409286,946.2446818198557,126.0,24,42,18,15,13,469.8567999967054,rolling,custom,demo_valley,3061,61,eps=0.0,desoriented,55.0,2,True
True,4.0,180.0,4068.683298050514,28.28923647094974,2.0,0,0,0,0,1,102.02170000047772,rolling,custom,demo_valley,3062,62,eps=0.0,photographer,40.0,2,True
False,,180.0,121504.2324193255,1023.2706920869998,111.0,23,37,14,15,12,387.16489999387704,rolling,custom,demo_valley,3063,63,eps=0.0,hiker,64.0,2,True
False,,180.0,60482.85394621497,868.2339829808614,159.0,35,53,18,17,17,447.473300018828,rolling,custom,demo_valley,3064,64,eps=0.0,injured,65.0,2,True
False,,180.0,108669.96713072856,990.2526569569568,128.0,24,42,18,14,14,240.41780000879953,rolling,custom,demo_valley,3065,65,eps=0.0,hiker,50.0,2,True
False,,180.0,95525.60674332481,974.5920555264204,135.0,19,45,26,15,15,498.39979998250783,rolling,custom,demo_valley,3066,66,eps=0.0,photographer,38.0,2,True
False,,180.0,92209.76612653618,923.9375373450602,135.0,26,45,19,16,15,432.3522999929992,rolling,custom,demo_valley,3067,67,eps=0.0,desoriented,68.0,2,True
True,106.0,180.0,52208.3207950322,557.4756122211381,85.0,19,28,9,9,10,432.30960000255436,rolling,custom,demo_valley,3068,68,eps=0.0,hiker,84.0,2,True
False,,180.0,105222.8332361613,996.186776217891,123.0,20,41,21,15,12,587.0215000013559,rolling,custom,demo_valley,3069,69,eps=0.0,photographer,89.0,2,True
False,,180.0,98142.76303395354,960.4227934318867,135.0,19,45,26,15,14,506.0860000030516,rolling,custom,demo_valley,3070,70,eps=0.0,photographer,88.0,2,True
False,,180.0,67870.66534878747,874.3595256546992,150.0,31,50,19,17,16,419.5769000089058,rolling,custom,demo_valley,3071,71,eps=0.0,injured,45.0,2,True
False,,180.0,77413.03583610122,888.0007806671144,138.0,19,46,27,17,15,418.8334999998915,rolling,custom,demo_valley,3072,72,eps=0.0,hiker,32.0,2,True
False,,180.0,98268.13975630217,969.3151122627521,135.0,23,45,22,14,15,311.31480000840384,rolling,custom,demo_valley,3073,73,eps=0.0,desoriented,52.0,2,True
False,,180.0,88151.19126808122,918.3406297931613,138.0,30,46,16,16,15,423.229199996058,rolling,custom,demo_valley,3074,74,eps=0.0,hiker,46.0,2,True
False,,180.0,76229.46594477145,893.3603533833495,142.0,22,47,25,17,15,503.0012999923201,rolling,custom,demo_valley,3075,75,eps=0.0,hiker,62.0,2,True
False,,180.0,89358.85821866893,912.1745449504535,135.0,19,45,26,16,13,342.0866000069509,rolling,custom,demo_valley,3076,76,eps=0.0,photographer,62.0,2,True
False,,180.0,88757.44826129367,906.1220350410329,135.0,29,45,16,15,14,451.2328999971942,rolling,custom,demo_valley,3077,77,eps=0.0,hiker,47.0,2,True
False,,180.0,101029.3396386378,993.5453371812332,138.0,24,46,22,14,14,296.58830001062597,rolling,custom,demo_valley,3078,78,eps=0.0,desoriented,59.0,2,True
False,,180.0,76429.42591854595,897.9879525552429,144.0,23,48,25,17,16,364.50729999160103,rolling,custom,demo_valley,3079,79,eps=0.0,desoriented,46.0,2,True
False,,180.0,91326.5921214444,921.6239769970664,135.0,22,45,23,16,14,452.49539998258115,rolling,custom,demo_valley,3080,80,eps=0.0,hiker,84.0,2,True
True,130.0,180.0,61522.19174838491,652.8618279279083,101.0,19,33,14,12,11,422.16060000100697,rolling,custom,demo_valley,3081,81,eps=0.0,hiker,56.0,2,True
False,,180.0,89301.38330677888,924.3915096977221,138.0,29,46,17,16,14,476.8154999892431,rolling,custom,demo_valley,3082,82,eps=0.0,hiker,61.0,2,True
False,,180.0,90888.85261428836,945.4493906322125,141.0,28,47,19,16,15,494.13869999443705,rolling,custom,demo_valley,3083,83,eps=0.0,desoriented,65.0,2,True
True,167.0,180.0,83849.6495700978,845.6995970810632,123.0,25,40,15,16,14,468.07599998646765,rolling,custom,demo_valley,3084,84,eps=0.0,desoriented,36.0,2,True
False,,180.0,88728.010389857,921.7254332572757,138.0,18,46,28,16,15,438.09260001762595,rolling,custom,demo_valley,3085,85,eps=0.0,photographer,40.0,2,True
False,,180.0,79249.86644752888,909.8602484270667,144.0,25,48,23,16,15,496.6278000101738,rolling,custom,demo_valley,3086,86,eps=0.0,hiker,49.0,2,True
False,,180.0,74604.03390825006,876.1243271598842,138.0,18,46,28,17,15,354.21869999299815,rolling,custom,demo_valley,3087,87,eps=0.0,hiker,30.0,2,True
True,40.0,180.0,21333.11591672683,209.27010221118928,30.0,7,10,3,3,3,252.56869999975606,rolling,custom,demo_valley,3088,88,eps=0.0,desoriented,53.0,2,True
False,,180.0,77306.66981584125,891.4401598527918,141.0,21,47,26,17,14,528.3332000108203,rolling,custom,demo_valley,3089,89,eps=0.0,desoriented,59.0,2,True
False,,180.0,95361.87735772514,941.568639757699,132.0,34,44,10,16,14,501.29540001762507,rolling,custom,demo_valley,3090,90,eps=0.0,injured,31.0,2,True
False,,180.0,73831.33748410587,899.8012690072482,147.0,25,49,24,17,16,577.8735000058077,rolling,custom,demo_valley,3091,91,eps=0.0,desoriented,49.0,2,True
False,,180.0,99286.92299988403,948.1250657192759,129.0,23,43,20,14,14,522.4392000091029,rolling,custom,demo_valley,3092,92,eps=0.0,hiker,41.0,2,True
False,,180.0,110484.60014646724,1011.1610948203395,126.0,22,42,20,14,13,449.6726000052149,rolling,custom,demo_valley,3093,93,eps=0.0,desoriented,63.0,2,True
False,,180.0,75815.87705856215,889.3339274528637,144.0,22,48,26,17,16,441.5338999751839,rolling,custom,demo_valley,3094,94,eps=0.0,desoriented,37.0,2,True
False,,180.0,95820.45924507406,958.7994719880036,138.0,27,46,19,14,15,537.1167000048445,rolling,custom,demo_valley,3095,95,eps=0.0,desoriented,37.0,2,True
True,13.0,180.0,5155.415492704583,71.83685420646034,15.0,3,5,2,0,1,160.95019999738724,rolling,custom,demo_valley,3096,96,eps=0.0,desoriented,57.0,2,True
False,,180.0,85429.72807957728,912.4572305142497,141.0,26,47,21,17,14,431.5564000062295,rolling,custom,demo_valley,3097,97,eps=0.0,desoriented,77.0,2,True
False,,180.0,107268.8138428664,996.4116349109481,123.0,28,41,13,15,14,244.94200002118305,rolling,custom,demo_valley,3098,98,eps=0.0,hiker,83.0,2,True
False,,180.0,89053.45332699169,922.1961374441742,138.0,27,46,19,16,14,527.8116000226873,rolling,custom,demo_valley,3099,99,eps=0.0,hiker,79.0,2,True
False,,180.0,97941.2431196371,953.3483369852845,132.0,19,44,25,16,14,405.2555999769538,rolling,custom,demo_valley,3000,0,eps=0.1,photographer,66.0,2,True
False,,180.0,91148.77605480945,930.712483598835,135.0,34,45,11,14,14,591.4118000091548,rolling,custom,demo_valley,3001,1,eps=0.1,injured,35.0,2,True
False,,180.0,79417.21087536705,905.4442984340789,138.0,23,46,23,18,15,431.9504000031884,rolling,custom,demo_valley,3002,2,eps=0.1,hiker,61.0,2,True
False,,180.0,90479.7906850664,942.3191623424243,135.0,25,45,20,15,14,355.52519999873766,rolling,custom,demo_valley,3003,3,eps=0.1,hiker,31.0,2,True
False,,180.0,107561.12586672575,1014.8900188298417,129.0,11,43,32,13,14,525.2171999873099,rolling,custom,demo_valley,3004,4,eps=0.1,photographer,74.0,2,True
False,,180.0,101885.57146242089,988.9740550200029,135.0,22,45,23,14,15,433.3001999948465,rolling,custom,demo_valley,3005,5,eps=0.1,desoriented,38.0,2,True
False,,180.0,99630.1287623512,975.7508789197777,127.0,29,42,13,15,14,459.4978999830346,rolling,custom,demo_valley,3006,6,eps=0.1,injured,52.0,2,True
True,50.0,180.0,28467.703937538976,278.3450845248089,37.0,8,12,4,4,3,195.72989999505808,rolling,custom,demo_valley,3007,7,eps=0.1,hiker,36.0,2,True
False,,180.0,101202.00191508267,979.7142663361033,129.0,18,43,25,14,14,488.70780000652303,rolling,custom,demo_valley,3008,8,eps=0.1,photographer,88.0,2,True
False,,180.0,108870.94194569527,993.8279877047162,126.0,26,42,16,14,14,360.1458999928582,rolling,custom,demo_valley,3009,9,eps=0.1,hiker,76.0,2,True
False,,180.0,105433.96249880383,959.4442772229423,120.0,27,40,13,15,13,488.28330001197173,rolling,custom,demo_valley,3010,10,eps=0.1,injured,50.0,2,True
False,,180.0,100759.54412636993,981.878984750857,135.0,18,45,27,14,15,379.78139999358973,rolling,custom,demo_valley,3011,11,eps=0.1,photographer,35.0,2,True
False,,180.0,94524.04486859655,926.444423455996,132.0,22,44,22,17,14,381.7908999881183,rolling,custom,demo_valley,3012,12,eps=0.1,hiker,60.0,2,True
True,110.0,180.0,53381.75730863279,578.0171219251594,90.0,20,30,10,9,10,370.49620000288996,rolling,custom,demo_valley,3013,13,eps=0.1,hiker,68.0,2,True
False,,180.0,80673.3177516067,902.7549185645591,137.0,26,45,19,17,15,530.0769999957993,rolling,custom,demo_valley,3014,14,eps=0.1,hiker,58.0,2,True
False,,180.0,95136.75041347745,943.2739609906162,126.0,24,42,18,15,12,255.58009999076603,rolling,custom,demo_valley,3015,15,eps=0.1,photographer,74.0,2,True
False,,180.0,107923.64820004597,998.1737715541151,123.0,20,41,21,14,13,327.2241000086069,rolling,custom,demo_valley,3016,16,eps=0.1,desoriented,35.0,2,True
False,,180.0,90285.56062507106,914.0555608335117,135.0,22,45,23,16,14,483.5683000073914,rolling,custom,demo_valley,3017,17,eps=0.1,hiker,79.0,2,True
True,105.0,180.0,56551.86454720542,569.8050161502249,81.0,17,27,10,8,9,452.40489999014244,rolling,custom,demo_valley,3018,18,eps=0.1,desoriented,37.0,2,True
False,,180.0,103864.3139819311,967.6874348756417,126.0,21,42,21,15,13,354.6352999928786,rolling,custom,demo_valley,3019,19,eps=0.1,hiker,90.0,2,True
False,,180.0,120678.34843433017,990.6334403681877,102.0,19,34,15,15,11,476.50280000925704,rolling,custom,demo_valley,3020,20,eps=0.1,hiker,73.0,2,True
False,,180.0,102324.0773482886,988.1040751203402,135.0,21,45,24,14,14,452.57199999832665,rolling,custom,demo_valley,3021,21,eps=0.1,photographer,74.0,2,True
False,,180.0,108827.12440537056,1018.5855172112697,129.0,11,43,32,13,14,502.89659998816205,rolling,custom,demo_valley,3022,22,eps=0.1,photographer,87.0,2,True
False,,180.0,70498.66691763925,884.6937479644564,147.0,22,49,27,17,16,471.52400000413763,rolling,custom,demo_valley,3023,23,eps=0.1,hiker,60.0,2,True
True,66.0,180.0,36992.414088156074,350.51397038812513,48.0,12,16,4,5,5,281.09849999600556,rolling,custom,demo_valley,3024,24,eps=0.1,photographer,72.0,2,True
True,96.0,180.0,50046.6040963634,518.3347254457528,78.0,9,26,17,7,8,443.65339999967546,rolling,custom,demo_valley,3025,25,eps=0.1,photographer,71.0,2,True
False,,180.0,98052.9567283266,981.3472709256235,135.0,26,45,19,14,15,484.1580999818689,rolling,custom,demo_valley,3026,26,eps=0.1,desoriented,75.0,2,True
False,,180.0,85786.45426110327,924.6508614814313,138.0,24,46,22,16,14,422.8069000146206,rolling,custom,demo_valley,3027,27,eps=0.1,desoriented,50.0,2,True
False,,180.0,92265.97257998557,948.201458311521,141.0,24,47,23,15,16,515.6350999932329,rolling,custom,demo_valley,3028,28,eps=0.1,desoriented,73.0,2,True
False,,180.0,116373.3446509923,1004.667489883118,114.0,21,38,17,15,12,317.67419999050617,rolling,custom,demo_valley,3029,29,eps=0.1,hiker,74.0,2,True
False,,180.0,96225.80985495818,960.9294529152717,132.0,20,44,24,14,13,568.1971999965754,rolling,custom,demo_valley,3030,30,eps=0.1,desoriented,62.0,2,True
False,,180.0,92155.35165579431,941.8325231737658,129.0,29,43,14,16,14,397.5522000055207,rolling,custom,demo_valley,3031,31,eps=0.1,injured,39.0,2,True
False,,180.0,89561.32135925046,941.6334049466891,138.0,20,46,26,15,14,460.4130999978224,rolling,custom,demo_valley,3032,32,eps=0.1,desoriented,55.0,2,True
False,,180.0,86902.2059936421,908.9236425046781,132.0,22,44,22,16,15,466.1238999960915,rolling,custom,demo_valley,3033,33,eps=0.1,hiker,79.0,2,True
False,,180.0,78595.19842750668,899.3868248069627,141.0,18,47,29,18,15,245.6860999991477,rolling,custom,demo_valley,3034,34,eps=0.1,desoriented,89.0,2,True
False,,180.0,96637.57615954854,970.5880303178453,132.0,24,44,20,14,14,508.0699999980425,rolling,custom,demo_valley,3035,35,eps=0.1,photographer,34.0,2,True
False,,180.0,78632.0145979383,898.0504058741748,139.0,19,46,27,17,15,576.9511999915267,rolling,custom,demo_valley,3036,36,eps=0.1,hiker,51.0,2,True
False,,180.0,93479.3776937044,940.0687436641888,129.0,27,43,16,15,14,456.82870000382536,rolling,custom,demo_valley,3037,37,eps=0.1,hiker,30.0,2,True
False,,180.0,87218.99307643303,938.5352237143409,140.0,26,46,20,15,15,534.3323999913991,rolling,custom,demo_valley,3038,38,eps=0.1,hiker,63.0,2,True
False,,180.0,98436.27122060794,953.4034576680732,126.0,24,42,18,14,13,536.6646999918885,rolling,custom,demo_valley,3039,39,eps=0.1,hiker,37.0,2,True
False,,180.0,116448.56862208675,1030.4738837977743,120.0,24,40,16,14,13,465.64360000775196,rolling,custom,demo_valley,3040,40,eps=0.1,desoriented,68.0,2,True
False,,180.0,93304.57195275524,925.8791559452213,132.0,26,44,18,17,14,472.3190000095201,rolling,custom,demo_valley,3041,41,eps=0.1,hiker,58.0,2,True
False,,180.0,94095.5684737296,938.9164327400764,135.0,29,45,16,16,14,478.3063999911974,rolling,custom,demo_valley,3042,42,eps=0.1,desoriented,58.0,2,True
False,,180.0,104087.3257485391,1004.2409456161072,127.0,21,42,21,15,12,504.74709999980405,rolling,custom,demo_valley,3043,43,eps=0.1,photographer,71.0,2,True
False,,180.0,65778.24949812028,886.3803882511179,159.0,17,53,36,16,17,528.2790999917779,rolling,custom,demo_valley,3044,44,eps=0.1,photographer,89.0,2,True
False,,180.0,106109.72996569717,1003.7971477996625,132.0,19,44,25,14,12,439.7255999938352,rolling,custom,demo_valley,3045,45,eps=0.1,photographer,68.0,2,True
False,,180.0,103878.39690266055,948.1622660413411,117.0,18,39,21,15,12,435.81759999869973,rolling,custom,demo_valley,3046,46,eps=0.1,hiker,61.0,2,True
False,,180.0,100776.57596117705,1000.612808448572,135.0,22,45,23,13,14,456.8245000064053,rolling,custom,demo_valley,3047,47,eps=0.1,photographer,39.0,2,True
False,,180.0,109332.29541305409,982.579304491454,120.0,23,40,17,15,13,382.15819998549705,rolling,custom,demo_valley,3048,48,eps=0.1,hiker,43.0,2,True
True,96.0,180.0,52389.246198124834,537.036550926041,76.0,16,25,9,7,8,438.2181999844761,rolling,custom,demo_valley,3049,49,eps=0.1,photographer,61.0,2,True
False,,180.0,117304.8759378779,1018.082177959911,117.0,24,39,15,14,12,279.5373000026302,rolling,custom,demo_valley,3050,50,eps=0.1,hiker,74.0,2,True
False,,180.0,114983.46353315478,1029.4911485216837,120.0,27,40,13,14,12,357.51290000916924,rolling,custom,demo_valley,3051,51,eps=0.1,injured,56.0,2,True
True,170.0,180.0,89742.2427709935,887.5482239088661,126.0,23,42,19,16,14,419.99829999804206,rolling,custom,demo_valley,3052,52,eps=0.1,hiker,75.0,2,True
False,,180.0,64683.89003571742,854.452791642439,150.0,16,50,34,17,16,503.09379999453085,rolling,custom,demo_valley,3053,53,eps=0.1,photographer,65.0,2,True
False,,180.0,69902.50414494956,869.4804540752857,147.0,21,49,28,17,16,472.7406999973027,rolling,custom,demo_valley,3054,54,eps=0.1,desoriented,40.0,2,True
False,,180.0,86907.48626775268,891.2012373823413,132.0,24,44,20,18,14,362.6326999965386,rolling,custom,demo_valley,3055,55,eps=0.1,desoriented,30.0,2,True
False,,180.0,95183.85253326493,935.5291584793079,132.0,23,44,21,14,14,415.3397999907611,rolling,custom,demo_valley,3056,56,eps=0.1,hiker,84.0,2,True
False,,180.0,94071.06769362547,960.9426630073291,135.0,26,45,19,14,14,523.2273000165151,rolling,custom,demo_valley,3057,57,eps=0.1,hiker,89.0,2,True
False,,180.0,90832.99696820052,918.8473052544102,135.0,28,45,17,15,14,455.7010000025912,rolling,custom,demo_valley,3058,58,eps=0.1,hiker,72.0,2,True
False,,180.0,115262.74997659432,1007.3750826391329,117.0,20,39,19,15,13,250.03949999518227,rolling,custom,demo_valley,3059,59,eps=0.1,desoriented,50.0,2,True
False,,180.0,91035.42294706096,925.8912635520514,135.0,33,45,12,16,14,441.9041000146535,rolling,custom,demo_valley,3060,60,eps=0.1,injured,71.0,2,True
False,,180.0,95895.80454121737,938.2492954340667,126.0,24,42,18,15,13,463.4855999847787,rolling,custom,demo_valley,3061,61,eps=0.1,desoriented,55.0,2,True
True,11.0,180.0,5214.789701060901,64.53819664026862,10.0,3,3,0,0,1,94.52700000474579,rolling,custom,demo_valley,3062,62,eps=0.1,photographer,40.0,2,True
False,,180.0,122632.17029519418,1017.594416816879,108.0,22,36,14,15,12,372.80219998865505,rolling,custom,demo_valley,3063,63,eps=0.1,hiker,64.0,2,True
False,,180.0,68344.78100184974,879.8401977546453,152.0,35,50,15,17,16,392.2633000129281,rolling,custom,demo_valley,3064,64,eps=0.1,injured,65.0,2,True
False,,180.0,105765.4939333867,988.5659428552083,129.0,24,43,19,14,14,222.80350000073668,rolling,custom,demo_valley,3065,65,eps=0.1,hiker,50.0,2,True
False,,180.0,96817.37965341397,964.3834264954452,129.0,21,43,22,15,14,487.260600015361,rolling,custom,demo_valley,3066,66,eps=0.1,photographer,38.0,2,True
False,,180.0,92989.33167434917,926.4924706399393,135.0,28,45,17,16,15,405.3297000027669,rolling,custom,demo_valley,3067,67,eps=0.1,desoriented,68.0,2,True
True,80.0,180.0,40161.33748616038,425.8920755172103,64.0,18,21,3,6,7,356.04139999668405,rolling,custom,demo_valley,3068,68,eps=0.1,hiker,84.0,2,True
False,,180.0,109991.5929319945,1004.2512417295634,120.0,19,40,21,15,12,582.1922999930393,rolling,custom,demo_valley,3069,69,eps=0.1,photographer,89.0,2,True
False,,180.0,95677.8514075483,948.0718432343767,135.0,19,45,26,16,14,485.5951000008645,rolling,custom,demo_valley,3070,70,eps=0.1,photographer,88.0,2,True
False,,180.0,70021.35653226843,867.9870894683381,147.0,29,49,20,17,16,370.4687999870657,rolling,custom,demo_valley,3071,71,eps=0.1,injured,45.0,2,True
False,,180.0,80436.31200907788,894.880639756834,135.0,17,45,28,17,15,389.25030000609695,rolling,custom,demo_valley,3072,72,eps=0.1,hiker,32.0,2,True
False,,180.0,96881.73106383225,968.688601700879,138.0,24,46,22,14,15,287.19969999474415,rolling,custom,demo_valley,3073,73,eps=0.1,desoriented,52.0,2,True
False,,180.0,81103.32486332156,890.8800433353994,141.0,26,47,21,17,14,385.08249999904365,rolling,custom,demo_valley,3074,74,eps=0.1,hiker,46.0,2,True
False,,180.0,75114.24953295781,885.126473221806,142.0,22,47,25,17,15,506.01719999576744,rolling,custom,demo_valley,3075,75,eps=0.1,hiker,62.0,2,True
True,166.0,180.0,78505.92925460331,828.6985608320713,128.0,19,42,23,15,13,344.7562999990623,rolling,custom,demo_valley,3076,76,eps=0.1,photographer,62.0,2,True
False,,180.0,86965.15185234614,894.0642787309181,135.0,29,45,16,15,14,447.8365999948437,rolling,custom,demo_valley,3077,77,eps=0.1,hiker,47.0,2,True
False,,180.0,99460.45221605331,983.334876381477,138.0,23,46,23,14,15,315.19189999562514,rolling,custom,demo_valley,3078,78,eps=0.1,desoriented,59.0,2,True
False,,180.0,77041.57357759988,900.5223654514912,144.0,23,48,25,17,16,368.76049999591487,rolling,custom,demo_valley,3079,79,eps=0.1,desoriented,46.0,2,True
False,,180.0,91288.05796425288,922.1029431885388,135.0,23,45,22,16,14,490.2192000026844,rolling,custom,demo_valley,3080,80,eps=0.1,hiker,84.0,2,True
True,136.0,180.0,66476.66417768724,692.3231105742977,104.0,17,34,17,13,12,453.48560001002625,rolling,custom,demo_valley,3081,81,eps=0.1,hiker,56.0,2,True
True,102.0,180.0,44295.19216280458,516.9603481596332,86.0,22,28,6,8,9,449.7970000029454,rolling,custom,demo_valley,3082,82,eps=0.1,hiker,61.0,2,True
False,,180.0,83190.24140654442,899.134553862833,141.0,26,47,21,16,15,593.1660999867745,rolling,custom,demo_valley,3083,83,eps=0.1,desoriented,65.0,2,True
True,94.0,180.0,51479.54830434224,479.96216939623616,64.0,16,21,5,9,8,448.62009999269503,rolling,custom,demo_valley,3084,84,eps=0.1,desoriented,36.0,2,True
False,,180.0,91583.87160549918,939.1744934600797,138.0,20,46,26,16,15,503.07649999194837,rolling,custom,demo_valley,3085,85,eps=0.1,photographer,40.0,2,True
False,,180.0,74784.0912163962,902.2096786729514,147.0,24,49,25,16,15,623.2069999969099,rolling,custom,demo_valley,3086,86,eps=0.1,hiker,49.0,2,True
False,,180.0,74498.89893994937,878.9020665306847,139.0,18,46,28,17,15,457.02910000181873,rolling,custom,demo_valley,3087,87,eps=0.1,hiker,30.0,2,True
False,,180.0,89325.92908225159,886.3127170815918,126.0,24,42,18,18,13,522.1688999990874,rolling,custom,demo_valley,3088,88,eps=0.1,desoriented,53.0,2,True
False,,180.0,78047.48259635143,896.1835799509877,141.0,21,47,26,17,15,606.095400007689,rolling,custom,demo_valley,3089,89,eps=0.1,desoriented,59.0,2,True
False,,180.0,97188.06223612426,954.4896922693658,135.0,31,45,14,15,14,551.8118000054528,rolling,custom,demo_valley,3090,90,eps=0.1,injured,31.0,2,True
False,,180.0,80553.1529839554,923.1647701798031,144.0,24,48,24,16,16,624.8557999897457,rolling,custom,demo_valley,3091,91,eps=0.1,desoriented,49.0,2,True
False,,180.0,100279.96410274997,950.897028378856,129.0,23,43,20,14,14,540.5824999816105,rolling,custom,demo_valley,3092,92,eps=0.1,hiker,41.0,2,True
False,,180.0,108084.03893034987,1004.5392715821704,129.0,22,43,21,14,14,457.7828999954363,rolling,custom,demo_valley,3093,93,eps=0.1,desoriented,63.0,2,True
False,,180.0,80032.4268510454,908.8445917110953,141.0,24,47,23,17,16,445.13769999321084,rolling,custom,demo_valley,3094,94,eps=0.1,desoriented,37.0,2,True
False,,180.0,97121.56684035469,980.1944023940213,141.0,24,47,23,14,15,498.81240000831895,rolling,custom,demo_valley,3095,95,eps=0.1,desoriented,37.0,2,True
True,11.0,180.0,4731.151423992655,60.29572404233582,12.0,2,3,1,0,1,163.10150000026624,rolling,custom,demo_valley,3096,96,eps=0.1,desoriented,57.0,2,True
False,,180.0,85860.45362789198,929.4940844157474,145.0,26,48,22,16,16,415.1962000069034,rolling,custom,demo_valley,3097,97,eps=0.1,desoriented,77.0,2,True
False,,180.0,108107.62284869404,990.5504348831826,120.0,26,40,14,15,13,252.19730001117568,rolling,custom,demo_valley,3098,98,eps=0.1,hiker,83.0,2,True
False,,180.0,87910.70501357784,905.7144344594406,135.0,27,45,18,17,14,523.2190999777231,rolling,custom,demo_valley,3099,99,eps=0.1,hiker,79.0,2,True
False,,180.0,98168.06547253567,961.1925280330206,135.0,18,45,27,15,14,409.62450000370154,rolling,custom,demo_valley,3000,0,eps=0.2,photographer,66.0,2,True
False,,180.0,89677.76597977176,923.7783896245462,135.0,34,45,11,14,14,586.8784999838681,rolling,custom,demo_valley,3001,1,eps=0.2,injured,35.0,2,True
False,,180.0,97089.37949999027,956.1643116849798,126.0,23,42,19,16,12,406.17229999406845,rolling,custom,demo_valley,3002,2,eps=0.2,hiker,61.0,2,True
False,,180.0,85800.74072974475,914.9774326216896,135.0,26,45,19,15,12,378.8897999966139,rolling,custom,demo_valley,3003,3,eps=0.2,hiker,31.0,2,True
False,,180.0,109019.67339294917,1007.132578934182,126.0,10,42,32,13,14,522.891399992659,rolling,custom,demo_valley,3004,4,eps=0.2,photographer,74.0,2,True
False,,180.0,101931.39830148341,988.3193855102882,135.0,23,45,22,14,15,430.8687000066129,rolling,custom,demo_valley,3005,5,eps=0.2,desoriented,38.0,2,True
False,,180.0,99469.54331547556,975.2650226960077,127.0,31,42,11,15,14,463.2081999989168,rolling,custom,demo_valley,3006,6,eps=0.2,injured,52.0,2,True
True,50.0,180.0,29562.596954503046,278.99090601996113,37.0,8,12,4,4,4,266.8880999990506,rolling,custom,demo_valley,3007,7,eps=0.2,hiker,36.0,2,True
False,,180.0,98416.31161571157,954.5740014272831,126.0,18,42,24,14,12,494.4818999956624,rolling,custom,demo_valley,3008,8,eps=0.2,photographer,88.0,2,True
True,88.0,180.0,45494.38056670016,481.55670569331073,72.0,18,24,6,6,7,301.8703000052483,rolling,custom,demo_valley,3009,9,eps=0.2,hiker,76.0,2,True
False,,180.0,97289.50698801104,906.490710472809,117.0,29,39,10,15,12,484.03609998422326,rolling,custom,demo_valley,3010,10,eps=0.2,injured,50.0,2,True
False,,180.0,100009.0142515593,976.9816163915428,135.0,18,45,27,14,15,382.37569999728294,rolling,custom,demo_valley,3011,11,eps=0.2,photographer,35.0,2,True
False,,180.0,93976.1871306631,924.0820445359116,132.0,22,44,22,16,14,380.3902000145172,rolling,custom,demo_valley,3012,12,eps=0.2,hiker,60.0,2,True
True,81.0,180.0,39924.03896095956,426.87669051857574,64.0,13,21,8,7,8,298.16499998560175,rolling,custom,demo_valley,3013,13,eps=0.2,hiker,68.0,2,True
False,,180.0,88931.46161404123,925.6515832219735,132.0,21,44,23,16,14,516.1713000034069,rolling,custom,demo_valley,3014,14,eps=0.2,hiker,58.0,2,True
False,,180.0,94077.8330980109,936.1347554254977,126.0,24,42,18,15,12,243.67420000999118,rolling,custom,demo_valley,3015,15,eps=0.2,photographer,74.0,2,True
False,,180.0,107783.36756110916,995.7832480190118,123.0,20,41,21,14,13,348.5039000206598,rolling,custom,demo_valley,3016,16,eps=0.2,desoriented,35.0,2,True
False,,180.0,87313.14121207652,896.4551364715508,135.0,26,45,19,17,14,521.2037999936001,rolling,custom,demo_valley,3017,17,eps=0.2,hiker,79.0,2,True
False,,180.0,99245.17253939663,972.4712592625272,135.0,22,45,23,14,15,510.16180002443434,rolling,custom,demo_valley,3018,18,eps=0.2,desoriented,37.0,2,True
False,,180.0,104223.7901349309,974.185089316811,126.0,23,42,19,14,14,345.2719999913825,rolling,custom,demo_valley,3019,19,eps=0.2,hiker,90.0,2,True
False,,180.0,121295.27283365294,1000.8572558782946,105.0,16,35,19,15,11,486.2800999908359,rolling,custom,demo_valley,3020,20,eps=0.2,hiker,73.0,2,True
False,,180.0,102604.23547437837,989.3024029657024,135.0,18,45,27,14,14,416.9927999973879,rolling,custom,demo_valley,3021,21,eps=0.2,photographer,74.0,2,True
False,,180.0,109179.7564237965,1022.0385606532461,129.0,13,43,30,13,14,487.3970999942685,rolling,custom,demo_valley,3022,22,eps=0.2,photographer,87.0,2,True
False,,180.0,70394.30282043174,884.2709767373426,147.0,21,49,28,17,16,453.46630001586163,rolling,custom,demo_valley,3023,23,eps=0.2,hiker,60.0,2,True
True,92.0,180.0,50566.870991874195,489.06245177223184,66.0,15,22,7,8,7,296.14370000308554,rolling,custom,demo_valley,3024,24,eps=0.2,photographer,72.0,2,True
False,,180.0,94680.26482375606,954.5833535740658,138.0,16,46,30,15,15,500.3708000112965,rolling,custom,demo_valley,3025,25,eps=0.2,photographer,71.0,2,True
False,,180.0,98063.5989090494,964.3720795962616,132.0,27,44,17,14,14,501.4109999865468,rolling,custom,demo_valley,3026,26,eps=0.2,desoriented,75.0,2,True
False,,180.0,89441.18051212779,905.6320128218704,126.0,24,42,18,16,13,421.3423999990482,rolling,custom,demo_valley,3027,27,eps=0.2,desoriented,50.0,2,True
False,,180.0,94055.88982001167,954.001285200756,141.0,23,47,24,15,16,526.8409000054817,rolling,custom,demo_valley,3028,28,eps=0.2,desoriented,73.0,2,True
False,,180.0,123033.298051964,1019.5724415077627,108.0,19,36,17,15,12,269.99950000936224,rolling,custom,demo_valley,3029,29,eps=0.2,hiker,74.0,2,True
False,,180.0,95831.24506232908,958.7949596138969,132.0,20,44,24,14,14,535.6302000054711,rolling,custom,demo_valley,3030,30,eps=0.2,desoriented,62.0,2,True
False,,180.0,97273.88461948631,967.0795076400557,129.0,31,43,12,15,14,386.6408000012598,rolling,custom,demo_valley,3031,31,eps=0.2,injured,39.0,2,True
False,,180.0,91783.5142401659,954.859477096903,138.0,22,46,24,15,15,439.14179999774205,rolling,custom,demo_valley,3032,32,eps=0.2,desoriented,55.0,2,True
False,,180.0,87868.32803026053,916.137501778335,132.0,22,44,22,16,15,493.0944999850908,rolling,custom,demo_valley,3033,33,eps=0.2,hiker,79.0,2,True
False,,180.0,78279.16971569305,897.905863026706,141.0,19,47,28,18,15,269.45410001280834,rolling,custom,demo_valley,3034,34,eps=0.2,desoriented,89.0,2,True
False,,180.0,96149.94986557047,949.3426888141839,126.0,23,42,19,15,13,533.0512999826169,rolling,custom,demo_valley,3035,35,eps=0.2,photographer,34.0,2,True
True,82.0,180.0,34525.47868795267,404.28247022128676,66.0,13,22,9,7,7,482.13379999833705,rolling,custom,demo_valley,3036,36,eps=0.2,hiker,51.0,2,True
False,,180.0,103149.55026737695,971.3701185326834,123.0,27,41,14,15,14,424.48960001274827,rolling,custom,demo_valley,3037,37,eps=0.2,hiker,30.0,2,True
False,,180.0,97553.52336498497,957.8130606443032,132.0,26,44,18,14,14,518.4067999962281,rolling,custom,demo_valley,3038,38,eps=0.2,hiker,63.0,2,True
False,,180.0,98087.95478754443,951.8131400070793,126.0,25,42,17,14,13,555.8235999851604,rolling,custom,demo_valley,3039,39,eps=0.2,hiker,37.0,2,True
False,,180.0,117269.27373485643,1035.5535801724645,120.0,24,40,16,14,13,487.946599994757,rolling,custom,demo_valley,3040,40,eps=0.2,desoriented,68.0,2,True
False,,180.0,92150.73824610427,927.3314020164742,135.0,28,45,17,17,14,497.1366000099806,rolling,custom,demo_valley,3041,41,eps=0.2,hiker,58.0,2,True
True,137.0,180.0,74576.91714965395,727.6796648897935,100.0,26,33,7,12,11,433.8107999992644,rolling,custom,demo_valley,3042,42,eps=0.2,desoriented,58.0,2,True
True,115.0,180.0,61697.10991446407,633.866162530277,89.0,19,29,10,9,8,471.83640001276217,rolling,custom,demo_valley,3043,43,eps=0.2,photographer,71.0,2,True
False,,180.0,65743.93492306952,886.2557412904634,159.0,17,53,36,16,17,543.3809999922232,rolling,custom,demo_valley,3044,44,eps=0.2,photographer,89.0,2,True
False,,180.0,107802.0832103573,990.4241368024656,126.0,17,42,25,14,14,432.2786999964592,rolling,custom,demo_valley,3045,45,eps=0.2,photographer,68.0,2,True
False,,180.0,104359.92312693017,950.4596034351439,117.0,18,39,21,15,12,461.5439000135666,rolling,custom,demo_valley,3046,46,eps=0.2,hiker,61.0,2,True
False,,180.0,95748.30079944138,944.1198480595815,126.0,20,42,22,15,13,509.8174000013387,rolling,custom,demo_valley,3047,47,eps=0.2,photographer,39.0,2,True
False,,180.0,106570.02225972139,990.3093211390329,126.0,23,42,19,14,14,410.1897999898938,rolling,custom,demo_valley,3048,48,eps=0.2,hiker,43.0,2,True
False,,180.0,99245.24599787939,995.8520209836073,135.0,24,45,21,13,13,502.04990000747785,rolling,custom,demo_valley,3049,49,eps=0.2,photographer,61.0,2,True
False,,180.0,119202.26690798218,1008.0487077360635,111.0,26,37,11,15,12,300.07470000236935,rolling,custom,demo_valley,3050,50,eps=0.2,hiker,74.0,2,True
False,,180.0,115355.50645097648,1029.3408428291998,120.0,29,40,11,14,13,363.21869996936584,rolling,custom,demo_valley,3051,51,eps=0.2,injured,56.0,2,True
False,,180.0,95080.55373305218,938.3233227997886,132.0,25,44,19,17,14,402.52670000154467,rolling,custom,demo_valley,3052,52,eps=0.2,hiker,75.0,2,True
False,,180.0,64683.53653665498,853.2155477816202,150.0,16,50,34,17,16,517.0381000025372,rolling,custom,demo_valley,3053,53,eps=0.2,photographer,65.0,2,True
False,,180.0,74903.35281201446,882.5478315497613,144.0,24,48,24,16,15,488.42980000154057,rolling,custom,demo_valley,3054,54,eps=0.2,desoriented,40.0,2,True
False,,180.0,86813.05907675276,889.4551303486683,132.0,25,44,19,18,14,357.9986000149802,rolling,custom,demo_valley,3055,55,eps=0.2,desoriented,30.0,2,True
False,,180.0,95070.82532387893,935.1737827675585,132.0,23,44,21,14,14,414.0685000020312,rolling,custom,demo_valley,3056,56,eps=0.2,hiker,84.0,2,True
True,102.0,180.0,51072.53058516455,533.252902983809,79.0,19,26,7,7,8,454.5687999907386,rolling,custom,demo_valley,3057,57,eps=0.2,hiker,89.0,2,True
False,,180.0,89956.37046272156,908.7003293094983,135.0,29,45,16,15,14,462.31470000384434,rolling,custom,demo_valley,3058,58,eps=0.2,hiker,72.0,2,True
False,,180.0,109352.94400822197,1006.5175306958429,126.0,22,42,20,14,14,262.14119999895047,rolling,custom,demo_valley,3059,59,eps=0.2,desoriented,50.0,2,True
False,,180.0,91362.88045889387,927.5017225081551,135.0,34,45,11,16,14,439.0976000104274,rolling,custom,demo_valley,3060,60,eps=0.2,injured,71.0,2,True
False,,180.0,96670.05452185974,954.0497229912196,129.0,22,43,21,15,14,454.16000001569046,rolling,custom,demo_valley,3061,61,eps=0.2,desoriented,55.0,2,True
True,8.0,180.0,5014.789701060901,54.01985618442817,7.0,1,1,0,0,1,93.02089999982854,rolling,custom,demo_valley,3062,62,eps=0.2,photographer,40.0,2,True
False,,180.0,123105.94334543828,1029.9248438604693,111.0,20,37,17,15,12,376.1548000093171,rolling,custom,demo_valley,3063,63,eps=0.2,hiker,64.0,2,True
False,,180.0,62234.29739448162,867.4798398752439,156.0,36,52,16,17,16,413.89280000112194,rolling,custom,demo_valley,3064,64,eps=0.2,injured,65.0,2,True
False,,180.0,109083.99672701888,985.4159939806939,123.0,22,41,19,14,14,229.7553999997035,rolling,custom,demo_valley,3065,65,eps=0.2,hiker,50.0,2,True
False,,180.0,102577.57478097004,997.9698544292364,128.0,19,42,23,15,13,453.69920000302955,rolling,custom,demo_valley,3066,66,eps=0.2,photographer,38.0,2,True
False,,180.0,94319.64500071052,933.9628293721568,132.0,24,44,20,17,14,381.62939999347145,rolling,custom,demo_valley,3067,67,eps=0.2,desoriented,68.0,2,True
True,76.0,180.0,37892.036025240464,405.7814231509161,63.0,17,21,4,6,7,352.528399998846,rolling,custom,demo_valley,3068,68,eps=0.2,hiker,84.0,2,True
False,,180.0,111161.38955305127,1010.6619832758245,120.0,19,40,21,15,12,562.5234000090131,rolling,custom,demo_valley,3069,69,eps=0.2,photographer,89.0,2,True
False,,180.0,92844.02980874482,934.6864580492959,135.0,21,45,24,17,14,490.53870000898314,rolling,custom,demo_valley,3070,70,eps=0.2,photographer,88.0,2,True
False,,180.0,69467.71364763148,869.8630155902749,148.0,31,49,18,17,16,402.0717999901535,rolling,custom,demo_valley,3071,71,eps=0.2,injured,45.0,2,True
False,,180.0,80573.2603388743,895.5516306913075,135.0,17,45,28,17,15,426.7110999971919,rolling,custom,demo_valley,3072,72,eps=0.2,hiker,32.0,2,True
False,,180.0,96078.76885097811,972.6582100978718,141.0,21,47,26,14,15,295.675500003199,rolling,custom,demo_valley,3073,73,eps=0.2,desoriented,52.0,2,True
False,,180.0,85160.04002046144,914.6647971506864,141.0,24,47,23,16,15,407.5633999891579,rolling,custom,demo_valley,3074,74,eps=0.2,hiker,46.0,2,True
False,,180.0,75114.24953295781,885.126473221806,142.0,22,47,25,17,15,527.0990999761125,rolling,custom,demo_valley,3075,75,eps=0.2,hiker,62.0,2,True
True,135.0,180.0,67614.97036928193,701.1004945342277,105.0,18,35,17,12,10,348.9549999958399,rolling,custom,demo_valley,3076,76,eps=0.2,photographer,62.0,2,True
False,,180.0,90558.4679085491,925.6087934656402,138.0,25,46,21,15,15,500.06609999581997,rolling,custom,demo_valley,3077,77,eps=0.2,hiker,47.0,2,True
False,,180.0,97723.99472236211,968.3276166528065,138.0,24,46,22,14,15,315.7801999714138,rolling,custom,demo_valley,3078,78,eps=0.2,desoriented,59.0,2,True
False,,180.0,77023.8418164345,901.1497036382682,144.0,22,48,26,17,16,394.80329998696106,rolling,custom,demo_valley,3079,79,eps=0.2,desoriented,46.0,2,True
False,,180.0,92509.60451802006,915.4415057652493,132.0,19,44,25,16,14,477.5790000021516,rolling,custom,demo_valley,3080,80,eps=0.2,hiker,84.0,2,True
False,,180.0,88633.5999809065,908.693522158075,135.0,24,45,21,17,14,498.89059999622987,rolling,custom,demo_valley,3081,81,eps=0.2,hiker,56.0,2,True
True,66.0,180.0,26993.39920284826,335.80438252333556,58.0,15,18,3,5,6,377.1022000055382,rolling,custom,demo_valley,3082,82,eps=0.2,hiker,61.0,2,True
False,,180.0,90000.21295590483,937.8806169375002,141.0,30,47,17,16,15,535.7719000021461,rolling,custom,demo_valley,3083,83,eps=0.2,desoriented,65.0,2,True
False,,180.0,92745.53751931532,898.5106360435801,126.0,25,42,17,17,13,493.07739999312616,rolling,custom,demo_valley,3084,84,eps=0.2,desoriented,36.0,2,True
False,,180.0,90035.74230530582,903.5798350887056,129.0,19,43,24,17,14,456.29689999441325,rolling,custom,demo_valley,3085,85,eps=0.2,photographer,40.0,2,True
False,,180.0,80564.80156639409,905.0455462324081,141.0,26,47,21,16,12,502.23230000301555,rolling,custom,demo_valley,3086,86,eps=0.2,hiker,49.0,2,True
False,,180.0,74087.52647320554,886.8970608315066,142.0,19,47,28,17,15,368.34259999523056,rolling,custom,demo_valley,3087,87,eps=0.2,hiker,30.0,2,True
True,8.0,180.0,5289.8667713624545,55.46291477823054,7.0,1,1,0,0,1,131.2184000016714,rolling,custom,demo_valley,3088,88,eps=0.2,desoriented,53.0,2,True
False,,180.0,78154.58937753798,896.6222402130101,141.0,21,47,26,17,15,552.7324999948178,rolling,custom,demo_valley,3089,89,eps=0.2,desoriented,59.0,2,True
False,,180.0,97389.32649389516,928.8296223507328,126.0,32,42,10,16,13,502.929900017989,rolling,custom,demo_valley,3090,90,eps=0.2,injured,31.0,2,True
False,,180.0,80834.56792685995,912.7319288894489,144.0,25,48,23,16,16,549.757699987822,rolling,custom,demo_valley,3091,91,eps=0.2,desoriented,49.0,2,True
True,105.0,180.0,59413.52392192537,576.5899305972621,80.0,17,26,9,8,9,420.698199997787,rolling,custom,demo_valley,3092,92,eps=0.2,hiker,41.0,2,True
False,,180.0,110435.05225688536,1009.3148117122829,126.0,20,42,22,14,13,427.14150001665985,rolling,custom,demo_valley,3093,93,eps=0.2,desoriented,63.0,2,True
False,,180.0,90473.37848687498,939.9083106693605,135.0,23,45,22,16,15,430.2609000023949,rolling,custom,demo_valley,3094,94,eps=0.2,desoriented,37.0,2,True
False,,180.0,95259.35901069679,957.7542092062746,138.0,26,46,20,14,15,506.97969998873305,rolling,custom,demo_valley,3095,95,eps=0.2,desoriented,37.0,2,True
False,,180.0,116867.26829294865,1035.5939752487468,120.0,18,40,22,14,13,523.7930000039341,rolling,custom,demo_valley,3096,96,eps=0.2,desoriented,57.0,2,True
False,,180.0,91413.2696514223,935.1749837766074,138.0,23,46,23,16,14,418.83830000369926,rolling,custom,demo_valley,3097,97,eps=0.2,desoriented,77.0,2,True
False,,180.0,106130.46133122579,988.9144204301788,123.0,27,41,14,15,13,288.23920001013903,rolling,custom,demo_valley,3098,98,eps=0.2,hiker,83.0,2,True
False,,180.0,91877.82691364657,933.9380238654951,138.0,23,46,23,16,14,556.6792000063288,rolling,custom,demo_valley,3099,99,eps=0.2,hiker,79.0,2,True
False,,180.0,98570.04677349346,953.647706105204,132.0,20,44,24,15,14,398.55500000521715,rolling,custom,demo_valley,3000,0,eps=0.4,photographer,66.0,2,True
False,,180.0,92772.40975171298,938.9570358048751,135.0,36,45,9,14,14,562.2422999822447,rolling,custom,demo_valley,3001,1,eps=0.4,injured,35.0,2,True
False,,180.0,120643.45540014164,1022.7627902878596,111.0,22,37,15,14,12,407.3105999977997,rolling,custom,demo_valley,3002,2,eps=0.4,hiker,61.0,2,True
False,,180.0,98387.99408565485,980.1697384249951,132.0,25,44,19,15,15,367.52819999128405,rolling,custom,demo_valley,3003,3,eps=0.4,hiker,31.0,2,True
False,,180.0,109987.19082225571,1020.3830711383429,129.0,11,43,32,13,14,552.2720000099071,rolling,custom,demo_valley,3004,4,eps=0.4,photographer,74.0,2,True
False,,180.0,98904.01068808633,978.4844200626923,138.0,26,46,20,14,15,506.9770000027347,rolling,custom,demo_valley,3005,5,eps=0.4,desoriented,38.0,2,True
False,,180.0,102786.21858011268,982.0722484471664,126.0,33,42,9,15,14,484.4532999995863,rolling,custom,demo_valley,3006,6,eps=0.4,injured,52.0,2,True
False,,180.0,96129.38672595861,924.0920913516511,129.0,19,43,24,17,14,510.05939999231487,rolling,custom,demo_valley,3007,7,eps=0.4,hiker,36.0,2,True
False,,180.0,110584.47905188285,1001.1262879894994,120.0,20,40,20,13,12,487.77330000484653,rolling,custom,demo_valley,3008,8,eps=0.4,photographer,88.0,2,True
False,,180.0,97813.67087643238,931.8178440470697,126.0,28,42,14,15,13,402.16270001837984,rolling,custom,demo_valley,3009,9,eps=0.4,hiker,76.0,2,True
False,,180.0,97886.3241038227,932.916300782377,126.0,28,42,14,14,13,514.2500000074506,rolling,custom,demo_valley,3010,10,eps=0.4,injured,50.0,2,True
False,,180.0,100901.3264971186,977.6781123904025,135.0,19,45,26,14,15,389.2042000134097,rolling,custom,demo_valley,3011,11,eps=0.4,photographer,35.0,2,True
False,,180.0,91763.32232877651,922.4412674676945,135.0,28,45,17,16,14,397.77300000241667,rolling,custom,demo_valley,3012,12,eps=0.4,hiker,60.0,2,True
True,129.0,180.0,68820.34722096595,688.0606615650149,98.0,20,32,12,11,11,378.7518999979511,rolling,custom,demo_valley,3013,13,eps=0.4,hiker,68.0,2,True
False,,180.0,116659.39806560188,1009.4727734080662,114.0,22,38,16,15,12,468.43709998029226,rolling,custom,demo_valley,3014,14,eps=0.4,hiker,58.0,2,True
False,,180.0,108431.0703389913,1005.1621737971709,123.0,22,41,19,15,14,249.33869999586022,rolling,custom,demo_valley,3015,15,eps=0.4,photographer,74.0,2,True
False,,180.0,115714.36823753946,1031.1843847031582,120.0,19,40,21,14,12,327.8355999791529,rolling,custom,demo_valley,3016,16,eps=0.4,desoriented,35.0,2,True
False,,180.0,89475.9014614073,909.7525406332385,135.0,28,45,17,16,14,523.4393999890017,rolling,custom,demo_valley,3017,17,eps=0.4,hiker,79.0,2,True
False,,180.0,100230.91768827013,976.4308227459865,135.0,26,45,19,14,15,546.5370000001712,rolling,custom,demo_valley,3018,18,eps=0.4,desoriented,37.0,2,True
False,,180.0,107584.18634482268,983.8092964618135,123.0,23,41,18,14,14,358.0736999920191,rolling,custom,demo_valley,3019,19,eps=0.4,hiker,90.0,2,True
False,,180.0,122611.75872565601,1007.3719406056578,105.0,16,35,19,15,11,500.9797000184335,rolling,custom,demo_valley,3020,20,eps=0.4,hiker,73.0,2,True
False,,180.0,103853.31829816438,987.7535096175527,132.0,18,44,26,14,15,452.4935000026744,rolling,custom,demo_valley,3021,21,eps=0.4,photographer,74.0,2,True
False,,180.0,109646.86270492914,1009.1123877190812,126.0,14,42,28,13,14,511.0086999848136,rolling,custom,demo_valley,3022,22,eps=0.4,photographer,87.0,2,True
False,,180.0,81791.65036437535,920.7220797204643,141.0,27,47,20,16,15,467.4574000036955,rolling,custom,demo_valley,3023,23,eps=0.4,hiker,60.0,2,True
True,99.0,180.0,56045.642508516656,528.252302027169,70.0,16,23,7,9,8,358.44520001046476,rolling,custom,demo_valley,3024,24,eps=0.4,photographer,72.0,2,True
False,,180.0,96079.59730626795,961.8511778275589,138.0,17,46,29,14,15,523.0073999955493,rolling,custom,demo_valley,3025,25,eps=0.4,photographer,71.0,2,True
False,,180.0,98051.87055862087,959.9146111148335,132.0,23,44,21,14,14,519.8518999914086,rolling,custom,demo_valley,3026,26,eps=0.4,desoriented,75.0,2,True
False,,180.0,113141.19980576634,1007.6414851189456,120.0,22,40,18,14,13,364.4972999973106,rolling,custom,demo_valley,3027,27,eps=0.4,desoriented,50.0,2,True
False,,180.0,87039.79484730397,918.9735966703458,141.0,27,47,20,15,15,543.8809000152105,rolling,custom,demo_valley,3028,28,eps=0.4,desoriented,73.0,2,True
False,,180.0,121273.82845673125,1022.2453491156077,111.0,22,37,15,14,12,252.1953999894322,rolling,custom,demo_valley,3029,29,eps=0.4,hiker,74.0,2,True
False,,180.0,94188.45732307396,959.2372861006274,135.0,21,45,24,14,14,497.7759000066726,rolling,custom,demo_valley,3030,30,eps=0.4,desoriented,62.0,2,True
False,,180.0,110891.98938168088,1003.552668563284,120.0,31,40,9,15,13,379.1115999683825,rolling,custom,demo_valley,3031,31,eps=0.4,injured,39.0,2,True
True,121.0,180.0,60557.220395977514,657.5773601891585,99.0,19,33,14,9,9,362.799200011068,rolling,custom,demo_valley,3032,32,eps=0.4,desoriented,55.0,2,True
False,,180.0,96504.28493828452,943.813296999256,129.0,26,43,17,15,14,436.0093000195775,rolling,custom,demo_valley,3033,33,eps=0.4,hiker,79.0,2,True
False,,180.0,83276.02918521763,901.9391025788182,135.0,22,45,23,18,14,270.4374999902939,rolling,custom,demo_valley,3034,34,eps=0.4,desoriented,89.0,2,True
False,,180.0,110006.4730941008,1015.5087261191572,123.0,20,41,21,15,13,458.5819000076299,rolling,custom,demo_valley,3035,35,eps=0.4,photographer,34.0,2,True
False,,180.0,78467.91344564818,895.4882574531439,139.0,18,46,28,17,15,561.2546999964252,rolling,custom,demo_valley,3036,36,eps=0.4,hiker,51.0,2,True
False,,180.0,103901.40036641558,964.6129314946504,120.0,29,40,11,15,13,434.13420000979386,rolling,custom,demo_valley,3037,37,eps=0.4,hiker,30.0,2,True
False,,180.0,105609.43584592869,985.7038414273343,126.0,25,42,17,14,14,416.67739998956677,rolling,custom,demo_valley,3038,38,eps=0.4,hiker,63.0,2,True
False,,180.0,98748.69153450202,965.5803787457088,129.0,24,43,19,14,14,474.35559999030374,rolling,custom,demo_valley,3039,39,eps=0.4,hiker,37.0,2,True
False,,180.0,110485.88573058524,1002.9394516175731,123.0,21,41,20,14,13,491.8028999945818,rolling,custom,demo_valley,3040,40,eps=0.4,desoriented,68.0,2,True
False,,180.0,95332.62772273208,935.3182734551931,132.0,24,44,20,17,14,458.71799999622453,rolling,custom,demo_valley,3041,41,eps=0.4,hiker,58.0,2,True
False,,180.0,89193.5088487292,919.5219027358025,138.0,30,46,16,16,15,471.9859999950131,rolling,custom,demo_valley,3042,42,eps=0.4,desoriented,58.0,2,True
False,,180.0,109754.24016484883,1005.9550144190076,120.0,19,40,21,16,13,466.68339999450836,rolling,custom,demo_valley,3043,43,eps=0.4,photographer,71.0,2,True
False,,180.0,65778.24949812028,886.4007617862742,159.0,17,53,36,16,17,504.844500004765,rolling,custom,demo_valley,3044,44,eps=0.4,photographer,89.0,2,True
False,,180.0,106355.98989990205,963.5596352791686,120.0,15,40,25,15,13,445.95209999715735,rolling,custom,demo_valley,3045,45,eps=0.4,photographer,68.0,2,True
False,,180.0,104944.38104939474,985.4460771681665,126.0,21,42,21,14,14,357.83540001102665,rolling,custom,demo_valley,3046,46,eps=0.4,hiker,61.0,2,True
False,,180.0,102332.51058031333,987.5418971908866,126.0,21,42,21,15,13,455.16410000709584,rolling,custom,demo_valley,3047,47,eps=0.4,photographer,39.0,2,True
False,,180.0,96034.98450170399,934.9537423095428,126.0,25,42,17,14,10,413.0085999968287,rolling,custom,demo_valley,3048,48,eps=0.4,hiker,43.0,2,True
False,,180.0,109896.21075567714,1013.6848881390573,123.0,23,41,18,15,13,502.0532000071398,rolling,custom,demo_valley,3049,49,eps=0.4,photographer,61.0,2,True
False,,180.0,117714.68220640176,1019.118245079517,117.0,24,39,15,14,12,307.5850999848626,rolling,custom,demo_valley,3050,50,eps=0.4,hiker,74.0,2,True
False,,180.0,114062.6653064102,997.4993374880692,114.0,31,38,7,15,13,354.9657999919873,rolling,custom,demo_valley,3051,51,eps=0.4,injured,56.0,2,True
True,169.0,180.0,90069.29368223109,885.5174905759843,125.0,23,41,18,16,14,438.36790000750625,rolling,custom,demo_valley,3052,52,eps=0.4,hiker,75.0,2,True
False,,180.0,80656.22064281357,933.6435725342055,149.0,19,49,30,15,16,496.7467999977089,rolling,custom,demo_valley,3053,53,eps=0.4,photographer,65.0,2,True
False,,180.0,76733.4109035871,892.034426614104,144.0,23,48,25,16,15,515.657200021451,rolling,custom,demo_valley,3054,54,eps=0.4,desoriented,40.0,2,True
False,,180.0,86762.97749583378,889.0812515130649,132.0,22,44,22,18,14,386.2871000019368,rolling,custom,demo_valley,3055,55,eps=0.4,desoriented,30.0,2,True
False,,180.0,96306.93359511829,921.3736472432558,126.0,22,42,20,15,13,447.9100999978982,rolling,custom,demo_valley,3056,56,eps=0.4,hiker,84.0,2,True
False,,180.0,102042.30094822522,978.567026384914,126.0,24,42,18,15,13,547.5440000009257,rolling,custom,demo_valley,3057,57,eps=0.4,hiker,89.0,2,True
False,,180.0,87895.7405292223,900.2239013978897,135.0,29,45,16,15,14,501.97629999274795,rolling,custom,demo_valley,3058,58,eps=0.4,hiker,72.0,2,True
False,,180.0,113107.27494086392,1020.0219342584478,123.0,20,41,21,14,13,294.4310000111727,rolling,custom,demo_valley,3059,59,eps=0.4,desoriented,50.0,2,True
False,,180.0,93985.51607009392,933.461057973303,132.0,34,44,10,17,14,496.5716999995493,rolling,custom,demo_valley,3060,60,eps=0.4,injured,71.0,2,True
False,,180.0,101820.76534987437,976.904798811345,129.0,24,43,19,15,14,487.77119999795104,rolling,custom,demo_valley,3061,61,eps=0.4,desoriented,55.0,2,True
True,5.0,180.0,4848.683298050514,40.09087955615594,3.0,1,1,0,0,1,111.85989999830781,rolling,custom,demo_valley,3062,62,eps=0.4,photographer,40.0,2,True
False,,180.0,123769.365980175,1020.7543134852843,108.0,20,36,16,15,12,414.17049998744915,rolling,custom,demo_valley,3063,63,eps=0.4,hiker,64.0,2,True
False,,180.0,76370.13344441207,883.0354770969639,141.0,34,47,13,16,15,467.28720000828616,rolling,custom,demo_valley,3064,64,eps=0.4,injured,65.0,2,True
False,,180.0,104541.68235214025,979.8369767697634,129.0,22,43,21,14,14,272.690000005241,rolling,custom,demo_valley,3065,65,eps=0.4,hiker,50.0,2,True
False,,180.0,102332.99483913707,1001.1208273350778,130.0,21,43,22,15,13,478.2513999980438,rolling,custom,demo_valley,3066,66,eps=0.4,photographer,38.0,2,True
False,,180.0,91947.9792115025,919.8430855187469,132.0,25,44,19,17,14,415.3659000166954,rolling,custom,demo_valley,3067,67,eps=0.4,desoriented,68.0,2,True
True,116.0,180.0,57519.06207527334,610.1267788157944,94.0,21,31,10,9,10,428.00980000356503,rolling,custom,demo_valley,3068,68,eps=0.4,hiker,84.0,2,True
False,,180.0,109174.67886106342,1003.1871816965204,123.0,22,41,19,15,14,564.1975000180537,rolling,custom,demo_valley,3069,69,eps=0.4,photographer,89.0,2,True
False,,180.0,96049.76413335778,940.4573798366243,132.0,22,44,22,17,14,499.112099989361,rolling,custom,demo_valley,3070,70,eps=0.4,photographer,88.0,2,True
False,,180.0,66050.01729136155,854.2181525586557,147.0,32,49,17,17,16,428.5199999867473,rolling,custom,demo_valley,3071,71,eps=0.4,injured,45.0,2,True
False,,180.0,74461.08884321284,880.2169809077973,141.0,20,47,27,17,15,407.76769999138196,rolling,custom,demo_valley,3072,72,eps=0.4,hiker,32.0,2,True
False,,180.0,95577.71113695641,958.3792489091487,138.0,23,46,23,14,15,265.9672000008868,rolling,custom,demo_valley,3073,73,eps=0.4,desoriented,52.0,2,True
True,117.0,180.0,55973.38628711699,605.0285987174661,94.0,22,31,9,10,10,372.3971000090387,rolling,custom,demo_valley,3074,74,eps=0.4,hiker,46.0,2,True
False,,180.0,74924.89594972087,885.4462736779358,142.0,22,47,25,17,15,498.7002999987453,rolling,custom,demo_valley,3075,75,eps=0.4,hiker,62.0,2,True
False,,180.0,92532.11223773642,929.4690396419154,135.0,16,45,29,16,15,343.14189998985967,rolling,custom,demo_valley,3076,76,eps=0.4,photographer,62.0,2,True
False,,180.0,90981.40691794867,924.1690529013258,138.0,27,46,19,15,15,473.01819999847794,rolling,custom,demo_valley,3077,77,eps=0.4,hiker,47.0,2,True
False,,180.0,97992.04698145647,971.6967874312082,138.0,24,46,22,14,15,289.31619999821123,rolling,custom,demo_valley,3078,78,eps=0.4,desoriented,59.0,2,True
False,,180.0,90275.1281092808,935.0024984093582,135.0,27,45,18,16,14,361.8810000043595,rolling,custom,demo_valley,3079,79,eps=0.4,desoriented,46.0,2,True
False,,180.0,89032.67060384295,916.4352194405501,138.0,24,46,22,16,14,461.1822999886499,rolling,custom,demo_valley,3080,80,eps=0.4,hiker,84.0,2,True
True,106.0,180.0,50349.895167666444,546.7676279171624,84.0,21,28,7,9,9,403.53220000361034,rolling,custom,demo_valley,3081,81,eps=0.4,hiker,56.0,2,True
False,,180.0,90651.69594736633,922.5374948609821,135.0,30,45,15,16,14,477.2588000159885,rolling,custom,demo_valley,3082,82,eps=0.4,hiker,61.0,2,True
True,97.0,180.0,50295.02487504766,518.4611964008723,75.0,19,25,6,9,9,435.15210000259685,rolling,custom,demo_valley,3083,83,eps=0.4,desoriented,65.0,2,True
False,,180.0,86694.01240062842,915.4274862189383,141.0,22,47,25,16,15,483.74939998757327,rolling,custom,demo_valley,3084,84,eps=0.4,desoriented,36.0,2,True
False,,180.0,95136.8080113793,946.3862230693314,135.0,19,45,26,16,13,419.91360000974964,rolling,custom,demo_valley,3085,85,eps=0.4,photographer,40.0,2,True
False,,180.0,89159.92962060912,943.6172433937023,138.0,25,46,21,15,15,499.26870002127544,rolling,custom,demo_valley,3086,86,eps=0.4,hiker,49.0,2,True
False,,180.0,73365.6789085441,874.5290483609532,142.0,19,47,28,17,14,358.2903000060469,rolling,custom,demo_valley,3087,87,eps=0.4,hiker,30.0,2,True
True,7.0,180.0,5289.8667713624545,48.8795814448972,5.0,1,1,0,0,1,125.13980000221636,rolling,custom,demo_valley,3088,88,eps=0.4,desoriented,53.0,2,True
False,,180.0,87060.44070766005,918.3471324009155,135.0,23,45,22,17,14,523.1685000035213,rolling,custom,demo_valley,3089,89,eps=0.4,desoriented,59.0,2,True
False,,180.0,98304.38290703183,947.5723047538038,132.0,32,44,12,15,14,492.1467999847664,rolling,custom,demo_valley,3090,90,eps=0.4,injured,31.0,2,True
False,,180.0,83925.25383305928,908.95250106251,138.0,23,46,23,16,15,560.9019999938027,rolling,custom,demo_valley,3091,91,eps=0.4,desoriented,49.0,2,True
True,112.0,180.0,60959.71522102744,612.4656607602585,89.0,20,29,9,8,7,409.82020000592456,rolling,custom,demo_valley,3092,92,eps=0.4,hiker,41.0,2,True
False,,180.0,102609.03518531003,983.7909099511585,132.0,23,44,21,14,14,454.801400004726,rolling,custom,demo_valley,3093,93,eps=0.4,desoriented,63.0,2,True
True,40.0,180.0,19764.49460566407,207.46352454276035,32.0,7,10,3,3,3,193.51539999661327,rolling,custom,demo_valley,3094,94,eps=0.4,desoriented,37.0,2,True
False,,180.0,95278.56726933365,956.3768170846467,138.0,26,46,20,15,15,527.5945999946998,rolling,custom,demo_valley,3095,95,eps=0.4,desoriented,37.0,2,True
True,13.0,180.0,7277.460666338218,81.34501385202122,13.0,4,4,0,0,1,158.31860000071174,rolling,custom,demo_valley,3096,96,eps=0.4,desoriented,57.0,2,True
False,,180.0,99130.28841357864,959.1421776381205,134.0,25,44,19,16,15,416.1509999921691,rolling,custom,demo_valley,3097,97,eps=0.4,desoriented,77.0,2,True
False,,180.0,101548.6749672627,988.2640861474906,127.0,30,42,12,15,13,233.35380000389705,rolling,custom,demo_valley,3098,98,eps=0.4,hiker,83.0,2,True
False,,180.0,91299.54188627584,927.8584268983122,138.0,25,46,21,16,14,530.8940000049915,rolling,custom,demo_valley,3099,99,eps=0.4,hiker,79.0,2,True
False,,180.0,97281.92142407727,928.8928241510154,126.0,18,42,24,17,13,408.45249999620137,rolling,custom,demo_valley,3000,0,eps=0.6,photographer,66.0,2,True
False,,180.0,110751.2865708067,990.7943204775556,117.0,31,39,8,14,12,516.5721999819652,rolling,custom,demo_valley,3001,1,eps=0.6,injured,35.0,2,True
False,,180.0,122180.40339014979,1021.4589909885751,111.0,24,37,13,14,12,384.20290001886315,rolling,custom,demo_valley,3002,2,eps=0.6,hiker,61.0,2,True
False,,180.0,105862.71573069014,978.5211463027157,120.0,27,40,13,16,13,308.0899999731628,rolling,custom,demo_valley,3003,3,eps=0.6,hiker,31.0,2,True
False,,180.0,110149.81719394535,1010.5676066321578,126.0,12,42,30,13,14,509.2425000038929,rolling,custom,demo_valley,3004,4,eps=0.6,photographer,74.0,2,True
False,,180.0,97945.8406633586,972.8027503006217,138.0,22,46,24,14,15,455.0941000070452,rolling,custom,demo_valley,3005,5,eps=0.6,desoriented,38.0,2,True
False,,180.0,104309.54307641437,978.8579325929779,123.0,32,41,9,15,13,465.85939999931725,rolling,custom,demo_valley,3006,6,eps=0.6,injured,52.0,2,True
False,,180.0,94421.53911363345,945.7999869884607,135.0,26,45,19,16,15,522.7429999886226,rolling,custom,demo_valley,3007,7,eps=0.6,hiker,36.0,2,True
False,,180.0,128198.73742309044,1018.7900803510789,99.0,22,33,11,15,11,475.9250000006432,rolling,custom,demo_valley,3008,8,eps=0.6,photographer,88.0,2,True
True,136.0,180.0,78471.1404962453,741.7386898355362,99.0,27,32,5,11,11,372.5370999909501,rolling,custom,demo_valley,3009,9,eps=0.6,hiker,76.0,2,True
False,,180.0,98778.13769963107,937.2455430354255,126.0,29,42,13,15,13,531.5143999978318,rolling,custom,demo_valley,3010,10,eps=0.6,injured,50.0,2,True
False,,180.0,95019.01667221703,923.9328220513742,129.0,16,43,27,15,14,443.07030000891245,rolling,custom,demo_valley,3011,11,eps=0.6,photographer,35.0,2,True
False,,180.0,90268.43507038956,925.2946328660719,138.0,30,46,16,16,15,475.1478000107454,rolling,custom,demo_valley,3012,12,eps=0.6,hiker,60.0,2,True
True,103.0,180.0,57277.85002059641,556.8275514275513,77.0,23,25,2,8,8,400.9592999900633,rolling,custom,demo_valley,3013,13,eps=0.6,hiker,68.0,2,True
False,,180.0,117834.95141647018,982.5560949569071,105.0,24,35,11,15,11,539.5285000140575,rolling,custom,demo_valley,3014,14,eps=0.6,hiker,58.0,2,True
False,,180.0,108140.94101805484,996.4562427267794,120.0,24,40,16,15,13,267.84709998537437,rolling,custom,demo_valley,3015,15,eps=0.6,photographer,74.0,2,True
False,,180.0,117168.75857238835,1024.0066832012958,117.0,21,39,18,14,12,363.36940001092444,rolling,custom,demo_valley,3016,16,eps=0.6,desoriented,35.0,2,True
False,,180.0,93421.09008777485,921.5610301071664,132.0,27,44,17,16,14,533.0858000052103,rolling,custom,demo_valley,3017,17,eps=0.6,hiker,79.0,2,True
False,,180.0,97355.11873902778,969.7698268423255,138.0,24,46,22,14,15,571.7563000071095,rolling,custom,demo_valley,3018,18,eps=0.6,desoriented,37.0,2,True
False,,180.0,121497.22956325387,1018.7844647835332,108.0,29,36,7,14,10,304.74669999966864,rolling,custom,demo_valley,3019,19,eps=0.6,hiker,90.0,2,True
False,,180.0,121649.96287283963,994.3723077112068,102.0,19,34,15,15,11,516.2910000053671,rolling,custom,demo_valley,3020,20,eps=0.6,hiker,73.0,2,True
False,,180.0,103348.73525579066,975.2954738441196,129.0,14,43,29,15,14,475.47460000714636,rolling,custom,demo_valley,3021,21,eps=0.6,photographer,74.0,2,True
False,,180.0,109949.13784038395,1010.4206887807698,126.0,16,42,26,13,14,507.85849999920174,rolling,custom,demo_valley,3022,22,eps=0.6,photographer,87.0,2,True
False,,180.0,127571.06018455062,999.0564033250955,96.0,23,32,9,15,9,427.85309999089804,rolling,custom,demo_valley,3023,23,eps=0.6,hiker,60.0,2,True
True,68.0,180.0,37518.26847612173,356.49895947656603,49.0,12,16,4,6,5,291.7806999939785,rolling,custom,demo_valley,3024,24,eps=0.6,photographer,72.0,2,True
True,141.0,180.0,74712.75014009769,757.5409235401553,111.0,15,37,22,11,12,475.3234999934648,rolling,custom,demo_valley,3025,25,eps=0.6,photographer,71.0,2,True
False,,180.0,106417.53273493181,985.5804607533853,123.0,27,41,14,14,10,426.10150001019065,rolling,custom,demo_valley,3026,26,eps=0.6,desoriented,75.0,2,True
False,,180.0,117737.94095481628,1028.9905289159026,117.0,21,39,18,14,13,356.5185999850655,rolling,custom,demo_valley,3027,27,eps=0.6,desoriented,50.0,2,True
False,,180.0,96225.72602475507,960.7228131717777,138.0,24,46,22,15,15,488.88150000311725,rolling,custom,demo_valley,3028,28,eps=0.6,desoriented,73.0,2,True
False,,180.0,120888.56284529186,1029.8251360075278,114.0,23,38,15,14,13,258.60089999878255,rolling,custom,demo_valley,3029,29,eps=0.6,hiker,74.0,2,True
False,,180.0,102415.55802045137,977.3100326364454,126.0,23,42,19,15,14,483.0423999865161,rolling,custom,demo_valley,3030,30,eps=0.6,desoriented,62.0,2,True
False,,180.0,120026.69397231613,1026.0000702500947,114.0,34,38,4,14,12,360.7101999932638,rolling,custom,demo_valley,3031,31,eps=0.6,injured,39.0,2,True
True,68.0,180.0,32075.071534213683,359.095692222876,57.0,14,19,5,5,6,293.8884000031976,rolling,custom,demo_valley,3032,32,eps=0.6,desoriented,55.0,2,True
False,,180.0,121812.32084499641,988.2239551927576,102.0,28,34,6,14,10,407.97639999982493,rolling,custom,demo_valley,3033,33,eps=0.6,hiker,79.0,2,True
False,,180.0,109496.50171277515,977.2917664749925,117.0,26,39,13,14,12,254.8033999846666,rolling,custom,demo_valley,3034,34,eps=0.6,desoriented,89.0,2,True
False,,180.0,109687.53146508144,1005.3222123796812,120.0,21,40,19,16,13,444.6154999968712,rolling,custom,demo_valley,3035,35,eps=0.6,photographer,34.0,2,True
False,,180.0,123151.66329964457,980.2995751350047,96.0,19,32,13,15,10,501.53289998706896,rolling,custom,demo_valley,3036,36,eps=0.6,hiker,51.0,2,True
False,,180.0,107568.99973441528,988.9179874139661,120.0,25,40,15,16,13,382.04769999902055,rolling,custom,demo_valley,3037,37,eps=0.6,hiker,30.0,2,True
False,,180.0,118539.71451073975,1002.9464684212497,111.0,29,37,8,15,11,379.70830000267597,rolling,custom,demo_valley,3038,38,eps=0.6,hiker,63.0,2,True
False,,180.0,108478.23936297477,1002.4319151383911,122.0,28,40,12,14,12,478.7444999874424,rolling,custom,demo_valley,3039,39,eps=0.6,hiker,37.0,2,True
False,,180.0,115967.96448177255,1013.384276422414,119.0,18,39,21,14,13,461.67979999881936,rolling,custom,demo_valley,3040,40,eps=0.6,desoriented,68.0,2,True
False,,180.0,95131.58355363103,932.6517759153335,132.0,27,44,17,17,14,444.4428000024345,rolling,custom,demo_valley,3041,41,eps=0.6,hiker,58.0,2,True
False,,180.0,98629.74200306524,929.5148182284538,126.0,23,42,19,16,13,464.6182999986195,rolling,custom,demo_valley,3042,42,eps=0.6,desoriented,58.0,2,True
False,,180.0,102147.29199201855,987.850106550618,127.0,23,42,19,15,14,477.2544000079506,rolling,custom,demo_valley,3043,43,eps=0.6,photographer,71.0,2,True
False,,180.0,118128.23105211207,1010.1540930013099,114.0,19,38,19,13,12,407.64740001031896,rolling,custom,demo_valley,3044,44,eps=0.6,photographer,89.0,2,True
False,,180.0,104906.25726597753,993.8035740628666,132.0,16,44,28,14,14,429.8831999913091,rolling,custom,demo_valley,3045,45,eps=0.6,photographer,68.0,2,True
False,,180.0,112498.34346909246,1003.6659496065947,117.0,28,39,11,15,13,381.34750001700013,rolling,custom,demo_valley,3046,46,eps=0.6,hiker,61.0,2,True
False,,180.0,107856.56779970726,1003.1477505876973,123.0,23,41,18,15,13,457.4434000060137,rolling,custom,demo_valley,3047,47,eps=0.6,photographer,39.0,2,True
False,,180.0,106596.21203358093,994.5530903207655,123.0,32,41,9,14,13,387.9084999916813,rolling,custom,demo_valley,3048,48,eps=0.6,hiker,43.0,2,True
False,,180.0,108615.33551800484,985.515642288671,117.0,24,39,15,16,12,515.2488999974594,rolling,custom,demo_valley,3049,49,eps=0.6,photographer,61.0,2,True
False,,180.0,116184.81891542958,968.9599002663056,105.0,22,35,13,15,10,328.8553999955184,rolling,custom,demo_valley,3050,50,eps=0.6,hiker,74.0,2,True
False,,180.0,118694.34249723815,1021.0493288555576,114.0,31,38,7,14,13,377.4293000005855,rolling,custom,demo_valley,3051,51,eps=0.6,injured,56.0,2,True
True,107.0,180.0,51385.667920586086,554.3903661542234,85.0,21,28,7,9,9,410.2747999895655,rolling,custom,demo_valley,3052,52,eps=0.6,hiker,75.0,2,True
False,,180.0,115677.28927348886,999.4759741270154,114.0,18,38,20,14,12,429.85549999684736,rolling,custom,demo_valley,3053,53,eps=0.6,photographer,65.0,2,True
False,,180.0,106033.93725167893,953.3039458927947,117.0,25,39,14,15,12,449.30260000728595,rolling,custom,demo_valley,3054,54,eps=0.6,desoriented,40.0,2,True
False,,180.0,88090.30538176946,904.4690412792874,135.0,26,45,19,16,14,394.52080000592105,rolling,custom,demo_valley,3055,55,eps=0.6,desoriented,30.0,2,True
False,,180.0,98820.83908006479,938.4463506701984,129.0,22,43,21,15,13,418.36489999514015,rolling,custom,demo_valley,3056,56,eps=0.6,hiker,84.0,2,True
False,,180.0,106378.37114698767,969.9473585332205,117.0,26,39,13,16,12,531.1566999844217,rolling,custom,demo_valley,3057,57,eps=0.6,hiker,89.0,2,True
False,,180.0,87014.60921040509,918.1821918426685,141.0,26,47,21,15,15,511.3074000055349,rolling,custom,demo_valley,3058,58,eps=0.6,hiker,72.0,2,True
False,,180.0,107800.06959987871,985.2486996387963,123.0,19,41,22,14,13,313.8290000097186,rolling,custom,demo_valley,3059,59,eps=0.6,desoriented,50.0,2,True
True,173.0,180.0,92998.30357645241,893.2692781981093,122.0,31,40,9,17,14,479.02630000135105,rolling,custom,demo_valley,3060,60,eps=0.6,injured,71.0,2,True
False,,180.0,103636.26788983977,981.4133384843236,126.0,27,42,15,15,13,456.70659999268537,rolling,custom,demo_valley,3061,61,eps=0.6,desoriented,55.0,2,True
False,,180.0,90571.0485092298,916.7898610415727,132.0,20,44,24,18,14,393.3989000179281,rolling,custom,demo_valley,3062,62,eps=0.6,photographer,40.0,2,True
False,,180.0,123261.45015360569,1034.5033904132285,111.0,23,37,14,14,12,418.93569999956526,rolling,custom,demo_valley,3063,63,eps=0.6,hiker,64.0,2,True
False,,180.0,119130.92068448948,1005.5710600065825,110.0,31,36,5,15,12,324.80149998445995,rolling,custom,demo_valley,3064,64,eps=0.6,injured,65.0,2,True
False,,180.0,109648.75064568274,992.6002768156636,126.0,27,42,15,15,14,234.50540000885667,rolling,custom,demo_valley,3065,65,eps=0.6,hiker,50.0,2,True
False,,180.0,108077.36366371815,1005.38954054418,123.0,20,41,21,15,14,451.8749999933789,rolling,custom,demo_valley,3066,66,eps=0.6,photographer,38.0,2,True
False,,180.0,89793.44927150097,918.2616763316757,135.0,25,45,20,17,15,390.6094000176381,rolling,custom,demo_valley,3067,67,eps=0.6,desoriented,68.0,2,True
True,60.0,180.0,29710.68363243223,320.8683808933622,49.0,13,16,3,4,5,266.9138000073872,rolling,custom,demo_valley,3068,68,eps=0.6,hiker,84.0,2,True
False,,180.0,101507.47694499818,973.2335210701594,126.0,23,42,19,16,12,539.5258999942598,rolling,custom,demo_valley,3069,69,eps=0.6,photographer,89.0,2,True
False,,180.0,97790.37943247095,950.3921526466554,132.0,19,44,25,16,14,439.62069999906817,rolling,custom,demo_valley,3070,70,eps=0.6,photographer,88.0,2,True
False,,180.0,121928.08556445388,1009.3050535081943,105.0,31,35,4,15,12,326.68510000985407,rolling,custom,demo_valley,3071,71,eps=0.6,injured,45.0,2,True
False,,180.0,124097.30759659986,997.9379734746301,99.0,21,33,12,16,10,384.5069000053627,rolling,custom,demo_valley,3072,72,eps=0.6,hiker,32.0,2,True
False,,180.0,94024.20101673785,950.2005181685674,138.0,27,46,19,15,15,317.4745999986044,rolling,custom,demo_valley,3073,73,eps=0.6,desoriented,52.0,2,True
False,,180.0,90810.2481985887,930.4328419793422,138.0,30,46,16,16,15,420.53650000161724,rolling,custom,demo_valley,3074,74,eps=0.6,hiker,46.0,2,True
False,,180.0,123091.51328020726,1006.9058403191907,105.0,23,35,12,15,11,455.0367999909213,rolling,custom,demo_valley,3075,75,eps=0.6,hiker,62.0,2,True
True,31.0,180.0,18359.076376641402,181.80193455360717,24.0,6,8,2,2,2,131.5840000024764,rolling,custom,demo_valley,3076,76,eps=0.6,photographer,62.0,2,True
False,,180.0,95923.17584399073,961.1222073949342,138.0,25,46,21,15,15,468.43519999674754,rolling,custom,demo_valley,3077,77,eps=0.6,hiker,47.0,2,True
False,,180.0,91952.32380655206,930.7561324481198,135.0,26,45,19,14,14,361.9202000045334,rolling,custom,demo_valley,3078,78,eps=0.6,desoriented,59.0,2,True
False,,180.0,111927.90775331508,1009.7470684541915,123.0,28,41,13,14,13,357.1246999890718,rolling,custom,demo_valley,3079,79,eps=0.6,desoriented,46.0,2,True
False,,180.0,89975.75227596631,902.1168912664186,132.0,22,44,22,17,14,484.65040000519366,rolling,custom,demo_valley,3080,80,eps=0.6,hiker,84.0,2,True
False,,180.0,92934.89456209242,906.2498262456486,129.0,27,43,16,17,14,471.64859999975306,rolling,custom,demo_valley,3081,81,eps=0.6,hiker,56.0,2,True
True,175.0,180.0,85563.66633758644,899.5481310190638,135.0,29,45,16,16,15,510.9716000042681,rolling,custom,demo_valley,3082,82,eps=0.6,hiker,61.0,2,True
False,,180.0,108314.9445374069,973.5535857293742,123.0,23,41,18,16,12,507.9816000034043,rolling,custom,demo_valley,3083,83,eps=0.6,desoriented,65.0,2,True
True,104.0,180.0,48601.535348031204,533.2358835720494,84.0,18,28,10,9,9,430.0039999998262,rolling,custom,demo_valley,3084,84,eps=0.6,desoriented,36.0,2,True
False,,180.0,94728.96302285313,945.3680244921782,135.0,20,45,25,17,15,424.06340001798526,rolling,custom,demo_valley,3085,85,eps=0.6,photographer,40.0,2,True
False,,180.0,126965.87771020486,1028.0434638332597,105.0,26,35,9,14,10,384.71829998889007,rolling,custom,demo_valley,3086,86,eps=0.6,hiker,49.0,2,True
False,,180.0,90858.5217285562,893.7950082090281,120.0,24,40,16,17,13,385.7535000115604,rolling,custom,demo_valley,3087,87,eps=0.6,hiker,30.0,2,True
False,,180.0,83624.37383078263,882.1542044632474,135.0,24,45,21,16,14,445.6172000227525,rolling,custom,demo_valley,3088,88,eps=0.6,desoriented,53.0,2,True
True,53.0,180.0,38484.3809274309,304.97222418276647,30.0,7,9,2,4,4,320.9584000032919,rolling,custom,demo_valley,3089,89,eps=0.6,desoriented,59.0,2,True
False,,180.0,103653.58782449306,949.4343657549077,123.0,32,41,9,16,13,490.9004000001005,rolling,custom,demo_valley,3090,90,eps=0.6,injured,31.0,2,True
False,,180.0,102527.05764951011,945.468820974258,120.0,29,40,11,15,13,519.6521999878314,rolling,custom,demo_valley,3091,91,eps=0.6,desoriented,49.0,2,True
True,84.0,180.0,47165.418192110206,463.43683043980604,64.0,16,21,5,6,7,362.26640000859334,rolling,custom,demo_valley,3092,92,eps=0.6,hiker,41.0,2,True
False,,180.0,101518.08126761098,975.2792697946896,132.0,21,44,23,14,14,455.62410000093223,rolling,custom,demo_valley,3093,93,eps=0.6,desoriented,63.0,2,True
False,,180.0,110860.56761953623,1006.6720986394703,123.0,21,41,20,13,13,387.8298999788967,rolling,custom,demo_valley,3094,94,eps=0.6,desoriented,37.0,2,True
False,,180.0,90399.99244480304,919.655912205294,135.0,24,45,21,15,14,549.0451999976358,rolling,custom,demo_valley,3095,95,eps=0.6,desoriented,37.0,2,True
False,,180.0,118148.78312577691,1031.393648799095,117.0,20,39,19,14,11,472.96290000304,rolling,custom,demo_valley,3096,96,eps=0.6,desoriented,57.0,2,True
False,,180.0,90076.53858894561,928.2227847357922,141.0,29,47,18,16,16,444.32919998325815,rolling,custom,demo_valley,3097,97,eps=0.6,desoriented,77.0,2,True
False,,180.0,104769.92908498555,981.6364920229207,123.0,28,41,13,15,14,266.677300009178,rolling,custom,demo_valley,3098,98,eps=0.6,hiker,83.0,2,True
True,175.0,180.0,85544.86980528268,898.4576564511298,135.0,29,45,16,16,15,542.6980999927764,rolling,custom,demo_valley,3099,99,eps=0.6,hiker,79.0,2,True
False,,180.0,100293.52697072334,962.9376393545278,132.0,18,44,26,16,14,395.92150001953996,rolling,custom,demo_valley,3000,0,eps=0.8,photographer,66.0,2,True
False,,180.0,111608.60502074218,1008.9161402837233,120.0,35,40,5,14,12,512.4284999965312,rolling,custom,demo_valley,3001,1,eps=0.8,injured,35.0,2,True
False,,180.0,131763.7806989518,1016.3356419507325,96.0,24,32,8,15,10,357.1163000033266,rolling,custom,demo_valley,3002,2,eps=0.8,hiker,61.0,2,True
False,,180.0,102288.02524923204,985.2626263148834,129.0,31,43,12,15,14,349.04600000663777,rolling,custom,demo_valley,3003,3,eps=0.8,hiker,31.0,2,True
False,,180.0,111073.64230814006,960.2034659617323,111.0,16,37,21,15,12,546.8746000096871,rolling,custom,demo_valley,3004,4,eps=0.8,photographer,74.0,2,True
False,,180.0,102109.11937295433,986.7049885298832,135.0,29,45,16,14,14,477.69279999374703,rolling,custom,demo_valley,3005,5,eps=0.8,desoriented,38.0,2,True
False,,180.0,99336.85830825339,967.4807183773651,129.0,35,43,8,15,14,488.9641000027041,rolling,custom,demo_valley,3006,6,eps=0.8,injured,52.0,2,True
True,84.0,180.0,37904.00991703008,432.52295630813364,69.0,16,22,6,7,8,452.9612999922392,rolling,custom,demo_valley,3007,7,eps=0.8,hiker,36.0,2,True
False,,180.0,109389.82497825575,972.4749394298949,117.0,18,39,21,15,12,537.4817000028997,rolling,custom,demo_valley,3008,8,eps=0.8,photographer,88.0,2,True
False,,180.0,108526.09784793865,984.9515799560102,126.0,33,42,9,15,14,396.68190000520553,rolling,custom,demo_valley,3009,9,eps=0.8,hiker,76.0,2,True
False,,180.0,116257.2727572716,984.7528216610705,114.0,34,38,4,14,12,450.3105000076175,rolling,custom,demo_valley,3010,10,eps=0.8,injured,50.0,2,True
False,,180.0,101370.71015176176,944.085531672563,123.0,18,41,23,16,13,411.6510000094422,rolling,custom,demo_valley,3011,11,eps=0.8,photographer,35.0,2,True
False,,180.0,91932.73815416048,923.281063734222,135.0,28,45,17,17,14,398.9925000023504,rolling,custom,demo_valley,3012,12,eps=0.8,hiker,60.0,2,True
False,,180.0,95586.59033379974,933.4940624870811,132.0,30,44,14,16,14,420.6110999966768,rolling,custom,demo_valley,3013,13,eps=0.8,hiker,68.0,2,True
False,,180.0,128285.04557719824,1035.6559872627504,104.0,25,34,9,14,11,421.5995000049588,rolling,custom,demo_valley,3014,14,eps=0.8,hiker,58.0,2,True
False,,180.0,100883.54500444574,969.004353281763,129.0,24,43,19,15,13,212.90690001296753,rolling,custom,demo_valley,3015,15,eps=0.8,photographer,74.0,2,True
False,,180.0,113277.47332743468,1022.4770386875562,126.0,23,42,19,14,12,325.1562999885209,rolling,custom,demo_valley,3016,16,eps=0.8,desoriented,35.0,2,True
False,,180.0,89853.24066290731,917.7838423867513,135.0,24,45,21,17,14,489.4285999907879,rolling,custom,demo_valley,3017,17,eps=0.8,hiker,79.0,2,True
False,,180.0,97241.93851696406,956.9304026605514,135.0,24,45,21,15,14,521.6935000025842,rolling,custom,demo_valley,3018,18,eps=0.8,desoriented,37.0,2,True
False,,180.0,121769.63193962688,1005.5650478999529,105.0,23,35,12,15,12,301.3522000037483,rolling,custom,demo_valley,3019,19,eps=0.8,hiker,90.0,2,True
False,,180.0,128209.3201987738,1037.7694283280116,108.0,25,36,11,15,11,442.7947999975004,rolling,custom,demo_valley,3020,20,eps=0.8,hiker,73.0,2,True
False,,180.0,98145.9323698947,933.8200301048864,126.0,17,42,25,16,13,413.7344999999186,rolling,custom,demo_valley,3021,21,eps=0.8,photographer,74.0,2,True
False,,180.0,104842.91180010754,953.6879025165796,120.0,21,40,19,14,13,522.2875999952521,rolling,custom,demo_valley,3022,22,eps=0.8,photographer,87.0,2,True
False,,180.0,132672.74790609328,1015.8388494333817,93.0,21,31,10,15,10,353.1822999975702,rolling,custom,demo_valley,3023,23,eps=0.8,hiker,60.0,2,True
True,68.0,180.0,38458.05738856121,360.27180432726345,49.0,12,16,4,6,5,276.30880000651814,rolling,custom,demo_valley,3024,24,eps=0.8,photographer,72.0,2,True
False,,180.0,107667.31849052437,991.216027355309,126.0,15,42,27,16,14,490.1086000245414,rolling,custom,demo_valley,3025,25,eps=0.8,photographer,71.0,2,True
False,,180.0,105808.47105746213,996.7197801146579,129.0,30,43,13,14,14,478.0694999935804,rolling,custom,demo_valley,3026,26,eps=0.8,desoriented,75.0,2,True
False,,180.0,124548.94073034133,1007.0154873193119,102.0,26,34,8,16,11,326.3355999824853,rolling,custom,demo_valley,3027,27,eps=0.8,desoriented,50.0,2,True
False,,180.0,99626.82470399872,948.4457642704001,129.0,22,43,21,16,14,466.2927000026684,rolling,custom,demo_valley,3028,28,eps=0.8,desoriented,73.0,2,True
False,,180.0,130393.54355337637,1012.9115778814256,99.0,20,33,13,15,11,244.16260000361945,rolling,custom,demo_valley,3029,29,eps=0.8,hiker,74.0,2,True
False,,180.0,97142.97833188756,975.6406053071235,135.0,33,45,12,15,14,564.4650000085676,rolling,custom,demo_valley,3030,30,eps=0.8,desoriented,62.0,2,True
False,,180.0,124814.8355773486,1021.2573706786625,108.0,33,36,3,14,11,379.89800000650575,rolling,custom,demo_valley,3031,31,eps=0.8,injured,39.0,2,True
False,,180.0,95844.89690413412,967.3329394067931,133.0,27,44,17,15,13,418.1071999937558,rolling,custom,demo_valley,3032,32,eps=0.8,desoriented,55.0,2,True
False,,180.0,130880.63510177567,1014.8310897981951,96.0,24,32,8,15,9,379.35789998846303,rolling,custom,demo_valley,3033,33,eps=0.8,hiker,79.0,2,True
False,,180.0,122433.8352902934,1028.8617988408987,111.0,26,37,11,14,12,210.39689999270195,rolling,custom,demo_valley,3034,34,eps=0.8,desoriented,89.0,2,True
False,,180.0,102154.16254602712,979.9715650307,131.0,25,43,18,15,13,487.0732000144926,rolling,custom,demo_valley,3035,35,eps=0.8,photographer,34.0,2,True
False,,180.0,139230.0368307121,1031.727890396694,87.0,22,29,7,15,7,423.1330000093294,rolling,custom,demo_valley,3036,36,eps=0.8,hiker,51.0,2,True
False,,180.0,95444.42008631118,954.1401450503544,132.0,29,44,15,16,13,448.199399996156,rolling,custom,demo_valley,3037,37,eps=0.8,hiker,30.0,2,True
False,,180.0,122815.52831630701,1000.2201913241122,102.0,29,34,5,15,11,420.47430000820896,rolling,custom,demo_valley,3038,38,eps=0.8,hiker,63.0,2,True
False,,180.0,105198.41600741132,975.1772570160206,120.0,30,40,10,15,13,534.6004000039102,rolling,custom,demo_valley,3039,39,eps=0.8,hiker,37.0,2,True
False,,180.0,106078.76175923241,990.5897127240949,129.0,28,43,15,14,14,518.262000003233,rolling,custom,demo_valley,3040,40,eps=0.8,desoriented,68.0,2,True
False,,180.0,92628.03669551892,918.5560578345483,132.0,28,44,16,17,14,506.9186999953672,rolling,custom,demo_valley,3041,41,eps=0.8,hiker,58.0,2,True
False,,180.0,96236.5127742666,946.740957218205,134.0,26,44,18,16,15,493.1399000033707,rolling,custom,demo_valley,3042,42,eps=0.8,desoriented,58.0,2,True
False,,180.0,94518.68980588266,941.983191984501,132.0,24,44,20,16,14,550.2383999992162,rolling,custom,demo_valley,3043,43,eps=0.8,photographer,71.0,2,True
False,,180.0,124763.19017000412,1003.1989049492854,102.0,18,34,16,14,11,457.7588000047399,rolling,custom,demo_valley,3044,44,eps=0.8,photographer,89.0,2,True
False,,180.0,91828.11055506975,931.0288198167761,135.0,19,45,26,15,14,567.3714999920776,rolling,custom,demo_valley,3045,45,eps=0.8,photographer,68.0,2,True
False,,180.0,119496.70253346233,1009.1407290279653,111.0,27,37,10,15,12,458.068900014041,rolling,custom,demo_valley,3046,46,eps=0.8,hiker,61.0,2,True
False,,180.0,102198.60548690712,990.8940337661953,132.0,22,44,22,15,14,515.3180000070279,rolling,custom,demo_valley,3047,47,eps=0.8,photographer,39.0,2,True
False,,180.0,111663.22866406824,990.8121461826422,117.0,26,39,13,15,13,474.0619000094739,rolling,custom,demo_valley,3048,48,eps=0.8,hiker,43.0,2,True
False,,180.0,102142.3500601018,980.365358493742,129.0,20,43,23,15,13,606.6543000088132,rolling,custom,demo_valley,3049,49,eps=0.8,photographer,61.0,2,True
False,,180.0,125902.66667535005,1019.7209810237796,108.0,25,36,11,15,12,329.3968999914796,rolling,custom,demo_valley,3050,50,eps=0.8,hiker,74.0,2,True
False,,180.0,122247.1241702579,1004.5002101700418,108.0,30,36,6,15,11,371.2729000071704,rolling,custom,demo_valley,3051,51,eps=0.8,injured,56.0,2,True
True,112.0,180.0,57009.37636045322,569.1805415238407,82.0,19,27,8,11,10,400.3792999938014,rolling,custom,demo_valley,3052,52,eps=0.8,hiker,75.0,2,True
False,,180.0,122327.07741875813,989.6110938850439,102.0,17,34,17,15,11,391.4381000031426,rolling,custom,demo_valley,3053,53,eps=0.8,photographer,65.0,2,True
False,,180.0,122786.87954541988,1014.8016109026289,108.0,29,36,7,14,11,325.06569999532076,rolling,custom,demo_valley,3054,54,eps=0.8,desoriented,40.0,2,True
False,,180.0,88102.60921804418,918.5969557431318,138.0,28,46,18,16,14,376.59249997886945,rolling,custom,demo_valley,3055,55,eps=0.8,desoriented,30.0,2,True
False,,180.0,108711.87537348994,978.6823719608383,123.0,28,41,13,15,14,361.16680001032364,rolling,custom,demo_valley,3056,56,eps=0.8,hiker,84.0,2,True
False,,180.0,98421.91689722647,970.070700790857,132.0,30,44,14,15,14,504.9165999953402,rolling,custom,demo_valley,3057,57,eps=0.8,hiker,89.0,2,True
False,,180.0,100305.8004375009,959.2305053142379,132.0,25,44,19,15,15,469.74650001720875,rolling,custom,demo_valley,3058,58,eps=0.8,hiker,72.0,2,True
False,,180.0,110752.70204839302,1006.3687227652929,126.0,24,42,18,14,13,289.09149999162764,rolling,custom,demo_valley,3059,59,eps=0.8,desoriented,50.0,2,True
False,,180.0,87334.964760598,928.4776291372357,141.0,29,47,18,16,14,475.8034000042244,rolling,custom,demo_valley,3060,60,eps=0.8,injured,71.0,2,True
False,,180.0,97547.89755064566,960.7420691782947,132.0,27,44,17,16,13,449.4932000125118,rolling,custom,demo_valley,3061,61,eps=0.8,desoriented,55.0,2,True
True,4.0,180.0,4068.683298050514,28.178277689280264,2.0,0,0,0,0,1,91.6601000008086,rolling,custom,demo_valley,3062,62,eps=0.8,photographer,40.0,2,True
False,,180.0,129168.90751227582,1032.6647006465223,105.0,24,35,11,15,12,374.5226000173716,rolling,custom,demo_valley,3063,63,eps=0.8,hiker,64.0,2,True
False,,180.0,128021.45034964204,1021.2946863212502,99.0,30,33,3,15,10,275.0221000005695,rolling,custom,demo_valley,3064,64,eps=0.8,injured,65.0,2,True
False,,180.0,110494.53610447311,979.9105984299835,123.0,25,41,16,15,14,256.01750000714674,rolling,custom,demo_valley,3065,65,eps=0.8,hiker,50.0,2,True
False,,180.0,97206.93089995909,951.8987050154183,129.0,20,43,23,16,14,508.30250000581145,rolling,custom,demo_valley,3066,66,eps=0.8,photographer,38.0,2,True
False,,180.0,95976.51334255017,921.6333420139788,126.0,26,42,16,17,14,416.0987999948702,rolling,custom,demo_valley,3067,67,eps=0.8,desoriented,68.0,2,True
True,86.0,180.0,40380.91055183273,451.7047863041502,72.0,21,24,3,7,8,414.40259998853435,rolling,custom,demo_valley,3068,68,eps=0.8,hiker,84.0,2,True
False,,180.0,96472.48054707049,933.1636383993473,126.0,19,42,23,17,13,592.2944000085408,rolling,custom,demo_valley,3069,69,eps=0.8,photographer,89.0,2,True
False,,180.0,96599.49039624307,924.5604262262889,126.0,17,42,25,17,13,509.4019999833108,rolling,custom,demo_valley,3070,70,eps=0.8,photographer,88.0,2,True
False,,180.0,135619.3857930962,1023.8089055255202,90.0,27,30,3,15,9,288.7168000015663,rolling,custom,demo_valley,3071,71,eps=0.8,injured,45.0,2,True
False,,180.0,142873.0431775895,1041.8449620867314,84.0,18,28,10,15,9,283.9655999905517,rolling,custom,demo_valley,3072,72,eps=0.8,hiker,32.0,2,True
False,,180.0,98853.86456168222,963.7538656803781,135.0,24,45,21,15,15,278.4251000102813,rolling,custom,demo_valley,3073,73,eps=0.8,desoriented,52.0,2,True
False,,180.0,97649.3692048684,940.9625851213975,129.0,27,43,16,17,14,379.29009999061236,rolling,custom,demo_valley,3074,74,eps=0.8,hiker,46.0,2,True
False,,180.0,143485.12478675312,1045.0741981281042,84.0,20,28,8,16,9,373.22749996928906,rolling,custom,demo_valley,3075,75,eps=0.8,hiker,62.0,2,True
False,,180.0,94893.0447567075,936.5699919917008,132.0,20,44,24,16,14,340.35780000886007,rolling,custom,demo_valley,3076,76,eps=0.8,photographer,62.0,2,True
False,,180.0,100189.33104148605,958.7849159009253,132.0,25,44,19,16,14,430.00090001078206,rolling,custom,demo_valley,3077,77,eps=0.8,hiker,47.0,2,True
False,,180.0,102493.77964125457,980.424728369903,132.0,22,44,22,15,15,307.45909998768184,rolling,custom,demo_valley,3078,78,eps=0.8,desoriented,59.0,2,True
False,,180.0,119881.71929640419,1015.0389795334127,111.0,28,37,9,15,12,289.3428000006679,rolling,custom,demo_valley,3079,79,eps=0.8,desoriented,46.0,2,True
False,,180.0,92830.14149581065,921.9829815618543,132.0,26,44,18,17,14,470.2775000005204,rolling,custom,demo_valley,3080,80,eps=0.8,hiker,84.0,2,True
False,,180.0,94708.84460399723,922.3239267540989,129.0,23,43,20,17,14,456.3376000223798,rolling,custom,demo_valley,3081,81,eps=0.8,hiker,56.0,2,True
False,,180.0,94559.78455489593,931.9660890357425,132.0,22,44,22,16,14,432.4281000026531,rolling,custom,demo_valley,3082,82,eps=0.8,hiker,61.0,2,True
True,146.0,180.0,76832.21191848656,759.261397225988,108.0,20,36,16,13,12,465.7852000054845,rolling,custom,demo_valley,3083,83,eps=0.8,desoriented,65.0,2,True
True,104.0,180.0,54629.12503096789,544.588372140925,79.0,17,26,9,9,8,406.59080000295944,rolling,custom,demo_valley,3084,84,eps=0.8,desoriented,36.0,2,True
False,,180.0,98477.93101214294,934.6653338038661,126.0,18,42,24,16,13,416.5282999911142,rolling,custom,demo_valley,3085,85,eps=0.8,photographer,40.0,2,True
False,,180.0,128718.52376460383,1029.1466213941462,102.0,26,34,8,14,10,374.76169999899867,rolling,custom,demo_valley,3086,86,eps=0.8,hiker,49.0,2,True
False,,180.0,141466.57919804438,1043.8603002048999,85.0,20,28,8,15,9,286.59980001611984,rolling,custom,demo_valley,3087,87,eps=0.8,hiker,30.0,2,True
False,,180.0,89983.84941773374,921.0981250562832,135.0,25,45,20,16,14,464.03560001272126,rolling,custom,demo_valley,3088,88,eps=0.8,desoriented,53.0,2,True
False,,180.0,124085.63454394498,1024.2073492929023,108.0,26,36,10,14,12,464.04779999102175,rolling,custom,demo_valley,3089,89,eps=0.8,desoriented,59.0,2,True
False,,180.0,98206.94684255694,946.5654063188596,132.0,28,44,16,15,13,566.8704999989131,rolling,custom,demo_valley,3090,90,eps=0.8,injured,31.0,2,True
False,,180.0,121460.34231946093,1020.3743086694708,111.0,28,37,9,14,12,460.66010001595714,rolling,custom,demo_valley,3091,91,eps=0.8,desoriented,49.0,2,True
False,,180.0,111441.30603524679,989.8101168359271,123.0,28,41,13,15,14,496.51080000148795,rolling,custom,demo_valley,3092,92,eps=0.8,hiker,41.0,2,True
False,,180.0,110057.99729333389,992.6108660938166,123.0,28,41,13,15,13,496.4686000075744,rolling,custom,demo_valley,3093,93,eps=0.8,desoriented,63.0,2,True
False,,180.0,122334.30240279683,1014.191832694951,108.0,23,36,13,15,11,391.54110001072695,rolling,custom,demo_valley,3094,94,eps=0.8,desoriented,37.0,2,True
False,,180.0,101731.85632473294,965.697493662194,132.0,33,44,11,15,15,585.8419999913167,rolling,custom,demo_valley,3095,95,eps=0.8,desoriented,37.0,2,True
False,,180.0,122081.91605232067,1005.1299215376032,105.0,23,35,12,16,11,470.78620001229865,rolling,custom,demo_valley,3096,96,eps=0.8,desoriented,57.0,2,True
False,,180.0,95416.43001627852,925.7302398520733,129.0,26,43,17,17,14,479.9741000006179,rolling,custom,demo_valley,3097,97,eps=0.8,desoriented,77.0,2,True
False,,180.0,98932.66171753618,966.6232900271016,129.0,29,43,14,15,12,293.2048999955441,rolling,custom,demo_valley,3098,98,eps=0.8,hiker,83.0,2,True
False,,180.0,93185.44967329703,921.6438970616734,132.0,27,44,17,17,14,588.8658000058058,rolling,custom,demo_valley,3099,99,eps=0.8,hiker,79.0,2,True
False,,180.0,101258.99897807342,950.3724979079693,125.0,15,41,26,17,13,397.5131999995938,rolling,custom,demo_valley,3000,0,eps=1.0,photographer,66.0,2,True
False,,180.0,91517.18538107624,897.1526948365384,126.0,32,42,10,17,13,586.0069999962434,rolling,custom,demo_valley,3001,1,eps=1.0,injured,35.0,2,True
False,,180.0,96752.73909710735,951.8071136923406,135.0,29,45,16,16,15,410.5067999953462,rolling,custom,demo_valley,3002,2,eps=1.0,hiker,61.0,2,True
False,,180.0,100092.60978584975,921.8969491792477,123.0,29,41,12,17,13,323.5651000049984,rolling,custom,demo_valley,3003,3,eps=1.0,hiker,31.0,2,True
False,,180.0,103673.54203028082,956.683470013465,124.0,17,41,24,16,13,520.864399999482,rolling,custom,demo_valley,3004,4,eps=1.0,photographer,74.0,2,True
False,,180.0,93310.05365085663,907.3736249026985,128.0,25,42,17,17,14,488.44150000695663,rolling,custom,demo_valley,3005,5,eps=1.0,desoriented,38.0,2,True
False,,180.0,93687.43421267445,925.2535265477836,132.0,30,44,14,16,14,450.5589000036707,rolling,custom,demo_valley,3006,6,eps=1.0,injured,52.0,2,True
True,89.0,180.0,48798.816028614885,473.04944002734794,67.0,17,22,5,7,7,365.1322000041546,rolling,custom,demo_valley,3007,7,eps=1.0,hiker,36.0,2,True
False,,180.0,96330.44910955234,920.9004652887321,126.0,17,42,25,17,13,551.4377999916178,rolling,custom,demo_valley,3008,8,eps=1.0,photographer,88.0,2,True
False,,180.0,91617.20167974745,915.7593754270479,132.0,29,44,15,16,14,407.66659999826516,rolling,custom,demo_valley,3009,9,eps=1.0,hiker,76.0,2,True
False,,180.0,97827.44073246777,926.7966426807288,126.0,29,42,13,16,13,489.4912999989174,rolling,custom,demo_valley,3010,10,eps=1.0,injured,50.0,2,True
False,,180.0,105893.52786845865,967.3343661399019,123.0,21,41,20,16,13,357.64740000922757,rolling,custom,demo_valley,3011,11,eps=1.0,photographer,35.0,2,True
False,,180.0,95422.83826384852,931.0497637835119,132.0,29,44,15,16,13,435.0679000199307,rolling,custom,demo_valley,3012,12,eps=1.0,hiker,60.0,2,True
False,,180.0,107573.4408391553,955.4811327317125,117.0,29,39,10,17,11,414.43070000786975,rolling,custom,demo_valley,3013,13,eps=1.0,hiker,68.0,2,True
False,,180.0,92274.45787748358,921.4625782057881,132.0,32,44,12,16,14,482.8042999961326,rolling,custom,demo_valley,3014,14,eps=1.0,hiker,58.0,2,True
False,,180.0,99591.36682749513,938.3553621917002,126.0,20,42,22,16,13,251.1499000065669,rolling,custom,demo_valley,3015,15,eps=1.0,photographer,74.0,2,True
False,,180.0,89990.17637810425,926.3337016011508,138.0,23,46,23,17,15,329.2533000076219,rolling,custom,demo_valley,3016,16,eps=1.0,desoriented,35.0,2,True
False,,180.0,88923.65293422368,920.6323506352107,138.0,30,46,16,16,14,483.37820000597276,rolling,custom,demo_valley,3017,17,eps=1.0,hiker,79.0,2,True
False,,180.0,94318.67915485552,929.4439092783074,132.0,25,44,19,16,14,534.8654000044917,rolling,custom,demo_valley,3018,18,eps=1.0,desoriented,37.0,2,True
False,,180.0,93239.53530586994,932.3606212920455,135.0,29,45,16,16,15,335.7777000092028,rolling,custom,demo_valley,3019,19,eps=1.0,hiker,90.0,2,True
False,,180.0,99990.89233466718,946.5844251251922,126.0,25,42,17,17,14,469.96999998191313,rolling,custom,demo_valley,3020,20,eps=1.0,hiker,73.0,2,True
False,,180.0,102213.71926179875,934.2100338092605,120.0,19,40,21,17,13,408.5155999928247,rolling,custom,demo_valley,3021,21,eps=1.0,photographer,74.0,2,True
False,,180.0,107465.79906253907,950.3489853191476,117.0,17,39,22,16,12,474.07440001916257,rolling,custom,demo_valley,3022,22,eps=1.0,photographer,87.0,2,True
False,,180.0,100285.35829980648,950.6619172345413,129.0,27,43,16,16,14,419.4677999948908,rolling,custom,demo_valley,3023,23,eps=1.0,hiker,60.0,2,True
True,109.0,180.0,55745.61770145374,570.1811142091778,84.0,13,27,14,9,9,351.93030002119485,rolling,custom,demo_valley,3024,24,eps=1.0,photographer,72.0,2,True
False,,180.0,99624.10845279662,941.3770276283639,126.0,15,42,27,17,13,465.70969999629597,rolling,custom,demo_valley,3025,25,eps=1.0,photographer,71.0,2,True
False,,180.0,93599.6627491595,914.2784908037344,129.0,27,43,16,17,14,476.17890001129126,rolling,custom,demo_valley,3026,26,eps=1.0,desoriented,75.0,2,True
False,,180.0,92690.39846456167,899.6615874717223,126.0,22,42,20,17,13,386.31939999868337,rolling,custom,demo_valley,3027,27,eps=1.0,desoriented,50.0,2,True
True,63.0,180.0,31832.001233689953,326.3151164926359,49.0,14,16,2,5,5,336.28130000033707,rolling,custom,demo_valley,3028,28,eps=1.0,desoriented,73.0,2,True
False,,180.0,99173.51227232802,944.5433536467992,129.0,28,43,15,16,14,294.38439999830734,rolling,custom,demo_valley,3029,29,eps=1.0,hiker,74.0,2,True
False,,180.0,93358.11727116344,935.1385817363482,135.0,28,45,17,16,15,487.58730000008654,rolling,custom,demo_valley,3030,30,eps=1.0,desoriented,62.0,2,True
False,,180.0,96914.01206492736,923.4889038525014,126.0,33,42,9,16,13,420.44630000236793,rolling,custom,demo_valley,3031,31,eps=1.0,injured,39.0,2,True
False,,180.0,90795.9246706304,930.4779831661399,138.0,26,46,20,16,15,460.22659999289317,rolling,custom,demo_valley,3032,32,eps=1.0,desoriented,55.0,2,True
False,,180.0,96252.89011171756,940.9631654939899,132.0,25,44,19,16,14,479.772700000467,rolling,custom,demo_valley,3033,33,eps=1.0,hiker,79.0,2,True
False,,180.0,94163.69004259488,917.5621207866349,129.0,24,43,19,16,14,273.61179999570595,rolling,custom,demo_valley,3034,34,eps=1.0,desoriented,89.0,2,True
False,,180.0,100541.91468651785,941.9326114798891,126.0,17,42,25,16,13,499.97500001700246,rolling,custom,demo_valley,3035,35,eps=1.0,photographer,34.0,2,True
False,,180.0,94674.16881641587,927.5798056385113,132.0,29,44,15,16,15,575.0535999941349,rolling,custom,demo_valley,3036,36,eps=1.0,hiker,51.0,2,True
False,,180.0,99833.29953226911,931.5105111251187,123.0,24,41,17,17,13,431.2007000025915,rolling,custom,demo_valley,3037,37,eps=1.0,hiker,30.0,2,True
False,,180.0,94834.03862038914,924.4464049559588,129.0,27,43,16,17,14,490.1307999898563,rolling,custom,demo_valley,3038,38,eps=1.0,hiker,63.0,2,True
False,,180.0,93654.73469041983,937.1691593012455,135.0,27,45,18,16,15,551.1014999829058,rolling,custom,demo_valley,3039,39,eps=1.0,hiker,37.0,2,True
False,,180.0,100606.74913922368,943.611093389984,126.0,26,42,16,17,14,484.54659998606076,rolling,custom,demo_valley,3040,40,eps=1.0,desoriented,68.0,2,True
True,24.0,180.0,14403.180252829841,131.98489098356976,18.0,4,6,2,1,2,238.66989999260113,rolling,custom,demo_valley,3041,41,eps=1.0,hiker,58.0,2,True
False,,180.0,90658.24446146663,929.6681818120935,138.0,23,46,23,16,15,505.5699999866192,rolling,custom,demo_valley,3042,42,eps=1.0,desoriented,58.0,2,True
False,,180.0,105142.33423286722,968.5051453891356,125.0,20,41,21,16,13,487.32280001058825,rolling,custom,demo_valley,3043,43,eps=1.0,photographer,71.0,2,True
False,,180.0,100907.33268065492,950.3323141718802,126.0,16,42,26,17,13,488.72049999044975,rolling,custom,demo_valley,3044,44,eps=1.0,photographer,89.0,2,True
False,,180.0,100349.7386722224,962.1751532377159,132.0,18,44,26,15,14,481.5531000112969,rolling,custom,demo_valley,3045,45,eps=1.0,photographer,68.0,2,True
False,,180.0,98024.03723238042,917.9459399379473,123.0,26,41,15,17,13,503.52009998641734,rolling,custom,demo_valley,3046,46,eps=1.0,hiker,61.0,2,True
False,,180.0,103533.23649764783,950.46637682045,123.0,19,41,22,17,13,477.9267000085383,rolling,custom,demo_valley,3047,47,eps=1.0,photographer,39.0,2,True
False,,180.0,100105.68002472378,954.4085991407869,129.0,31,43,12,16,14,506.5617999916867,rolling,custom,demo_valley,3048,48,eps=1.0,hiker,43.0,2,True
False,,180.0,96239.15026720086,919.5284156899643,126.0,17,42,25,17,13,584.6709000015835,rolling,custom,demo_valley,3049,49,eps=1.0,photographer,61.0,2,True
False,,180.0,98536.32750927044,923.7166896083309,126.0,31,42,11,17,13,405.2804000057222,rolling,custom,demo_valley,3050,50,eps=1.0,hiker,74.0,2,True
False,,180.0,100654.5777456717,935.7942644687712,123.0,32,41,9,16,13,469.2953999947349,rolling,custom,demo_valley,3051,51,eps=1.0,injured,56.0,2,True
False,,180.0,94247.31700098925,919.650163216299,129.0,30,43,13,17,14,539.423699996405,rolling,custom,demo_valley,3052,52,eps=1.0,hiker,75.0,2,True
False,,180.0,101694.20375176426,961.2881395333955,129.0,19,43,24,15,14,557.330900006491,rolling,custom,demo_valley,3053,53,eps=1.0,photographer,65.0,2,True
False,,180.0,90843.13062314854,930.6015848651375,138.0,23,46,23,16,15,539.6770999923319,rolling,custom,demo_valley,3054,54,eps=1.0,desoriented,40.0,2,True
False,,180.0,90836.44421634093,892.7832618377952,126.0,27,42,15,17,13,487.69029999675695,rolling,custom,demo_valley,3055,55,eps=1.0,desoriented,30.0,2,True
False,,180.0,95061.07583005531,935.4692606774317,132.0,29,44,15,16,14,475.0496999840834,rolling,custom,demo_valley,3056,56,eps=1.0,hiker,84.0,2,True
False,,180.0,95033.8274688409,923.3388454946792,129.0,28,43,15,17,13,529.5211999909952,rolling,custom,demo_valley,3057,57,eps=1.0,hiker,89.0,2,True
False,,180.0,91401.90347356956,911.6853051119236,132.0,27,44,17,16,14,451.9217000051867,rolling,custom,demo_valley,3058,58,eps=1.0,hiker,72.0,2,True
False,,180.0,93914.55446541373,935.4268662185705,135.0,24,45,21,16,14,274.5794000020396,rolling,custom,demo_valley,3059,59,eps=1.0,desoriented,50.0,2,True
False,,180.0,94922.46185076813,941.1907324392228,135.0,32,45,13,15,14,440.58670000777056,rolling,custom,demo_valley,3060,60,eps=1.0,injured,71.0,2,True
False,,180.0,93513.88219318823,913.6143523227714,129.0,27,43,16,17,14,436.2650000184658,rolling,custom,demo_valley,3061,61,eps=1.0,desoriented,55.0,2,True
True,8.0,180.0,5813.077662862556,60.4023188932914,7.0,1,1,0,0,1,100.2504999996745,rolling,custom,demo_valley,3062,62,eps=1.0,photographer,40.0,2,True
False,,180.0,99869.94415040061,951.3458753313138,129.0,30,43,13,16,14,414.3131999826437,rolling,custom,demo_valley,3063,63,eps=1.0,hiker,64.0,2,True
False,,180.0,98129.23259134367,931.4886879986897,126.0,30,42,12,16,13,393.85769999535114,rolling,custom,demo_valley,3064,64,eps=1.0,injured,65.0,2,True
False,,180.0,103394.32949274086,959.3005987727347,126.0,25,42,17,16,13,253.84929999017913,rolling,custom,demo_valley,3065,65,eps=1.0,hiker,50.0,2,True
False,,180.0,93709.73633676964,907.1108096152386,126.0,18,42,24,17,13,495.29330000405025,rolling,custom,demo_valley,3066,66,eps=1.0,photographer,38.0,2,True
False,,180.0,96487.75139881973,931.007793843007,129.0,25,43,18,16,14,447.82319998921594,rolling,custom,demo_valley,3067,67,eps=1.0,desoriented,68.0,2,True
True,52.0,180.0,27895.632953275213,276.26636987228835,39.0,10,13,3,4,4,267.74150000892405,rolling,custom,demo_valley,3068,68,eps=1.0,hiker,84.0,2,True
False,,180.0,95575.35857316223,915.6979615372172,126.0,19,42,23,17,13,630.5868999879749,rolling,custom,demo_valley,3069,69,eps=1.0,photographer,89.0,2,True
False,,180.0,102575.55249780684,966.6122379406522,129.0,19,43,24,15,13,521.2949000033404,rolling,custom,demo_valley,3070,70,eps=1.0,photographer,88.0,2,True
False,,180.0,97727.13804079032,942.1663744608902,131.0,28,43,15,15,14,395.5504999921686,rolling,custom,demo_valley,3071,71,eps=1.0,injured,45.0,2,True
False,,180.0,94507.40846581306,908.3069993158138,126.0,26,42,16,17,13,410.6828999993013,rolling,custom,demo_valley,3072,72,eps=1.0,hiker,32.0,2,True
False,,180.0,94432.07937729114,930.3716102184003,132.0,25,44,19,16,14,294.7893999880762,rolling,custom,demo_valley,3073,73,eps=1.0,desoriented,52.0,2,True
False,,180.0,99118.13675830164,928.9114650030753,126.0,27,42,15,17,12,384.3883000063215,rolling,custom,demo_valley,3074,74,eps=1.0,hiker,46.0,2,True
False,,180.0,95299.33852496582,935.9263278551578,132.0,31,44,13,16,14,492.5950000069861,rolling,custom,demo_valley,3075,75,eps=1.0,hiker,62.0,2,True
True,23.0,180.0,11235.114719580215,116.73889849378152,18.0,4,6,2,2,2,140.74470000196015,rolling,custom,demo_valley,3076,76,eps=1.0,photographer,62.0,2,True
False,,180.0,100674.81090399227,942.0540801383349,126.0,29,42,13,16,14,480.28759997396264,rolling,custom,demo_valley,3077,77,eps=1.0,hiker,47.0,2,True
False,,180.0,90574.46960708305,928.7696616426647,138.0,31,46,15,16,14,312.11189998975897,rolling,custom,demo_valley,3078,78,eps=1.0,desoriented,59.0,2,True
False,,180.0,88461.61110739133,908.4775389130418,135.0,24,45,21,17,14,413.4340999971755,rolling,custom,demo_valley,3079,79,eps=1.0,desoriented,46.0,2,True
False,,180.0,92229.21309730792,919.339145972052,132.0,26,44,18,17,14,512.8724000041984,rolling,custom,demo_valley,3080,80,eps=1.0,hiker,84.0,2,True
True,164.0,180.0,89048.4522670218,868.4759222089145,120.0,24,39,15,15,12,474.092100001144,rolling,custom,demo_valley,3081,81,eps=1.0,hiker,56.0,2,True
True,85.0,180.0,41375.841657988974,444.58154806711246,68.0,18,22,4,7,7,371.5401000026759,rolling,custom,demo_valley,3082,82,eps=1.0,hiker,61.0,2,True
False,,180.0,97582.04723015346,926.5593865169158,126.0,24,42,18,17,13,509.5382999825233,rolling,custom,demo_valley,3083,83,eps=1.0,desoriented,65.0,2,True
False,,180.0,95116.69273381023,943.6724482689383,135.0,32,45,13,16,15,524.465099997542,rolling,custom,demo_valley,3084,84,eps=1.0,desoriented,36.0,2,True
False,,180.0,106188.25364048406,981.9104626294443,126.0,20,42,22,16,13,440.8287000096607,rolling,custom,demo_valley,3085,85,eps=1.0,photographer,40.0,2,True
False,,180.0,95756.4177656087,919.4683492346137,126.0,27,42,15,17,13,507.5291999964975,rolling,custom,demo_valley,3086,86,eps=1.0,hiker,49.0,2,True
False,,180.0,100846.38598588499,951.8472761433372,129.0,29,43,14,16,14,392.3305999960576,rolling,custom,demo_valley,3087,87,eps=1.0,hiker,30.0,2,True
True,8.0,180.0,6048.501537167661,57.71353553115905,6.0,1,1,0,0,1,134.92390000101295,rolling,custom,demo_valley,3088,88,eps=1.0,desoriented,53.0,2,True
False,,180.0,93206.7900413492,922.2646491288219,132.0,26,44,18,16,14,552.8259000093385,rolling,custom,demo_valley,3089,89,eps=1.0,desoriented,59.0,2,True
False,,180.0,98179.1874405658,930.349432129834,126.0,31,42,11,17,13,519.4299999875511,rolling,custom,demo_valley,3090,90,eps=1.0,injured,31.0,2,True
False,,180.0,94528.97080867196,908.7446505200712,126.0,25,42,17,17,13,529.2378000049212,rolling,custom,demo_valley,3091,91,eps=1.0,desoriented,49.0,2,True
False,,180.0,99329.77809278795,949.6167019064117,129.0,29,43,14,16,14,517.6924999868788,rolling,custom,demo_valley,3092,92,eps=1.0,hiker,41.0,2,True
False,,180.0,93831.10583007391,934.3338088027638,135.0,27,45,18,16,14,498.7024999863934,rolling,custom,demo_valley,3093,93,eps=1.0,desoriented,63.0,2,True
False,,180.0,93923.3018119079,940.3854304146603,135.0,27,45,18,16,15,441.94980000611395,rolling,custom,demo_valley,3094,94,eps=1.0,desoriented,37.0,2,True
False,,180.0,91666.03776048191,907.088405944126,129.0,26,43,17,17,14,552.3709000117378,rolling,custom,demo_valley,3095,95,eps=1.0,desoriented,37.0,2,True
False,,180.0,95025.72588146769,913.1405217953761,126.0,27,42,15,17,13,544.6641000235104,rolling,custom,demo_valley,3096,96,eps=1.0,desoriented,57.0,2,True
False,,180.0,91904.4688089138,913.4165974052877,131.0,26,43,17,17,14,426.0297000146238,rolling,custom,demo_valley,3097,97,eps=1.0,desoriented,77.0,2,True
False,,180.0,99206.63671672581,951.5984936842856,129.0,27,43,16,16,14,348.31919998941885,rolling,custom,demo_valley,3098,98,eps=1.0,hiker,83.0,2,True
False,,180.0,97223.9996112103,935.7888498914903,129.0,28,43,15,17,14,558.6736000041128,rolling,custom,demo_valley,3099,99,eps=1.0,hiker,79.0,2,True
